원본 경로,분류,사유,대상 경로,크기(KB),수정일,처리
E:\기존 서류\황지환\평가\1. HF-046a Hanon Systems Supplier System Assessment Sheet.xlsm,09_고객대응(한온시스템),고객사(한온시스템),E:\SHINHWA\09_고객대응(한온시스템)\2024\1. HF-046a Hanon Systems Supplier System Assessment Sheet.xlsm,727,2024-06-19,이미 있음(동일)
E:\기존 서류\황지환\평가\4. 적용시점\세원ITEM 단산시점\대전한온 Item에 대한 단산 시점_210729_Ver2.xlsx,09_고객대응(한온시스템),고객사(한온시스템),E:\SHINHWA\09_고객대응(한온시스템)\2024\대전한온 Item에 대한 단산 시점_210729_Ver2.xlsx,15,2024-06-12,이미 있음(동일)
E:\기존 서류\황지환\평가\4. 적용시점\세원ITEM 단산시점\대전한온 Item에 대한 단산 시점_211202_Ver5.xlsx,09_고객대응(한온시스템),고객사(한온시스템),E:\SHINHWA\09_고객대응(한온시스템)\2024\대전한온 Item에 대한 단산 시점_211202_Ver5.xlsx,17,2024-06-12,이미 있음(동일)
E:\기존 서류\설비관리대장\4동 설비관리대장.xls,03_설비,폴더(설비관리대장),E:\SHINHWA\03_설비\2026\4동 설비관리대장.xls,31235,2026-06-10,이미 있음(동일)
E:\기존 서류\지성규 부장\금형서류\2025 정기점검 실적 금형_등급관리_수명관리_타발수_종합본.xls,03_설비,폴더(금형서류),E:\SHINHWA\03_설비\2026\2025 정기점검 실적 금형_등급관리_수명관리_타발수_종합본.xls,381,2026-06-04,이미 있음(동일)
E:\기존 서류\지성규 부장\금형서류\금형관리대장 -26년.xlsx,03_설비,폴더(금형서류),E:\SHINHWA\03_설비\2026\금형관리대장 -26년.xlsx,37790,2026-06-04,이미 있음(동일)
E:\기존 서류\황지환\금형관리대장\4반 금형관리대장.xlsx,03_설비,폴더(금형관리대장),E:\SHINHWA\03_설비\2026\4반 금형관리대장.xlsx,9015,2026-06-10,이미 있음(동일)
E:\기존 서류\황지환\금형관리대장\6반 금형관리대장.xlsx,03_설비,폴더(금형관리대장),E:\SHINHWA\03_설비\2026\6반 금형관리대장.xlsx,2232,2026-06-10,이미 있음(동일)
"E:\기존 서류\황지환\금형관리대장\벤딩,포밍금형  LAYOUT-콘덴서용접.xls",03_설비,폴더(금형관리대장),"E:\SHINHWA\03_설비\2026\벤딩,포밍금형  LAYOUT-콘덴서용접.xls",325,2026-06-10,이미 있음(동일)
"E:\기존 서류\황지환\금형점검계획\1팀 1,2동\금형관리대장 및 계획서.xlsx",03_설비,폴더(금형점검계획),E:\SHINHWA\03_설비\2026\금형관리대장 및 계획서.xlsx,6033,2026-06-10,이미 있음(동일)
"E:\기존 서류\황지환\금형점검계획\1팀 1,2동\벤딩, 포밍 금형점검계획표- 콘덴서용접 .xlsx",03_설비,폴더(금형점검계획),"E:\SHINHWA\03_설비\2026\벤딩, 포밍 금형점검계획표- 콘덴서용접 .xlsx",417,2026-06-10,이미 있음(동일)
"E:\기존 서류\황지환\설비일상점검\1팀 직수출 , 헤더\설비일상점검표\3._1팀  설비체크시트_rev.1(1) 2023.03.30 안휘.xls",03_설비,폴더(설비일상점검표),E:\SHINHWA\03_설비\2026\3._1팀  설비체크시트_rev.1(1) 2023.03.30 안휘.xls,59492,2026-06-10,이미 있음(동일)
"E:\기존 서류\황지환\설비일상점검\1팀 직수출 , 헤더\설비일상점검표\3반 설비일상점검표 HEADER PIPE.xls",03_설비,폴더(설비일상점검표),E:\SHINHWA\03_설비\2026\3반 설비일상점검표 HEADER PIPE.xls,16265,2026-06-10,이미 있음(동일)
"E:\기존 서류\황지환\설비일상점검\1팀 직수출 , 헤더\설비일상점검표\nut 가공 설비체크시트.xlsx",03_설비,폴더(설비일상점검표),E:\SHINHWA\03_설비\2026\nut 가공 설비체크시트.xlsx,2952,2026-06-10,이미 있음(동일)
"E:\기존 서류\황지환\설비일상점검\1팀 직수출 , 헤더\설비일상점검표\한상돈부장 설비일상점검표(220928)-현지어 번역 신화-231206.xlsx",03_설비,폴더(설비일상점검표),E:\SHINHWA\03_설비\2026\한상돈부장 설비일상점검표(220928)-현지어 번역 신화-231206.xlsx,2008,2026-06-10,이미 있음(동일)
E:\기존 서류\황지환\설비일상점검\4반 라인 설비일상점검표.xlsx,03_설비,폴더(설비일상점검),E:\SHINHWA\03_설비\2026\4반 라인 설비일상점검표.xlsx,3434,2026-06-10,이미 있음(동일)
E:\기존 서류\황지환\설비일상점검\설비일상점검표(231230)  콘덴셔용접-.xlsx,03_설비,폴더(설비일상점검),E:\SHINHWA\03_설비\2026\설비일상점검표(231230)  콘덴셔용접-.xlsx,7171,2026-06-10,이미 있음(동일)
E:\기존 서류\황지환\스페어 관리\스페어 관리대장\설비스페아리스트 (1).xlsx,03_설비,파일명,E:\SHINHWA\03_설비\2026\설비스페아리스트 (1).xlsx,159,2026-06-10,이미 있음(동일)
E:\기존 서류\황지환\스페어 관리\스페어 관리대장\설비스페아리스트.xlsx,03_설비,파일명,E:\SHINHWA\03_설비\2026\설비스페아리스트.xlsx,164,2026-06-10,이미 있음(동일)
E:\기존 서류\황지환\지그관리대장\4동 에바\4반 지그관리대장.xlsx,03_설비,폴더(지그관리대장),E:\SHINHWA\03_설비\2026\4반 지그관리대장.xlsx,103057,2026-06-10,이미 있음(동일)
E:\기존 서류\황지환\지그관리대장\4동 에바\6반 지그관리대장.xlsx,03_설비,폴더(지그관리대장),E:\SHINHWA\03_설비\2026\6반 지그관리대장.xlsx,75087,2026-06-10,이미 있음(동일)
E:\기존 서류\황지환\지그관리대장\4동 에바\콘덴셔용접-교정지그관리대장.xlsx,03_설비,폴더(지그관리대장),E:\SHINHWA\03_설비\2026\콘덴셔용접-교정지그관리대장.xlsx,26407,2026-06-10,이미 있음(동일)
E:\기존 서류\황지환\평가\2. 공급능력 관리(완)\1월\1월 설비 라인별 CAPA 분석.xlsx,03_설비,파일명,E:\SHINHWA\03_설비\2025\1월 설비 라인별 CAPA 분석.xlsx,235,2025-02-21,이미 있음(동일)
E:\기존 서류\황지환\평가\2. 공급능력 관리(완)\24년\10월\10월 설비 라인별 CAPA 분석.xlsx,03_설비,파일명,E:\SHINHWA\03_설비\2024\10월 설비 라인별 CAPA 분석.xlsx,145,2024-11-25,이미 있음(동일)
E:\기존 서류\황지환\평가\2. 공급능력 관리(완)\24년\11월\11월 설비 라인별 CAPA 분석.xlsx,03_설비,파일명,E:\SHINHWA\03_설비\2024\11월 설비 라인별 CAPA 분석.xlsx,147,2024-11-25,이미 있음(동일)
E:\기존 서류\황지환\평가\2. 공급능력 관리(완)\24년\12월\12월 설비 라인별 CAPA 분석.xlsx,03_설비,파일명,E:\SHINHWA\03_설비\2024\12월 설비 라인별 CAPA 분석.xlsx,145,2024-11-29,이미 있음(동일)
E:\기존 서류\황지환\평가\2. 공급능력 관리(완)\24년\1월\1월 설비 라인별 CAPA 분석.xlsx,03_설비,파일명,E:\SHINHWA\03_설비\2024\1월 설비 라인별 CAPA 분석.xlsx,126,2024-11-25,이미 있음(동일)
E:\기존 서류\황지환\평가\2. 공급능력 관리(완)\24년\2월\2월 설비 라인별 CAPA 분석.xlsx,03_설비,파일명,E:\SHINHWA\03_설비\2024\2월 설비 라인별 CAPA 분석.xlsx,126,2024-11-25,이미 있음(동일)
E:\기존 서류\황지환\평가\2. 공급능력 관리(완)\24년\3월\3월 설비 라인별 CAPA 분석.xlsx,03_설비,파일명,E:\SHINHWA\03_설비\2024\3월 설비 라인별 CAPA 분석.xlsx,126,2024-11-25,이미 있음(동일)
E:\기존 서류\황지환\평가\2. 공급능력 관리(완)\24년\4월\4월 설비 라인별 CAPA 분석.xlsx,03_설비,파일명,E:\SHINHWA\03_설비\2024\4월 설비 라인별 CAPA 분석.xlsx,132,2024-11-25,이미 있음(동일)
E:\기존 서류\황지환\평가\2. 공급능력 관리(완)\24년\5월\5월 설비 라인별 CAPA 분석.xlsx,03_설비,파일명,E:\SHINHWA\03_설비\2024\5월 설비 라인별 CAPA 분석.xlsx,132,2024-11-25,이미 있음(동일)
E:\기존 서류\황지환\평가\2. 공급능력 관리(완)\24년\6월\6월 설비 라인별 CAPA 분석.xlsx,03_설비,파일명,E:\SHINHWA\03_설비\2024\6월 설비 라인별 CAPA 분석.xlsx,127,2024-11-25,이미 있음(동일)
E:\기존 서류\황지환\평가\2. 공급능력 관리(완)\24년\7월\7월 설비 라인별 CAPA 분석.xlsx,03_설비,파일명,E:\SHINHWA\03_설비\2024\7월 설비 라인별 CAPA 분석.xlsx,130,2024-11-25,이미 있음(동일)
E:\기존 서류\황지환\평가\2. 공급능력 관리(완)\24년\9월\9월 설비 라인별 CAPA 분석.xlsx,03_설비,파일명,E:\SHINHWA\03_설비\2024\9월 설비 라인별 CAPA 분석.xlsx,140,2024-11-25,이미 있음(동일)
E:\기존 서류\황지환\평가\2. 공급능력 관리(완)\2월\2월 설비 라인별 CAPA 분석.xlsx,03_설비,파일명,E:\SHINHWA\03_설비\2025\2월 설비 라인별 CAPA 분석.xlsx,238,2025-02-21,이미 있음(동일)
E:\기존 서류\황지환\평가\2. 공급능력 관리(완)\4월\1월 설비 라인별 CAPA 분석.xlsx,03_설비,파일명,E:\SHINHWA\03_설비\2025\1월 설비 라인별 CAPA 분석.xlsx,212,2025-03-27,복사 → E:\SHINHWA\03_설비\2025\1월 설비 라인별 CAPA 분석_v2.xlsx
E:\기존 서류\황지환\평가\2. 공급능력 관리(완)\4월\4월 설비 라인별 CAPA 분석 (2).xlsx,03_설비,파일명,E:\SHINHWA\03_설비\2025\4월 설비 라인별 CAPA 분석 (2).xlsx,240,2025-03-27,이미 있음(동일)
E:\기존 서류\황지환\평가\2. 공급능력 관리(완)\4월\4월 설비 라인별 CAPA 분석.xlsx,03_설비,파일명,E:\SHINHWA\03_설비\2025\4월 설비 라인별 CAPA 분석.xlsx,212,2025-04-28,이미 있음(동일)
"E:\기존 서류\황지환\평가\2. 공급능력 관리(완)\설비, 라인별 CAPA1.xlsx",03_설비,파일명,"E:\SHINHWA\03_설비\2024\설비, 라인별 CAPA1.xlsx",140,2024-12-24,이미 있음(동일)
E:\기존 서류\황지환\평가\2. 공급능력 관리(완)\신규설비 도입 계획서_신화H&T.pptx,03_설비,파일명,E:\SHINHWA\03_설비\2024\신규설비 도입 계획서_신화H&T.pptx,787,2024-11-26,이미 있음(동일)
E:\기존 서류\황지환\평가\3. 설비종합효율 - MTTR MTBF\2023년 개선활동.xlsx,03_설비,폴더(3. 설비종합효율 - MTTR MTBF),E:\SHINHWA\03_설비\2024\2023년 개선활동.xlsx,36718,2024-11-25,이미 있음(동일)
E:\기존 서류\황지환\평가\3. 설비종합효율 - MTTR MTBF\2024년 개선활동.xlsx,03_설비,폴더(3. 설비종합효율 - MTTR MTBF),E:\SHINHWA\03_설비\2024\2024년 개선활동.xlsx,201397,2024-11-25,이미 있음(동일)
E:\기존 서류\황지환\평가\3. 설비종합효율 - MTTR MTBF\24년 설비 MTTR MTBF관리실적표분석시트.xls,03_설비,폴더(3. 설비종합효율 - MTTR MTBF),E:\SHINHWA\03_설비\2025\24년 설비 MTTR MTBF관리실적표분석시트.xls,98,2025-02-21,이미 있음(동일)
E:\기존 서류\황지환\평가\3. 설비종합효율 - MTTR MTBF\24년 설비고장수리일지.xlsx,03_설비,폴더(3. 설비종합효율 - MTTR MTBF),E:\SHINHWA\03_설비\2025\24년 설비고장수리일지.xlsx,24,2025-02-21,이미 있음(동일)
E:\기존 서류\황지환\평가\3. 설비종합효율 - MTTR MTBF\25년 설비 MTTR MTBF관리실적표분석시트.xls,03_설비,폴더(3. 설비종합효율 - MTTR MTBF),E:\SHINHWA\03_설비\2025\25년 설비 MTTR MTBF관리실적표분석시트.xls,98,2025-02-21,이미 있음(동일)
E:\기존 서류\황지환\평가\3. 설비종합효율 - MTTR MTBF\25년 설비고장수리일지.xlsx,03_설비,폴더(3. 설비종합효율 - MTTR MTBF),E:\SHINHWA\03_설비\2025\25년 설비고장수리일지.xlsx,23,2025-02-21,이미 있음(동일)
E:\기존 서류\황지환\평가\3. 설비종합효율 - MTTR MTBF\HDR ASSY LOB 보고.xlsx,03_설비,폴더(3. 설비종합효율 - MTTR MTBF),E:\SHINHWA\03_설비\2024\HDR ASSY LOB 보고.xlsx,53,2024-06-17,이미 있음(동일)
E:\기존 서류\황지환\평가\3. 설비종합효율 - MTTR MTBF\병아리\5월 설비종합효율.xlsx,03_설비,폴더(3. 설비종합효율 - MTTR MTBF),E:\SHINHWA\03_설비\2025\5월 설비종합효율.xlsx,135,2025-02-21,이미 있음(동일)
E:\기존 서류\황지환\평가\3. 설비종합효율 - MTTR MTBF\병아리\6월 설비종합효율.xlsx,03_설비,폴더(3. 설비종합효율 - MTTR MTBF),E:\SHINHWA\03_설비\2025\6월 설비종합효율.xlsx,103,2025-02-21,이미 있음(동일)
E:\기존 서류\황지환\평가\1동 창고 LAYOUT.xlsx,06_재고,파일명,E:\SHINHWA\06_재고\2025\1동 창고 LAYOUT.xlsx,101,2025-01-18,이미 있음(동일)
E:\기존 서류\황지환\평가\4. 적용시점\세원ITEM 단산시점\설변품 재고금액 요청의 건.xlsx,06_재고,파일명,E:\SHINHWA\06_재고\2024\설변품 재고금액 요청의 건.xlsx,11,2024-06-16,이미 있음(동일)
E:\기존 서류\황지환\평가\자재관리\20250331 재고관리_SUS.xlsx,06_재고,폴더(자재관리),E:\SHINHWA\06_재고\2025\20250331 재고관리_SUS.xlsx,1653,2025-04-01,이미 있음(동일)
E:\기존 서류\황지환\평가\자재관리\20250331 재고관리_세원고산.xlsx,06_재고,폴더(자재관리),E:\SHINHWA\06_재고\2025\20250331 재고관리_세원고산.xlsx,642,2025-04-28,이미 있음(동일)
E:\기존 서류\황지환\평가\자재관리\20250331 재고관리_세원고산002.xlsx,06_재고,폴더(자재관리),E:\SHINHWA\06_재고\2025\20250331 재고관리_세원고산002.xlsx,644,2025-04-01,이미 있음(동일)
E:\기존 서류\황지환\평가\자재관리\20250425 재고관리_SUS.xlsx,06_재고,폴더(자재관리),E:\SHINHWA\06_재고\2025\20250425 재고관리_SUS.xlsx,1649,2025-04-25,이미 있음(동일)
E:\기존 서류\황지환\평가\자재관리\24년\0924.xls,06_재고,폴더(자재관리),E:\SHINHWA\06_재고\2024\0924.xls,39,2024-09-25,이미 있음(동일)
E:\기존 서류\황지환\평가\자재관리\24년\10월 자재관리.xlsx,06_재고,폴더(자재관리),E:\SHINHWA\06_재고\2024\10월 자재관리.xlsx,648,2024-11-09,이미 있음(동일)
E:\기존 서류\황지환\평가\자재관리\24년\11월 자재관리.xlsx,06_재고,폴더(자재관리),E:\SHINHWA\06_재고\2024\11월 자재관리.xlsx,676,2024-11-26,이미 있음(동일)
E:\기존 서류\황지환\평가\자재관리\24년\1월 자재관리.xlsx,06_재고,폴더(자재관리),E:\SHINHWA\06_재고\2024\1월 자재관리.xlsx,621,2024-03-09,이미 있음(동일)
E:\기존 서류\황지환\평가\자재관리\24년\2024-08-30 신화 창고 기준 재고조사.xlsx,06_재고,폴더(자재관리),E:\SHINHWA\06_재고\2024\2024-08-30 신화 창고 기준 재고조사.xlsx,22,2024-09-03,이미 있음(동일)
E:\기존 서류\황지환\평가\자재관리\24년\24년 03월 사급품 재고실사.xlsx,06_재고,폴더(자재관리),E:\SHINHWA\06_재고\2024\24년 03월 사급품 재고실사.xlsx,27,2024-04-17,이미 있음(동일)
E:\기존 서류\황지환\평가\자재관리\24년\24년도 출하관리.xlsx,06_재고,폴더(자재관리),E:\SHINHWA\06_재고\2024\24년도 출하관리.xlsx,974,2024-11-26,이미 있음(동일)
E:\기존 서류\황지환\평가\자재관리\24년\2월 자재관리.xlsx,06_재고,폴더(자재관리),E:\SHINHWA\06_재고\2024\2월 자재관리.xlsx,618,2024-03-09,이미 있음(동일)
E:\기존 서류\황지환\평가\자재관리\24년\2창고 알수없음 자재.xlsx,06_재고,폴더(자재관리),E:\SHINHWA\06_재고\2024\2창고 알수없음 자재.xlsx,15,2024-04-08,이미 있음(동일)
E:\기존 서류\황지환\평가\자재관리\24년\3월 자재관리.xlsx,06_재고,폴더(자재관리),E:\SHINHWA\06_재고\2024\3월 자재관리.xlsx,627,2024-04-17,이미 있음(동일)
E:\기존 서류\황지환\평가\자재관리\24년\4월 자재관리.xlsx,06_재고,폴더(자재관리),E:\SHINHWA\06_재고\2024\4월 자재관리.xlsx,633,2024-05-12,이미 있음(동일)
E:\기존 서류\황지환\평가\자재관리\24년\5월 자재관리.xlsx,06_재고,폴더(자재관리),E:\SHINHWA\06_재고\2024\5월 자재관리.xlsx,634,2024-10-16,이미 있음(동일)
E:\기존 서류\황지환\평가\자재관리\24년\6월 자재관리.xlsx,06_재고,폴더(자재관리),E:\SHINHWA\06_재고\2024\6월 자재관리.xlsx,647,2024-10-16,이미 있음(동일)
E:\기존 서류\황지환\평가\자재관리\24년\7월 자재관리.xlsx,06_재고,폴더(자재관리),E:\SHINHWA\06_재고\2024\7월 자재관리.xlsx,649,2024-08-02,이미 있음(동일)
E:\기존 서류\황지환\평가\자재관리\24년\7월 자재관리1.xlsx,06_재고,폴더(자재관리),E:\SHINHWA\06_재고\2024\7월 자재관리1.xlsx,650,2024-08-09,이미 있음(동일)
E:\기존 서류\황지환\평가\자재관리\24년\8월 자재관리 1.xlsx,06_재고,폴더(자재관리),E:\SHINHWA\06_재고\2024\8월 자재관리 1.xlsx,641,2024-08-24,이미 있음(동일)
E:\기존 서류\황지환\평가\자재관리\24년\8월 자재관리.xlsx,06_재고,폴더(자재관리),E:\SHINHWA\06_재고\2024\8월 자재관리.xlsx,647,2024-09-03,이미 있음(동일)
E:\기존 서류\황지환\평가\자재관리\24년\9월 자재관리.xlsx,06_재고,폴더(자재관리),E:\SHINHWA\06_재고\2024\9월 자재관리.xlsx,646,2024-10-06,이미 있음(동일)
E:\기존 서류\황지환\평가\자재관리\24년\불용자재 리스트_240313.xlsx,06_재고,폴더(자재관리),E:\SHINHWA\06_재고\2024\불용자재 리스트_240313.xlsx,33,2024-03-13,이미 있음(동일)
E:\기존 서류\황지환\평가\자재관리\24년\불용자재 리스트_240402.xlsx,06_재고,폴더(자재관리),E:\SHINHWA\06_재고\2024\불용자재 리스트_240402.xlsx,36,2024-04-03,이미 있음(동일)
E:\기존 서류\황지환\평가\자재관리\24년\월 자재관리 빈거.xlsx,06_재고,폴더(자재관리),E:\SHINHWA\06_재고\2024\월 자재관리 빈거.xlsx,649,2024-09-04,이미 있음(동일)
E:\기존 서류\황지환\평가\자재관리\24년\출하지시서.xlsx,06_재고,폴더(자재관리),E:\SHINHWA\06_재고\2024\출하지시서.xlsx,12,2024-06-02,이미 있음(동일)
E:\기존 서류\황지환\평가\자재관리\24년\후성 수술부 이재황작성 8월재고.xlsx,06_재고,폴더(자재관리),E:\SHINHWA\06_재고\2024\후성 수술부 이재황작성 8월재고.xlsx,139,2024-09-03,이미 있음(동일)
E:\기존 서류\황지환\평가\자재관리\용접 PIPE 이관 자재 LIST_Rev1_250421.xlsx,06_재고,폴더(자재관리),E:\SHINHWA\06_재고\2025\용접 PIPE 이관 자재 LIST_Rev1_250421.xlsx,24,2025-04-21,이미 있음(동일)
E:\기존 서류\황지환\평가\자재사무실.xlsx,06_재고,파일명,E:\SHINHWA\06_재고\2024\자재사무실.xlsx,46,2024-11-18,이미 있음(동일)
E:\기존 서류\황지환\평가\자재창고 LAYOUT 빵.xlsx,06_재고,파일명,E:\SHINHWA\06_재고\2025\자재창고 LAYOUT 빵.xlsx,93,2025-01-08,이미 있음(동일)
E:\기존 서류\황지환\평가\자재창고 LAYOUT.xlsx,06_재고,파일명,E:\SHINHWA\06_재고\2024\자재창고 LAYOUT.xlsx,86,2024-07-17,이미 있음(동일)
E:\기존 서류\황지환\평가\창고 기준서.xlsx,06_재고,파일명,E:\SHINHWA\06_재고\2024\창고 기준서.xlsx,68026,2024-07-03,이미 있음(동일)
E:\기존 서류\황지환\평가\창고 기준서2.xlsx,06_재고,파일명,E:\SHINHWA\06_재고\2024\창고 기준서2.xlsx,67848,2024-07-17,이미 있음(동일)
E:\기존 서류\황지환\평가\창고 순번 태크.xlsx,06_재고,파일명,E:\SHINHWA\06_재고\2024\창고 순번 태크.xlsx,14,2024-12-12,이미 있음(동일)
"E:\기존 서류\설비관리대장\1팀 직수출,헤더\3반 금형관리대장.xlsx",05_생산,"폴더(1팀 직수출,헤더)",E:\SHINHWA\05_생산\2026\3반 금형관리대장.xlsx,12023,2026-06-10,이미 있음(동일)
"E:\기존 서류\설비관리대장\1팀 직수출,헤더\설비이력 1팀 (5).xls",05_생산,"폴더(1팀 직수출,헤더)",E:\SHINHWA\05_생산\2026\설비이력 1팀 (5).xls,52329,2026-06-10,이미 있음(동일)
"E:\기존 서류\설비관리대장\1팀 직수출,헤더\설비이력 1팀.xls",05_생산,"폴더(1팀 직수출,헤더)",E:\SHINHWA\05_생산\2026\설비이력 1팀.xls,52051,2026-06-10,이미 있음(동일)
"E:\기존 서류\이광재 부장 서류\기존서류 2\자재,출하 관리(1)\완성품 출하 PROCESS1 (1).xlsx",05_생산,파일명,E:\SHINHWA\05_생산\2026\완성품 출하 PROCESS1 (1).xlsx,3838,2026-06-10,이미 있음(동일)
"E:\기존 서류\이광재 부장 서류\기존서류 2\자재,출하 관리\완성품 출하 PROCESS1 (1).xlsx",05_생산,파일명,E:\SHINHWA\05_생산\2026\완성품 출하 PROCESS1 (1).xlsx,3838,2026-06-10,이미 있음(동일)
E:\기존 서류\이광재 부장 서류\기존서류 2\출하(1)\23년크래임관리대장(고객사).XLS,05_생산,폴더(출하(1)),E:\SHINHWA\05_생산\2026\23년크래임관리대장(고객사).XLS,120,2026-06-10,이미 있음(동일)
E:\기존 서류\이광재 부장 서류\기존서류 2\출하(1)\24년크래임관리대장(고객사).XLS,05_생산,폴더(출하(1)),E:\SHINHWA\05_생산\2026\24년크래임관리대장(고객사).XLS,120,2026-06-10,이미 있음(동일)
E:\기존 서류\이광재 부장 서류\기존서류 2\출하(1)\HEADER ASSY\P11_AA_831 231226.pdf,05_생산,폴더(출하(1)),E:\SHINHWA\05_생산\2026\P11_AA_831 231226.pdf,115,2026-06-10,이미 있음(동일)
E:\기존 서류\이광재 부장 서류\기존서류 2\출하(1)\HEADER ASSY\SC 830 HC830YTHAA-04(오링)231206.pdf,05_생산,폴더(출하(1)),E:\SHINHWA\05_생산\2026\SC 830 HC830YTHAA-04(오링)231206.pdf,112,2026-06-10,이미 있음(동일)
E:\기존 서류\이광재 부장 서류\기존서류 2\출하(1)\HEADER ASSY\SC 830 HC830YTHAA-04(오링)231221.pdf,05_생산,폴더(출하(1)),E:\SHINHWA\05_생산\2026\SC 830 HC830YTHAA-04(오링)231221.pdf,112,2026-06-10,이미 있음(동일)
E:\기존 서류\이광재 부장 서류\기존서류 2\출하(1)\HEADER ASSY\SC 830 HC830YTHAA-04(오링)231226.pdf,05_생산,폴더(출하(1)),E:\SHINHWA\05_생산\2026\SC 830 HC830YTHAA-04(오링)231226.pdf,112,2026-06-10,이미 있음(동일)
E:\기존 서류\이광재 부장 서류\기존서류 2\출하(1)\HEADER ASSY\SC 831 PTHAA-02 231205.pdf,05_생산,폴더(출하(1)),E:\SHINHWA\05_생산\2026\SC 831 PTHAA-02 231205.pdf,111,2026-06-10,이미 있음(동일)
E:\기존 서류\이광재 부장 서류\기존서류 2\출하(1)\HEADER ASSY\SC 831 PTHAA-02 231212.pdf,05_생산,폴더(출하(1)),E:\SHINHWA\05_생산\2026\SC 831 PTHAA-02 231212.pdf,111,2026-06-10,이미 있음(동일)
E:\기존 서류\이광재 부장 서류\기존서류 2\출하(1)\HEADER ASSY\SC 831 PTHAA-02 231221.pdf,05_생산,폴더(출하(1)),E:\SHINHWA\05_생산\2026\SC 831 PTHAA-02 231221.pdf,111,2026-06-10,이미 있음(동일)
E:\기존 서류\이광재 부장 서류\기존서류 2\출하(1)\HEADER ASSY\SC 831 PTHAA-02 231226.pdf,05_생산,폴더(출하(1)),E:\SHINHWA\05_생산\2026\SC 831 PTHAA-02 231226.pdf,111,2026-06-10,이미 있음(동일)
E:\기존 서류\이광재 부장 서류\기존서류 2\출하(1)\HEADER ASSY\U502 GTDI BA 831 231226.pdf,05_생산,폴더(출하(1)),E:\SHINHWA\05_생산\2026\U502 GTDI BA 831 231226.pdf,116,2026-06-10,이미 있음(동일)
E:\기존 서류\이광재 부장 서류\기존서류 2\출하(1)\수출용 성적서\(A2XX HTR IN) 검사성적서_HH260AA 231205.pdf,05_생산,폴더(출하(1)),E:\SHINHWA\05_생산\2026\(A2XX HTR IN) 검사성적서_HH260AA 231205.pdf,203,2026-06-10,이미 있음(동일)
E:\기존 서류\이광재 부장 서류\기존서류 2\출하(1)\수출용 성적서\(P702) 검사성적서_HL133G3SAA (2)231212.pdf,05_생산,폴더(출하(1)),E:\SHINHWA\05_생산\2026\(P702) 검사성적서_HL133G3SAA (2)231212.pdf,192,2026-06-10,이미 있음(동일)
E:\기존 서류\이광재 부장 서류\기존서류 2\출하(1)\수출용 성적서\(T1XX IN) 검사성적서_HH260C6ZAA 231205.pdf,05_생산,폴더(출하(1)),E:\SHINHWA\05_생산\2026\(T1XX IN) 검사성적서_HH260C6ZAA 231205.pdf,221,2026-06-10,이미 있음(동일)
E:\기존 서류\이광재 부장 서류\기존서류 2\출하(1)\수출용 성적서\(T1XX OUT) 검사성적서_HH261C6ZAA 231205.pdf,05_생산,폴더(출하(1)),E:\SHINHWA\05_생산\2026\(T1XX OUT) 검사성적서_HH261C6ZAA 231205.pdf,194,2026-06-10,이미 있음(동일)
"E:\기존 서류\이광재 부장 서류\기존서류 2\출하(1)\자재,출하 관리\매입&매출관리\2023년 매입&매출 실적관리.xlsx",05_생산,폴더(출하(1)),E:\SHINHWA\05_생산\2026\2023년 매입&매출 실적관리.xlsx,95,2026-06-10,이미 있음(동일)
"E:\기존 서류\이광재 부장 서류\기존서류 2\출하(1)\자재,출하 관리\매입&매출관리\2023년 매출현황.xlsx",05_생산,폴더(출하(1)),E:\SHINHWA\05_생산\2026\2023년 매출현황.xlsx,291,2026-06-10,이미 있음(동일)
"E:\기존 서류\이광재 부장 서류\기존서류 2\출하(1)\자재,출하 관리\매입&매출관리\2024년 1월 매입&매출 자료.xlsx",05_생산,폴더(출하(1)),E:\SHINHWA\05_생산\2026\2024년 1월 매입&매출 자료.xlsx,79,2026-06-10,이미 있음(동일)
"E:\기존 서류\이광재 부장 서류\기존서류 2\출하(1)\자재,출하 관리\매입&매출관리\2024년 매입매출 현황.xlsx",05_생산,폴더(출하(1)),E:\SHINHWA\05_생산\2026\2024년 매입매출 현황.xlsx,78,2026-06-10,이미 있음(동일)
"E:\기존 서류\이광재 부장 서류\기존서류 2\출하(1)\자재,출하 관리\매입&매출관리\2024년 매출현황.xlsx",05_생산,폴더(출하(1)),E:\SHINHWA\05_생산\2026\2024년 매출현황.xlsx,291,2026-06-10,이미 있음(동일)
"E:\기존 서류\이광재 부장 서류\기존서류 2\출하(1)\자재,출하 관리\완성품 출하 PROCESS1 (1).xlsx",05_생산,폴더(출하(1)),E:\SHINHWA\05_생산\2026\완성품 출하 PROCESS1 (1).xlsx,3838,2026-06-10,이미 있음(동일)
"E:\기존 서류\이광재 부장 서류\기존서류 2\출하(1)\자재,출하 관리\출검검사기준서2 (1).xlsx",05_생산,폴더(출하(1)),E:\SHINHWA\05_생산\2026\출검검사기준서2 (1).xlsx,75,2026-06-10,이미 있음(동일)
"E:\기존 서류\이광재 부장 서류\기존서류 2\출하(1)\자재,출하 관리\출하검사 기준서 1 (1).xlsx",05_생산,폴더(출하(1)),E:\SHINHWA\05_생산\2026\출하검사 기준서 1 (1).xlsx,1294,2026-06-10,이미 있음(동일)
"E:\기존 서류\이광재 부장 서류\기존서류 2\출하(1)\자재,출하 관리\출하검사기준서(상무님) (1).xls",05_생산,폴더(출하(1)),E:\SHINHWA\05_생산\2026\출하검사기준서(상무님) (1).xls,229,2026-06-10,이미 있음(동일)
E:\기존 서류\이광재 부장 서류\기존서류 2\출하(1)\품질관리 납품 현황(23년).xlsx,05_생산,폴더(출하(1)),E:\SHINHWA\05_생산\2026\품질관리 납품 현황(23년).xlsx,218,2026-06-10,이미 있음(동일)
E:\기존 서류\이광재 부장 서류\기존서류 2\출하(1)\품질관리 납품 현황(24년).xlsx,05_생산,폴더(출하(1)),E:\SHINHWA\05_생산\2026\품질관리 납품 현황(24년).xlsx,104,2026-06-10,이미 있음(동일)
E:\기존 서류\이광재 부장 서류\기존서류 2\출하\23년크래임관리대장(고객사).XLS,05_생산,폴더(출하),E:\SHINHWA\05_생산\2026\23년크래임관리대장(고객사).XLS,120,2026-06-10,이미 있음(동일)
E:\기존 서류\이광재 부장 서류\기존서류 2\출하\24년크래임관리대장(고객사).XLS,05_생산,폴더(출하),E:\SHINHWA\05_생산\2026\24년크래임관리대장(고객사).XLS,120,2026-06-10,이미 있음(동일)
E:\기존 서류\이광재 부장 서류\기존서류 2\출하\HEADER ASSY\P11_AA_831 231226.pdf,05_생산,폴더(출하),E:\SHINHWA\05_생산\2026\P11_AA_831 231226.pdf,115,2026-06-10,이미 있음(동일)
E:\기존 서류\이광재 부장 서류\기존서류 2\출하\HEADER ASSY\SC 830 HC830YTHAA-04(오링)231206.pdf,05_생산,폴더(출하),E:\SHINHWA\05_생산\2026\SC 830 HC830YTHAA-04(오링)231206.pdf,112,2026-06-10,이미 있음(동일)
E:\기존 서류\이광재 부장 서류\기존서류 2\출하\HEADER ASSY\SC 830 HC830YTHAA-04(오링)231221.pdf,05_생산,폴더(출하),E:\SHINHWA\05_생산\2026\SC 830 HC830YTHAA-04(오링)231221.pdf,112,2026-06-10,이미 있음(동일)
E:\기존 서류\이광재 부장 서류\기존서류 2\출하\HEADER ASSY\SC 830 HC830YTHAA-04(오링)231226.pdf,05_생산,폴더(출하),E:\SHINHWA\05_생산\2026\SC 830 HC830YTHAA-04(오링)231226.pdf,112,2026-06-10,이미 있음(동일)
E:\기존 서류\이광재 부장 서류\기존서류 2\출하\HEADER ASSY\SC 831 PTHAA-02 231205.pdf,05_생산,폴더(출하),E:\SHINHWA\05_생산\2026\SC 831 PTHAA-02 231205.pdf,111,2026-06-10,이미 있음(동일)
E:\기존 서류\이광재 부장 서류\기존서류 2\출하\HEADER ASSY\SC 831 PTHAA-02 231212.pdf,05_생산,폴더(출하),E:\SHINHWA\05_생산\2026\SC 831 PTHAA-02 231212.pdf,111,2026-06-10,이미 있음(동일)
E:\기존 서류\이광재 부장 서류\기존서류 2\출하\HEADER ASSY\SC 831 PTHAA-02 231221.pdf,05_생산,폴더(출하),E:\SHINHWA\05_생산\2026\SC 831 PTHAA-02 231221.pdf,111,2026-06-10,이미 있음(동일)
E:\기존 서류\이광재 부장 서류\기존서류 2\출하\HEADER ASSY\SC 831 PTHAA-02 231226.pdf,05_생산,폴더(출하),E:\SHINHWA\05_생산\2026\SC 831 PTHAA-02 231226.pdf,111,2026-06-10,이미 있음(동일)
E:\기존 서류\이광재 부장 서류\기존서류 2\출하\HEADER ASSY\U502 GTDI BA 831 231226.pdf,05_생산,폴더(출하),E:\SHINHWA\05_생산\2026\U502 GTDI BA 831 231226.pdf,116,2026-06-10,이미 있음(동일)
E:\기존 서류\이광재 부장 서류\기존서류 2\출하\수출용 성적서\(A2XX HTR IN) 검사성적서_HH260AA 231205.pdf,05_생산,폴더(출하),E:\SHINHWA\05_생산\2026\(A2XX HTR IN) 검사성적서_HH260AA 231205.pdf,203,2026-06-10,이미 있음(동일)
E:\기존 서류\이광재 부장 서류\기존서류 2\출하\수출용 성적서\(P702) 검사성적서_HL133G3SAA (2)231212.pdf,05_생산,폴더(출하),E:\SHINHWA\05_생산\2026\(P702) 검사성적서_HL133G3SAA (2)231212.pdf,192,2026-06-10,이미 있음(동일)
E:\기존 서류\이광재 부장 서류\기존서류 2\출하\수출용 성적서\(T1XX IN) 검사성적서_HH260C6ZAA 231205.pdf,05_생산,폴더(출하),E:\SHINHWA\05_생산\2026\(T1XX IN) 검사성적서_HH260C6ZAA 231205.pdf,221,2026-06-10,이미 있음(동일)
E:\기존 서류\이광재 부장 서류\기존서류 2\출하\수출용 성적서\(T1XX OUT) 검사성적서_HH261C6ZAA 231205.pdf,05_생산,폴더(출하),E:\SHINHWA\05_생산\2026\(T1XX OUT) 검사성적서_HH261C6ZAA 231205.pdf,194,2026-06-10,이미 있음(동일)
"E:\기존 서류\이광재 부장 서류\기존서류 2\출하\자재,출하 관리\매입&매출관리\2023년 매입&매출 실적관리.xlsx",05_생산,폴더(출하),E:\SHINHWA\05_생산\2026\2023년 매입&매출 실적관리.xlsx,95,2026-06-10,이미 있음(동일)
"E:\기존 서류\이광재 부장 서류\기존서류 2\출하\자재,출하 관리\매입&매출관리\2023년 매출현황.xlsx",05_생산,폴더(출하),E:\SHINHWA\05_생산\2026\2023년 매출현황.xlsx,291,2026-06-10,이미 있음(동일)
"E:\기존 서류\이광재 부장 서류\기존서류 2\출하\자재,출하 관리\매입&매출관리\2024년 1월 매입&매출 자료.xlsx",05_생산,폴더(출하),E:\SHINHWA\05_생산\2026\2024년 1월 매입&매출 자료.xlsx,79,2026-06-10,이미 있음(동일)
"E:\기존 서류\이광재 부장 서류\기존서류 2\출하\자재,출하 관리\매입&매출관리\2024년 매입매출 현황.xlsx",05_생산,폴더(출하),E:\SHINHWA\05_생산\2026\2024년 매입매출 현황.xlsx,78,2026-06-10,이미 있음(동일)
"E:\기존 서류\이광재 부장 서류\기존서류 2\출하\자재,출하 관리\매입&매출관리\2024년 매출현황.xlsx",05_생산,폴더(출하),E:\SHINHWA\05_생산\2026\2024년 매출현황.xlsx,291,2026-06-10,이미 있음(동일)
"E:\기존 서류\이광재 부장 서류\기존서류 2\출하\자재,출하 관리\완성품 출하 PROCESS1 (1).xlsx",05_생산,폴더(출하),E:\SHINHWA\05_생산\2026\완성품 출하 PROCESS1 (1).xlsx,3838,2026-06-10,이미 있음(동일)
"E:\기존 서류\이광재 부장 서류\기존서류 2\출하\자재,출하 관리\출검검사기준서2 (1).xlsx",05_생산,폴더(출하),E:\SHINHWA\05_생산\2026\출검검사기준서2 (1).xlsx,75,2026-06-10,이미 있음(동일)
"E:\기존 서류\이광재 부장 서류\기존서류 2\출하\자재,출하 관리\출하검사 기준서 1 (1).xlsx",05_생산,폴더(출하),E:\SHINHWA\05_생산\2026\출하검사 기준서 1 (1).xlsx,1294,2026-06-10,이미 있음(동일)
"E:\기존 서류\이광재 부장 서류\기존서류 2\출하\자재,출하 관리\출하검사기준서(상무님) (1).xls",05_생산,폴더(출하),E:\SHINHWA\05_생산\2026\출하검사기준서(상무님) (1).xls,229,2026-06-10,이미 있음(동일)
E:\기존 서류\이광재 부장 서류\기존서류 2\출하\품질관리 납품 현황(23년).xlsx,05_생산,폴더(출하),E:\SHINHWA\05_생산\2026\품질관리 납품 현황(23년).xlsx,218,2026-06-10,이미 있음(동일)
E:\기존 서류\이광재 부장 서류\기존서류 2\출하\품질관리 납품 현황(24년).xlsx,05_생산,폴더(출하),E:\SHINHWA\05_생산\2026\품질관리 납품 현황(24년).xlsx,104,2026-06-10,이미 있음(동일)
"E:\기존 서류\이광재 부장 서류\기존서류 2\협정서,기준서,관리계획서,FMEA(1)\배기&수출\2. 초도품보증서_2472009XA.xls",05_생산,폴더(배기&수출),E:\SHINHWA\05_생산\2026\2. 초도품보증서_2472009XA.xls,2724,2026-06-10,이미 있음(동일)
"E:\기존 서류\이광재 부장 서류\기존서류 2\협정서,기준서,관리계획서,FMEA(1)\배기&수출\4. 검사성적서-2472009XA.xls",05_생산,폴더(배기&수출),E:\SHINHWA\05_생산\2026\4. 검사성적서-2472009XA.xls,3917,2026-06-10,이미 있음(동일)
"E:\기존 서류\이광재 부장 서류\기존서류 2\협정서,기준서,관리계획서,FMEA(1)\배기&수출\5. 1142004206007A_PIPE-EGR(180816-성적서).xls",05_생산,폴더(배기&수출),E:\SHINHWA\05_생산\2026\5. 1142004206007A_PIPE-EGR(180816-성적서).xls,63895,2026-06-10,이미 있음(동일)
"E:\기존 서류\이광재 부장 서류\기존서류 2\협정서,기준서,관리계획서,FMEA(1)\배기&수출\MQ4 REAR\00. 표지.xls",05_생산,폴더(배기&수출),E:\SHINHWA\05_생산\2026\00. 표지.xls,4466,2026-06-10,이미 있음(동일)
"E:\기존 서류\이광재 부장 서류\기존서류 2\협정서,기준서,관리계획서,FMEA(1)\배기&수출\MQ4 REAR\1. 검사협정서_2638409XF.xls",05_생산,폴더(배기&수출),E:\SHINHWA\05_생산\2026\1. 검사협정서_2638409XF.xls,3410,2026-06-10,이미 있음(동일)
"E:\기존 서류\이광재 부장 서류\기존서류 2\협정서,기준서,관리계획서,FMEA(1)\배기&수출\MQ4 REAR\2. 검사기준서_2638409XF.xls",05_생산,폴더(배기&수출),E:\SHINHWA\05_생산\2026\2. 검사기준서_2638409XF.xls,5524,2026-06-10,이미 있음(동일)
"E:\기존 서류\이광재 부장 서류\기존서류 2\협정서,기준서,관리계획서,FMEA(1)\배기&수출\MQ4 REAR\3. 초도품보증서_2638409XF.xls",05_생산,폴더(배기&수출),E:\SHINHWA\05_생산\2026\3. 초도품보증서_2638409XF.xls,2802,2026-06-10,이미 있음(동일)
"E:\기존 서류\이광재 부장 서류\기존서류 2\협정서,기준서,관리계획서,FMEA(1)\배기&수출\MQ4 REAR\4. 검사성적서-2638409XF.xls",05_생산,폴더(배기&수출),E:\SHINHWA\05_생산\2026\4. 검사성적서-2638409XF.xls,3898,2026-06-10,이미 있음(동일)
"E:\기존 서류\이광재 부장 서류\기존서류 2\협정서,기준서,관리계획서,FMEA(1)\배기&수출\MQ4 REAR\8. PFMEA-2638409XF.xls",05_생산,폴더(배기&수출),E:\SHINHWA\05_생산\2026\8. PFMEA-2638409XF.xls,1872,2026-06-10,이미 있음(동일)
"E:\기존 서류\이광재 부장 서류\기존서류 2\협정서,기준서,관리계획서,FMEA(1)\배기&수출\MQ4 REAR\9. 관리계획서-2638409XF.xls",05_생산,폴더(배기&수출),E:\SHINHWA\05_생산\2026\9. 관리계획서-2638409XF.xls,4051,2026-06-10,이미 있음(동일)
"E:\기존 서류\이광재 부장 서류\기존서류 2\협정서,기준서,관리계획서,FMEA(1)\배기&수출\MQ4 REAR\검사기준서.pdf",05_생산,폴더(배기&수출),E:\SHINHWA\05_생산\2026\검사기준서.pdf,837,2026-06-10,이미 있음(동일)
"E:\기존 서류\이광재 부장 서류\기존서류 2\협정서,기준서,관리계획서,FMEA(1)\배기&수출\MQ4 REAR\검사성적서.pdf",05_생산,폴더(배기&수출),E:\SHINHWA\05_생산\2026\검사성적서.pdf,847,2026-06-10,이미 있음(동일)
"E:\기존 서류\이광재 부장 서류\기존서류 2\협정서,기준서,관리계획서,FMEA(1)\배기&수출\MQ4 REAR\검사협정서.pdf",05_생산,폴더(배기&수출),E:\SHINHWA\05_생산\2026\검사협정서.pdf,885,2026-06-10,이미 있음(동일)
"E:\기존 서류\이광재 부장 서류\기존서류 2\협정서,기준서,관리계획서,FMEA(1)\배기&수출\MQ4 REAR\공정FMEA.pdf",05_생산,폴더(배기&수출),E:\SHINHWA\05_생산\2026\공정FMEA.pdf,1628,2026-06-10,이미 있음(동일)
"E:\기존 서류\이광재 부장 서류\기존서류 2\협정서,기준서,관리계획서,FMEA(1)\배기&수출\MQ4 REAR\관리계획서.pdf",05_생산,폴더(배기&수출),E:\SHINHWA\05_생산\2026\관리계획서.pdf,1807,2026-06-10,이미 있음(동일)
"E:\기존 서류\이광재 부장 서류\기존서류 2\협정서,기준서,관리계획서,FMEA(1)\배기&수출\MQ4 REAR\도면_28998-2r000_pipe_diff_rr.pdf",05_생산,폴더(배기&수출),E:\SHINHWA\05_생산\2026\도면_28998-2r000_pipe_diff_rr.pdf,1939,2026-06-10,이미 있음(동일)
"E:\기존 서류\이광재 부장 서류\기존서류 2\협정서,기준서,관리계획서,FMEA(1)\배기&수출\MQ4 REAR\변경사유서.pdf",05_생산,폴더(배기&수출),E:\SHINHWA\05_생산\2026\변경사유서.pdf,1050,2026-06-10,이미 있음(동일)
"E:\기존 서류\이광재 부장 서류\기존서류 2\협정서,기준서,관리계획서,FMEA(1)\배기&수출\MQ4 REAR\용접품질성적서.pdf",05_생산,폴더(배기&수출),E:\SHINHWA\05_생산\2026\용접품질성적서.pdf,350,2026-06-10,이미 있음(동일)
"E:\기존 서류\이광재 부장 서류\기존서류 2\협정서,기준서,관리계획서,FMEA(1)\배기&수출\MQ4 REAR\재질성적서및 중금속성적서.pdf",05_생산,폴더(배기&수출),E:\SHINHWA\05_생산\2026\재질성적서및 중금속성적서.pdf,5656,2026-06-10,이미 있음(동일)
"E:\기존 서류\이광재 부장 서류\기존서류 2\협정서,기준서,관리계획서,FMEA(1)\배기&수출\MQ4 REAR\초도품 보증서.pdf",05_생산,폴더(배기&수출),E:\SHINHWA\05_생산\2026\초도품 보증서.pdf,460,2026-06-10,이미 있음(동일)
"E:\기존 서류\이광재 부장 서류\기존서류 2\협정서,기준서,관리계획서,FMEA(1)\배기&수출\NUI\1. 검사협정서_2472009XA.xls",05_생산,폴더(배기&수출),E:\SHINHWA\05_생산\2026\1. 검사협정서_2472009XA.xls,3364,2026-06-10,이미 있음(동일)
"E:\기존 서류\이광재 부장 서류\기존서류 2\협정서,기준서,관리계획서,FMEA(1)\배기&수출\NUI\3. 검사기준서_2472009XA.xls",05_생산,폴더(배기&수출),E:\SHINHWA\05_생산\2026\3. 검사기준서_2472009XA.xls,4927,2026-06-10,이미 있음(동일)
"E:\기존 서류\이광재 부장 서류\기존서류 2\협정서,기준서,관리계획서,FMEA(1)\배기&수출\NUI\8. PFMEA_2472009XA.xls",05_생산,폴더(배기&수출),E:\SHINHWA\05_생산\2026\8. PFMEA_2472009XA.xls,1437,2026-06-10,이미 있음(동일)
"E:\기존 서류\이광재 부장 서류\기존서류 2\협정서,기준서,관리계획서,FMEA(1)\배기&수출\NUI\9. 관리계획서_2472009XA.xls",05_생산,폴더(배기&수출),E:\SHINHWA\05_생산\2026\9. 관리계획서_2472009XA.xls,3600,2026-06-10,이미 있음(동일)
"E:\기존 서류\이광재 부장 서류\기존서류 2\협정서,기준서,관리계획서,FMEA(1)\배기&수출\NUI\협정서 기준서 양식(HPS).pptx",05_생산,폴더(배기&수출),E:\SHINHWA\05_생산\2026\협정서 기준서 양식(HPS).pptx,423,2026-06-10,이미 있음(동일)
"E:\기존 서류\이광재 부장 서류\기존서류 2\협정서,기준서,관리계획서,FMEA(1)\배기&수출\SU2B\(신양식)SU2B ISIR.xls",05_생산,폴더(배기&수출),E:\SHINHWA\05_생산\2026\(신양식)SU2B ISIR.xls,1346,2026-06-10,이미 있음(동일)
"E:\기존 서류\이광재 부장 서류\기존서류 2\협정서,기준서,관리계획서,FMEA(1)\배기&수출\TIXX\HTR-INT\0. 표지& LIST-HH260.xls",05_생산,폴더(배기&수출),E:\SHINHWA\05_생산\2026\0. 표지& LIST-HH260.xls,3430,2026-06-10,이미 있음(동일)
"E:\기존 서류\이광재 부장 서류\기존서류 2\협정서,기준서,관리계획서,FMEA(1)\배기&수출\TIXX\HTR-INT\1. PLHH260C6ZAA\260-1.jpg",05_생산,폴더(배기&수출),E:\SHINHWA\05_생산\2026\260-1.jpg,468,2026-06-10,이미 있음(동일)
"E:\기존 서류\이광재 부장 서류\기존서류 2\협정서,기준서,관리계획서,FMEA(1)\배기&수출\TIXX\HTR-INT\1. PLHH260C6ZAA\260-2.jpg",05_생산,폴더(배기&수출),E:\SHINHWA\05_생산\2026\260-2.jpg,956,2026-06-10,이미 있음(동일)
"E:\기존 서류\이광재 부장 서류\기존서류 2\협정서,기준서,관리계획서,FMEA(1)\배기&수출\TIXX\HTR-INT\1. PLHH260C6ZAA\9. 검사성적서_HH260C6ZAA.xlsx",05_생산,폴더(배기&수출),E:\SHINHWA\05_생산\2026\9. 검사성적서_HH260C6ZAA.xlsx,305,2026-06-10,이미 있음(동일)
"E:\기존 서류\이광재 부장 서류\기존서류 2\협정서,기준서,관리계획서,FMEA(1)\배기&수출\TIXX\HTR-INT\1. PLHH260C6ZAA\CP-PLHH260C6ZAA.DWG_003-복사.pdf",05_생산,폴더(배기&수출),E:\SHINHWA\05_생산\2026\CP-PLHH260C6ZAA.DWG_003-복사.pdf,121,2026-06-10,이미 있음(동일)
"E:\기존 서류\이광재 부장 서류\기존서류 2\협정서,기준서,관리계획서,FMEA(1)\배기&수출\TIXX\HTR-INT\1. PLHH260C6ZAA\CP-PLHH260C6ZAA.jpg",05_생산,폴더(배기&수출),E:\SHINHWA\05_생산\2026\CP-PLHH260C6ZAA.jpg,6217,2026-06-10,이미 있음(동일)
"E:\기존 서류\이광재 부장 서류\기존서류 2\협정서,기준서,관리계획서,FMEA(1)\배기&수출\TIXX\HTR-INT\1. 양산초도품보증서_HH260.xlsx",05_생산,폴더(배기&수출),E:\SHINHWA\05_생산\2026\1. 양산초도품보증서_HH260.xlsx,216,2026-06-10,이미 있음(동일)
"E:\기존 서류\이광재 부장 서류\기존서류 2\협정서,기준서,관리계획서,FMEA(1)\배기&수출\TIXX\HTR-INT\10. 계측기현황.xls",05_생산,폴더(배기&수출),E:\SHINHWA\05_생산\2026\10. 계측기현황.xls,2641,2026-06-10,이미 있음(동일)
"E:\기존 서류\이광재 부장 서류\기존서류 2\협정서,기준서,관리계획서,FMEA(1)\배기&수출\TIXX\HTR-INT\11-1. AL3003-17_1.24재질성적서.pdf",05_생산,폴더(배기&수출),E:\SHINHWA\05_생산\2026\11-1. AL3003-17_1.24재질성적서.pdf,376,2026-06-10,이미 있음(동일)
"E:\기존 서류\이광재 부장 서류\기존서류 2\협정서,기준서,관리계획서,FMEA(1)\배기&수출\TIXX\HTR-INT\11. A3003 중금속(2018년 4분기).pdf",05_생산,폴더(배기&수출),E:\SHINHWA\05_생산\2026\11. A3003 중금속(2018년 4분기).pdf,454,2026-06-10,이미 있음(동일)
"E:\기존 서류\이광재 부장 서류\기존서류 2\협정서,기준서,관리계획서,FMEA(1)\배기&수출\TIXX\HTR-INT\12. 기술변경내용_HH260AA.xls",05_생산,폴더(배기&수출),E:\SHINHWA\05_생산\2026\12. 기술변경내용_HH260AA.xls,4412,2026-06-10,이미 있음(동일)
"E:\기존 서류\이광재 부장 서류\기존서류 2\협정서,기준서,관리계획서,FMEA(1)\배기&수출\TIXX\HTR-INT\13. 부품구성표_HH260.xlsx",05_생산,폴더(배기&수출),E:\SHINHWA\05_생산\2026\13. 부품구성표_HH260.xlsx,188,2026-06-10,이미 있음(동일)
"E:\기존 서류\이광재 부장 서류\기존서류 2\협정서,기준서,관리계획서,FMEA(1)\배기&수출\TIXX\HTR-INT\2. 검사협정서_HH260.xlsx",05_생산,폴더(배기&수출),E:\SHINHWA\05_생산\2026\2. 검사협정서_HH260.xlsx,208,2026-06-10,이미 있음(동일)
"E:\기존 서류\이광재 부장 서류\기존서류 2\협정서,기준서,관리계획서,FMEA(1)\배기&수출\TIXX\HTR-INT\3. 검사기준서_HH260.xlsx",05_생산,폴더(배기&수출),E:\SHINHWA\05_생산\2026\3. 검사기준서_HH260.xlsx,357,2026-06-10,이미 있음(동일)
"E:\기존 서류\이광재 부장 서류\기존서류 2\협정서,기준서,관리계획서,FMEA(1)\배기&수출\TIXX\HTR-INT\4. 제조공정도_HH260 IN.xls",05_생산,폴더(배기&수출),E:\SHINHWA\05_생산\2026\4. 제조공정도_HH260 IN.xls,4517,2026-06-10,이미 있음(동일)
"E:\기존 서류\이광재 부장 서류\기존서류 2\협정서,기준서,관리계획서,FMEA(1)\배기&수출\TIXX\HTR-INT\5. 관리계획서_HH260 IN.xlsx",05_생산,폴더(배기&수출),E:\SHINHWA\05_생산\2026\5. 관리계획서_HH260 IN.xlsx,344,2026-06-10,이미 있음(동일)
"E:\기존 서류\이광재 부장 서류\기존서류 2\협정서,기준서,관리계획서,FMEA(1)\배기&수출\TIXX\HTR-INT\6. PFMEA_HH260_IN.xls",05_생산,폴더(배기&수출),E:\SHINHWA\05_생산\2026\6. PFMEA_HH260_IN.xls,367,2026-06-10,이미 있음(동일)
"E:\기존 서류\이광재 부장 서류\기존서류 2\협정서,기준서,관리계획서,FMEA(1)\배기&수출\TIXX\HTR-INT\7.공정능력조사표 HH260C6ZAA_NPL1700628.rev.xlsx",05_생산,폴더(배기&수출),E:\SHINHWA\05_생산\2026\7.공정능력조사표 HH260C6ZAA_NPL1700628.rev.xlsx,158,2026-06-10,이미 있음(동일)
"E:\기존 서류\이광재 부장 서류\기존서류 2\협정서,기준서,관리계획서,FMEA(1)\배기&수출\TIXX\HTR-INT\8. 게이지 R&RHH260 IN.xls",05_생산,폴더(배기&수출),E:\SHINHWA\05_생산\2026\8. 게이지 R&RHH260 IN.xls,385,2026-06-10,이미 있음(동일)
"E:\기존 서류\이광재 부장 서류\기존서류 2\협정서,기준서,관리계획서,FMEA(1)\배기&수출\TIXX\HTR-INT\9. 검사성적서_HH260C6ZAA.xlsx",05_생산,폴더(배기&수출),E:\SHINHWA\05_생산\2026\9. 검사성적서_HH260C6ZAA.xlsx,375,2026-06-10,복사 → E:\SHINHWA\05_생산\2026\9. 검사성적서_HH260C6ZAA_v2.xlsx
"E:\기존 서류\이광재 부장 서류\기존서류 2\협정서,기준서,관리계획서,FMEA(1)\배기&수출\TIXX\HTR-INT\CP-PLHH260C6ZAA.DWG.pdf",05_생산,폴더(배기&수출),E:\SHINHWA\05_생산\2026\CP-PLHH260C6ZAA.DWG.pdf,128,2026-06-10,이미 있음(동일)
"E:\기존 서류\이광재 부장 서류\기존서류 2\협정서,기준서,관리계획서,FMEA(1)\배기&수출\TIXX\HTR-INT\CP-PLHH260C6ZAA.DWG_003-복사.pdf",05_생산,폴더(배기&수출),E:\SHINHWA\05_생산\2026\CP-PLHH260C6ZAA.DWG_003-복사.pdf,121,2026-06-10,복사 → E:\SHINHWA\05_생산\2026\CP-PLHH260C6ZAA.DWG_003-복사_v2.pdf
"E:\기존 서류\이광재 부장 서류\기존서류 2\협정서,기준서,관리계획서,FMEA(1)\배기&수출\TIXX\HTR-INT\GM T1SUV HTR CORE Inlet Tube HH260C6ZAA_Part 2 SCIF_Sewon(1) - 복사본.xlsx",05_생산,폴더(배기&수출),E:\SHINHWA\05_생산\2026\GM T1SUV HTR CORE Inlet Tube HH260C6ZAA_Part 2 SCIF_Sewon(1) - 복사본.xlsx,49,2026-06-10,이미 있음(동일)
"E:\기존 서류\이광재 부장 서류\기존서류 2\협정서,기준서,관리계획서,FMEA(1)\배기&수출\TIXX\HTR-INT\GM T1SUV HTR CORE Inlet Tube HH260C6ZAA_Part 2 SCIF_Sewon(1).xlsx",05_생산,폴더(배기&수출),E:\SHINHWA\05_생산\2026\GM T1SUV HTR CORE Inlet Tube HH260C6ZAA_Part 2 SCIF_Sewon(1).xlsx,49,2026-06-10,이미 있음(동일)
"E:\기존 서류\이광재 부장 서류\기존서류 2\협정서,기준서,관리계획서,FMEA(1)\배기&수출\TIXX\HTR-INT\HH260조도측정 성적서.xlsx",05_생산,폴더(배기&수출),E:\SHINHWA\05_생산\2026\HH260조도측정 성적서.xlsx,6526,2026-06-10,이미 있음(동일)
"E:\기존 서류\이광재 부장 서류\기존서류 2\협정서,기준서,관리계획서,FMEA(1)\배기&수출\TIXX\HTR-INT\HTR-INT.zip",05_생산,폴더(배기&수출),E:\SHINHWA\05_생산\2026\HTR-INT.zip,8172,2026-06-10,이미 있음(동일)
"E:\기존 서류\이광재 부장 서류\기존서류 2\협정서,기준서,관리계획서,FMEA(1)\배기&수출\TIXX\HTR-INT\공정능력조사표 GM T1SUV HTR CORE Inlet Tube HH260C6ZAA_Part 2 SCIF_Sewon(1).xlsx",05_생산,폴더(배기&수출),E:\SHINHWA\05_생산\2026\공정능력조사표 GM T1SUV HTR CORE Inlet Tube HH260C6ZAA_Part 2 SCIF_Sewon(1).xlsx,184,2026-06-10,이미 있음(동일)
"E:\기존 서류\이광재 부장 서류\기존서류 2\협정서,기준서,관리계획서,FMEA(1)\배기&수출\TIXX\HTR-INT\신화 관리 계획서.xlsx",05_생산,폴더(배기&수출),E:\SHINHWA\05_생산\2026\신화 관리 계획서.xlsx,648,2026-06-10,이미 있음(동일)
"E:\기존 서류\이광재 부장 서류\기존서류 2\협정서,기준서,관리계획서,FMEA(1)\배기&수출\TIXX\HTR-OUT\0. 표지& LIST-HH261.xls",05_생산,폴더(배기&수출),E:\SHINHWA\05_생산\2026\0. 표지& LIST-HH261.xls,3447,2026-06-10,이미 있음(동일)
"E:\기존 서류\이광재 부장 서류\기존서류 2\협정서,기준서,관리계획서,FMEA(1)\배기&수출\TIXX\HTR-OUT\1. 양산초도품보증서_HH261.xlsx",05_생산,폴더(배기&수출),E:\SHINHWA\05_생산\2026\1. 양산초도품보증서_HH261.xlsx,220,2026-06-10,이미 있음(동일)
"E:\기존 서류\이광재 부장 서류\기존서류 2\협정서,기준서,관리계획서,FMEA(1)\배기&수출\TIXX\HTR-OUT\10. 계측기현황.xls",05_생산,폴더(배기&수출),E:\SHINHWA\05_생산\2026\10. 계측기현황.xls,2641,2026-06-10,복사 → E:\SHINHWA\05_생산\2026\10. 계측기현황_v2.xls
"E:\기존 서류\이광재 부장 서류\기존서류 2\협정서,기준서,관리계획서,FMEA(1)\배기&수출\TIXX\HTR-OUT\11-1. AL3003-17_1.24재질성적서.pdf",05_생산,폴더(배기&수출),E:\SHINHWA\05_생산\2026\11-1. AL3003-17_1.24재질성적서.pdf,376,2026-06-10,이미 있음(동일)
"E:\기존 서류\이광재 부장 서류\기존서류 2\협정서,기준서,관리계획서,FMEA(1)\배기&수출\TIXX\HTR-OUT\11. A3003 중금속(2018년 4분기).pdf",05_생산,폴더(배기&수출),E:\SHINHWA\05_생산\2026\11. A3003 중금속(2018년 4분기).pdf,454,2026-06-10,이미 있음(동일)
"E:\기존 서류\이광재 부장 서류\기존서류 2\협정서,기준서,관리계획서,FMEA(1)\배기&수출\TIXX\HTR-OUT\12. 기술변경내용_HH261AA.xls",05_생산,폴더(배기&수출),E:\SHINHWA\05_생산\2026\12. 기술변경내용_HH261AA.xls,4412,2026-06-10,이미 있음(동일)
"E:\기존 서류\이광재 부장 서류\기존서류 2\협정서,기준서,관리계획서,FMEA(1)\배기&수출\TIXX\HTR-OUT\13. 부품구성표_HH261.xlsx",05_생산,폴더(배기&수출),E:\SHINHWA\05_생산\2026\13. 부품구성표_HH261.xlsx,188,2026-06-10,이미 있음(동일)
"E:\기존 서류\이광재 부장 서류\기존서류 2\협정서,기준서,관리계획서,FMEA(1)\배기&수출\TIXX\HTR-OUT\2. PLHH261C6ZAA\9. 검사성적서_HH261C6ZAA.xlsx",05_생산,폴더(배기&수출),E:\SHINHWA\05_생산\2026\9. 검사성적서_HH261C6ZAA.xlsx,546,2026-06-10,이미 있음(동일)
"E:\기존 서류\이광재 부장 서류\기존서류 2\협정서,기준서,관리계획서,FMEA(1)\배기&수출\TIXX\HTR-OUT\2. PLHH261C6ZAA\CP-PLHH261C6ZAA.jpg",05_생산,폴더(배기&수출),E:\SHINHWA\05_생산\2026\CP-PLHH261C6ZAA.jpg,6144,2026-06-10,이미 있음(동일)
"E:\기존 서류\이광재 부장 서류\기존서류 2\협정서,기준서,관리계획서,FMEA(1)\배기&수출\TIXX\HTR-OUT\2. PLHH261C6ZAA\hh261-1.jpg",05_생산,폴더(배기&수출),E:\SHINHWA\05_생산\2026\hh261-1.jpg,368,2026-06-10,이미 있음(동일)
"E:\기존 서류\이광재 부장 서류\기존서류 2\협정서,기준서,관리계획서,FMEA(1)\배기&수출\TIXX\HTR-OUT\2. PLHH261C6ZAA\hh261-2.jpg",05_생산,폴더(배기&수출),E:\SHINHWA\05_생산\2026\hh261-2.jpg,845,2026-06-10,이미 있음(동일)
"E:\기존 서류\이광재 부장 서류\기존서류 2\협정서,기준서,관리계획서,FMEA(1)\배기&수출\TIXX\HTR-OUT\2. 검사협정서_HH261.xlsx",05_생산,폴더(배기&수출),E:\SHINHWA\05_생산\2026\2. 검사협정서_HH261.xlsx,208,2026-06-10,이미 있음(동일)
"E:\기존 서류\이광재 부장 서류\기존서류 2\협정서,기준서,관리계획서,FMEA(1)\배기&수출\TIXX\HTR-OUT\3. 검사기준서_HH261.xlsx",05_생산,폴더(배기&수출),E:\SHINHWA\05_생산\2026\3. 검사기준서_HH261.xlsx,314,2026-06-10,이미 있음(동일)
"E:\기존 서류\이광재 부장 서류\기존서류 2\협정서,기준서,관리계획서,FMEA(1)\배기&수출\TIXX\HTR-OUT\4. 제조공정도_HH261_OUT.xls",05_생산,폴더(배기&수출),E:\SHINHWA\05_생산\2026\4. 제조공정도_HH261_OUT.xls,4323,2026-06-10,이미 있음(동일)
"E:\기존 서류\이광재 부장 서류\기존서류 2\협정서,기준서,관리계획서,FMEA(1)\배기&수출\TIXX\HTR-OUT\5. 관리계획서_HH261.xlsx",05_생산,폴더(배기&수출),E:\SHINHWA\05_생산\2026\5. 관리계획서_HH261.xlsx,501,2026-06-10,이미 있음(동일)
"E:\기존 서류\이광재 부장 서류\기존서류 2\협정서,기준서,관리계획서,FMEA(1)\배기&수출\TIXX\HTR-OUT\6. PFMEA_HH261_OUT.xls",05_생산,폴더(배기&수출),E:\SHINHWA\05_생산\2026\6. PFMEA_HH261_OUT.xls,348,2026-06-10,이미 있음(동일)
"E:\기존 서류\이광재 부장 서류\기존서류 2\협정서,기준서,관리계획서,FMEA(1)\배기&수출\TIXX\HTR-OUT\7.공정능력조사표 HH261C6ZAA_NPL1700628.rev.xlsx",05_생산,폴더(배기&수출),E:\SHINHWA\05_생산\2026\7.공정능력조사표 HH261C6ZAA_NPL1700628.rev.xlsx,157,2026-06-10,이미 있음(동일)
"E:\기존 서류\이광재 부장 서류\기존서류 2\협정서,기준서,관리계획서,FMEA(1)\배기&수출\TIXX\HTR-OUT\8. 게이지 R&RHH261 OUT.xls",05_생산,폴더(배기&수출),E:\SHINHWA\05_생산\2026\8. 게이지 R&RHH261 OUT.xls,378,2026-06-10,이미 있음(동일)
"E:\기존 서류\이광재 부장 서류\기존서류 2\협정서,기준서,관리계획서,FMEA(1)\배기&수출\TIXX\HTR-OUT\9. 검사성적서_HH261C6ZAA.xlsx",05_생산,폴더(배기&수출),E:\SHINHWA\05_생산\2026\9. 검사성적서_HH261C6ZAA.xlsx,381,2026-06-10,복사 → E:\SHINHWA\05_생산\2026\9. 검사성적서_HH261C6ZAA_v2.xlsx
"E:\기존 서류\이광재 부장 서류\기존서류 2\협정서,기준서,관리계획서,FMEA(1)\배기&수출\TIXX\HTR-OUT\CP-PLHH261C6ZAA.DWG.pdf",05_생산,폴더(배기&수출),E:\SHINHWA\05_생산\2026\CP-PLHH261C6ZAA.DWG.pdf,144,2026-06-10,이미 있음(동일)
"E:\기존 서류\이광재 부장 서류\기존서류 2\협정서,기준서,관리계획서,FMEA(1)\배기&수출\TIXX\HTR-OUT\CP-PLHH261C6ZAA.DWG_004-복사.pdf",05_생산,폴더(배기&수출),E:\SHINHWA\05_생산\2026\CP-PLHH261C6ZAA.DWG_004-복사.pdf,159,2026-06-10,이미 있음(동일)
"E:\기존 서류\이광재 부장 서류\기존서류 2\협정서,기준서,관리계획서,FMEA(1)\배기&수출\TIXX\HTR-OUT\GM T1SUV HTR CORE Outlet Tube HH261C6ZAA_Part 2 SCIF_Sewon(1).xlsx",05_생산,폴더(배기&수출),E:\SHINHWA\05_생산\2026\GM T1SUV HTR CORE Outlet Tube HH261C6ZAA_Part 2 SCIF_Sewon(1).xlsx,49,2026-06-10,이미 있음(동일)
"E:\기존 서류\이광재 부장 서류\기존서류 2\협정서,기준서,관리계획서,FMEA(1)\배기&수출\TIXX\HTR-OUT\HH261조도측정 성적서.xlsx",05_생산,폴더(배기&수출),E:\SHINHWA\05_생산\2026\HH261조도측정 성적서.xlsx,6292,2026-06-10,이미 있음(동일)
"E:\기존 서류\이광재 부장 서류\기존서류 2\협정서,기준서,관리계획서,FMEA(1)\배기&수출\TIXX\HTR-OUT\HTR-OUT.zip",05_생산,폴더(배기&수출),E:\SHINHWA\05_생산\2026\HTR-OUT.zip,8110,2026-06-10,이미 있음(동일)
"E:\기존 서류\이광재 부장 서류\기존서류 2\협정서,기준서,관리계획서,FMEA(1)\배기&수출\TIXX\HTR-OUT\공정능력조사표 GM T1SUV HTR CORE Outlet Tube HH261C6ZAA_Part 2 SCIF_Sewon(1).xlsx",05_생산,폴더(배기&수출),E:\SHINHWA\05_생산\2026\공정능력조사표 GM T1SUV HTR CORE Outlet Tube HH261C6ZAA_Part 2 SCIF_Sewon(1).xlsx,185,2026-06-10,이미 있음(동일)
"E:\기존 서류\이광재 부장 서류\기존서류 2\협정서,기준서,관리계획서,FMEA(1)\배기&수출\협정서 기준서 양식(HPS).pptx",05_생산,폴더(배기&수출),E:\SHINHWA\05_생산\2026\협정서 기준서 양식(HPS).pptx,423,2026-06-10,복사 → E:\SHINHWA\05_생산\2026\협정서 기준서 양식(HPS)_v2.pptx
"E:\기존 서류\이광재 부장 서류\기존서류 2\협정서,기준서,관리계획서,FMEA\배기&수출\2. 초도품보증서_2472009XA.xls",05_생산,폴더(배기&수출),E:\SHINHWA\05_생산\2026\2. 초도품보증서_2472009XA.xls,2724,2026-06-10,이미 있음(동일)
"E:\기존 서류\이광재 부장 서류\기존서류 2\협정서,기준서,관리계획서,FMEA\배기&수출\4. 검사성적서-2472009XA.xls",05_생산,폴더(배기&수출),E:\SHINHWA\05_생산\2026\4. 검사성적서-2472009XA.xls,3917,2026-06-10,이미 있음(동일)
"E:\기존 서류\이광재 부장 서류\기존서류 2\협정서,기준서,관리계획서,FMEA\배기&수출\5. 1142004206007A_PIPE-EGR(180816-성적서).xls",05_생산,폴더(배기&수출),E:\SHINHWA\05_생산\2026\5. 1142004206007A_PIPE-EGR(180816-성적서).xls,63895,2026-06-10,이미 있음(동일)
"E:\기존 서류\이광재 부장 서류\기존서류 2\협정서,기준서,관리계획서,FMEA\배기&수출\MQ4 REAR\00. 표지.xls",05_생산,폴더(배기&수출),E:\SHINHWA\05_생산\2026\00. 표지.xls,4466,2026-06-10,이미 있음(동일)
"E:\기존 서류\이광재 부장 서류\기존서류 2\협정서,기준서,관리계획서,FMEA\배기&수출\MQ4 REAR\1. 검사협정서_2638409XF.xls",05_생산,폴더(배기&수출),E:\SHINHWA\05_생산\2026\1. 검사협정서_2638409XF.xls,3410,2026-06-10,이미 있음(동일)
"E:\기존 서류\이광재 부장 서류\기존서류 2\협정서,기준서,관리계획서,FMEA\배기&수출\MQ4 REAR\2. 검사기준서_2638409XF.xls",05_생산,폴더(배기&수출),E:\SHINHWA\05_생산\2026\2. 검사기준서_2638409XF.xls,5524,2026-06-10,이미 있음(동일)
"E:\기존 서류\이광재 부장 서류\기존서류 2\협정서,기준서,관리계획서,FMEA\배기&수출\MQ4 REAR\3. 초도품보증서_2638409XF.xls",05_생산,폴더(배기&수출),E:\SHINHWA\05_생산\2026\3. 초도품보증서_2638409XF.xls,2802,2026-06-10,이미 있음(동일)
"E:\기존 서류\이광재 부장 서류\기존서류 2\협정서,기준서,관리계획서,FMEA\배기&수출\MQ4 REAR\4. 검사성적서-2638409XF.xls",05_생산,폴더(배기&수출),E:\SHINHWA\05_생산\2026\4. 검사성적서-2638409XF.xls,3898,2026-06-10,이미 있음(동일)
"E:\기존 서류\이광재 부장 서류\기존서류 2\협정서,기준서,관리계획서,FMEA\배기&수출\MQ4 REAR\8. PFMEA-2638409XF.xls",05_생산,폴더(배기&수출),E:\SHINHWA\05_생산\2026\8. PFMEA-2638409XF.xls,1872,2026-06-10,이미 있음(동일)
"E:\기존 서류\이광재 부장 서류\기존서류 2\협정서,기준서,관리계획서,FMEA\배기&수출\MQ4 REAR\9. 관리계획서-2638409XF.xls",05_생산,폴더(배기&수출),E:\SHINHWA\05_생산\2026\9. 관리계획서-2638409XF.xls,4051,2026-06-10,이미 있음(동일)
"E:\기존 서류\이광재 부장 서류\기존서류 2\협정서,기준서,관리계획서,FMEA\배기&수출\MQ4 REAR\검사기준서.pdf",05_생산,폴더(배기&수출),E:\SHINHWA\05_생산\2026\검사기준서.pdf,837,2026-06-10,이미 있음(동일)
"E:\기존 서류\이광재 부장 서류\기존서류 2\협정서,기준서,관리계획서,FMEA\배기&수출\MQ4 REAR\검사성적서.pdf",05_생산,폴더(배기&수출),E:\SHINHWA\05_생산\2026\검사성적서.pdf,847,2026-06-10,이미 있음(동일)
"E:\기존 서류\이광재 부장 서류\기존서류 2\협정서,기준서,관리계획서,FMEA\배기&수출\MQ4 REAR\검사협정서.pdf",05_생산,폴더(배기&수출),E:\SHINHWA\05_생산\2026\검사협정서.pdf,885,2026-06-10,이미 있음(동일)
"E:\기존 서류\이광재 부장 서류\기존서류 2\협정서,기준서,관리계획서,FMEA\배기&수출\MQ4 REAR\공정FMEA.pdf",05_생산,폴더(배기&수출),E:\SHINHWA\05_생산\2026\공정FMEA.pdf,1628,2026-06-10,이미 있음(동일)
"E:\기존 서류\이광재 부장 서류\기존서류 2\협정서,기준서,관리계획서,FMEA\배기&수출\MQ4 REAR\관리계획서.pdf",05_생산,폴더(배기&수출),E:\SHINHWA\05_생산\2026\관리계획서.pdf,1807,2026-06-10,이미 있음(동일)
"E:\기존 서류\이광재 부장 서류\기존서류 2\협정서,기준서,관리계획서,FMEA\배기&수출\MQ4 REAR\도면_28998-2r000_pipe_diff_rr.pdf",05_생산,폴더(배기&수출),E:\SHINHWA\05_생산\2026\도면_28998-2r000_pipe_diff_rr.pdf,1939,2026-06-10,이미 있음(동일)
"E:\기존 서류\이광재 부장 서류\기존서류 2\협정서,기준서,관리계획서,FMEA\배기&수출\MQ4 REAR\변경사유서.pdf",05_생산,폴더(배기&수출),E:\SHINHWA\05_생산\2026\변경사유서.pdf,1050,2026-06-10,이미 있음(동일)
"E:\기존 서류\이광재 부장 서류\기존서류 2\협정서,기준서,관리계획서,FMEA\배기&수출\MQ4 REAR\용접품질성적서.pdf",05_생산,폴더(배기&수출),E:\SHINHWA\05_생산\2026\용접품질성적서.pdf,350,2026-06-10,이미 있음(동일)
"E:\기존 서류\이광재 부장 서류\기존서류 2\협정서,기준서,관리계획서,FMEA\배기&수출\MQ4 REAR\재질성적서및 중금속성적서.pdf",05_생산,폴더(배기&수출),E:\SHINHWA\05_생산\2026\재질성적서및 중금속성적서.pdf,5656,2026-06-10,이미 있음(동일)
"E:\기존 서류\이광재 부장 서류\기존서류 2\협정서,기준서,관리계획서,FMEA\배기&수출\MQ4 REAR\초도품 보증서.pdf",05_생산,폴더(배기&수출),E:\SHINHWA\05_생산\2026\초도품 보증서.pdf,460,2026-06-10,이미 있음(동일)
"E:\기존 서류\이광재 부장 서류\기존서류 2\협정서,기준서,관리계획서,FMEA\배기&수출\NUI\1. 검사협정서_2472009XA.xls",05_생산,폴더(배기&수출),E:\SHINHWA\05_생산\2026\1. 검사협정서_2472009XA.xls,3364,2026-06-10,이미 있음(동일)
"E:\기존 서류\이광재 부장 서류\기존서류 2\협정서,기준서,관리계획서,FMEA\배기&수출\NUI\3. 검사기준서_2472009XA.xls",05_생산,폴더(배기&수출),E:\SHINHWA\05_생산\2026\3. 검사기준서_2472009XA.xls,4927,2026-06-10,이미 있음(동일)
"E:\기존 서류\이광재 부장 서류\기존서류 2\협정서,기준서,관리계획서,FMEA\배기&수출\NUI\8. PFMEA_2472009XA.xls",05_생산,폴더(배기&수출),E:\SHINHWA\05_생산\2026\8. PFMEA_2472009XA.xls,1437,2026-06-10,이미 있음(동일)
"E:\기존 서류\이광재 부장 서류\기존서류 2\협정서,기준서,관리계획서,FMEA\배기&수출\NUI\9. 관리계획서_2472009XA.xls",05_생산,폴더(배기&수출),E:\SHINHWA\05_생산\2026\9. 관리계획서_2472009XA.xls,3600,2026-06-10,이미 있음(동일)
"E:\기존 서류\이광재 부장 서류\기존서류 2\협정서,기준서,관리계획서,FMEA\배기&수출\NUI\협정서 기준서 양식(HPS).pptx",05_생산,폴더(배기&수출),E:\SHINHWA\05_생산\2026\협정서 기준서 양식(HPS).pptx,423,2026-06-10,이미 있음(동일)
"E:\기존 서류\이광재 부장 서류\기존서류 2\협정서,기준서,관리계획서,FMEA\배기&수출\SU2B\(신양식)SU2B ISIR.xls",05_생산,폴더(배기&수출),E:\SHINHWA\05_생산\2026\(신양식)SU2B ISIR.xls,1346,2026-06-10,이미 있음(동일)
"E:\기존 서류\이광재 부장 서류\기존서류 2\협정서,기준서,관리계획서,FMEA\배기&수출\TIXX\HTR-INT\0. 표지& LIST-HH260.xls",05_생산,폴더(배기&수출),E:\SHINHWA\05_생산\2026\0. 표지& LIST-HH260.xls,3430,2026-06-10,이미 있음(동일)
"E:\기존 서류\이광재 부장 서류\기존서류 2\협정서,기준서,관리계획서,FMEA\배기&수출\TIXX\HTR-INT\1. PLHH260C6ZAA\260-1.jpg",05_생산,폴더(배기&수출),E:\SHINHWA\05_생산\2026\260-1.jpg,468,2026-06-10,이미 있음(동일)
"E:\기존 서류\이광재 부장 서류\기존서류 2\협정서,기준서,관리계획서,FMEA\배기&수출\TIXX\HTR-INT\1. PLHH260C6ZAA\260-2.jpg",05_생산,폴더(배기&수출),E:\SHINHWA\05_생산\2026\260-2.jpg,956,2026-06-10,이미 있음(동일)
"E:\기존 서류\이광재 부장 서류\기존서류 2\협정서,기준서,관리계획서,FMEA\배기&수출\TIXX\HTR-INT\1. PLHH260C6ZAA\9. 검사성적서_HH260C6ZAA.xlsx",05_생산,폴더(배기&수출),E:\SHINHWA\05_생산\2026\9. 검사성적서_HH260C6ZAA.xlsx,305,2026-06-10,이미 있음(동일)
"E:\기존 서류\이광재 부장 서류\기존서류 2\협정서,기준서,관리계획서,FMEA\배기&수출\TIXX\HTR-INT\1. PLHH260C6ZAA\CP-PLHH260C6ZAA.DWG_003-복사.pdf",05_생산,폴더(배기&수출),E:\SHINHWA\05_생산\2026\CP-PLHH260C6ZAA.DWG_003-복사.pdf,121,2026-06-10,이미 있음(동일)
"E:\기존 서류\이광재 부장 서류\기존서류 2\협정서,기준서,관리계획서,FMEA\배기&수출\TIXX\HTR-INT\1. PLHH260C6ZAA\CP-PLHH260C6ZAA.jpg",05_생산,폴더(배기&수출),E:\SHINHWA\05_생산\2026\CP-PLHH260C6ZAA.jpg,6217,2026-06-10,이미 있음(동일)
"E:\기존 서류\이광재 부장 서류\기존서류 2\협정서,기준서,관리계획서,FMEA\배기&수출\TIXX\HTR-INT\1. 양산초도품보증서_HH260.xlsx",05_생산,폴더(배기&수출),E:\SHINHWA\05_생산\2026\1. 양산초도품보증서_HH260.xlsx,216,2026-06-10,이미 있음(동일)
"E:\기존 서류\이광재 부장 서류\기존서류 2\협정서,기준서,관리계획서,FMEA\배기&수출\TIXX\HTR-INT\10. 계측기현황.xls",05_생산,폴더(배기&수출),E:\SHINHWA\05_생산\2026\10. 계측기현황.xls,2641,2026-06-10,이미 있음(동일)
"E:\기존 서류\이광재 부장 서류\기존서류 2\협정서,기준서,관리계획서,FMEA\배기&수출\TIXX\HTR-INT\11-1. AL3003-17_1.24재질성적서.pdf",05_생산,폴더(배기&수출),E:\SHINHWA\05_생산\2026\11-1. AL3003-17_1.24재질성적서.pdf,376,2026-06-10,이미 있음(동일)
"E:\기존 서류\이광재 부장 서류\기존서류 2\협정서,기준서,관리계획서,FMEA\배기&수출\TIXX\HTR-INT\11. A3003 중금속(2018년 4분기).pdf",05_생산,폴더(배기&수출),E:\SHINHWA\05_생산\2026\11. A3003 중금속(2018년 4분기).pdf,454,2026-06-10,이미 있음(동일)
"E:\기존 서류\이광재 부장 서류\기존서류 2\협정서,기준서,관리계획서,FMEA\배기&수출\TIXX\HTR-INT\12. 기술변경내용_HH260AA.xls",05_생산,폴더(배기&수출),E:\SHINHWA\05_생산\2026\12. 기술변경내용_HH260AA.xls,4412,2026-06-10,이미 있음(동일)
"E:\기존 서류\이광재 부장 서류\기존서류 2\협정서,기준서,관리계획서,FMEA\배기&수출\TIXX\HTR-INT\13. 부품구성표_HH260.xlsx",05_생산,폴더(배기&수출),E:\SHINHWA\05_생산\2026\13. 부품구성표_HH260.xlsx,188,2026-06-10,이미 있음(동일)
"E:\기존 서류\이광재 부장 서류\기존서류 2\협정서,기준서,관리계획서,FMEA\배기&수출\TIXX\HTR-INT\2. 검사협정서_HH260.xlsx",05_생산,폴더(배기&수출),E:\SHINHWA\05_생산\2026\2. 검사협정서_HH260.xlsx,208,2026-06-10,이미 있음(동일)
"E:\기존 서류\이광재 부장 서류\기존서류 2\협정서,기준서,관리계획서,FMEA\배기&수출\TIXX\HTR-INT\3. 검사기준서_HH260.xlsx",05_생산,폴더(배기&수출),E:\SHINHWA\05_생산\2026\3. 검사기준서_HH260.xlsx,357,2026-06-10,이미 있음(동일)
"E:\기존 서류\이광재 부장 서류\기존서류 2\협정서,기준서,관리계획서,FMEA\배기&수출\TIXX\HTR-INT\4. 제조공정도_HH260 IN.xls",05_생산,폴더(배기&수출),E:\SHINHWA\05_생산\2026\4. 제조공정도_HH260 IN.xls,4517,2026-06-10,이미 있음(동일)
"E:\기존 서류\이광재 부장 서류\기존서류 2\협정서,기준서,관리계획서,FMEA\배기&수출\TIXX\HTR-INT\5. 관리계획서_HH260 IN.xlsx",05_생산,폴더(배기&수출),E:\SHINHWA\05_생산\2026\5. 관리계획서_HH260 IN.xlsx,344,2026-06-10,이미 있음(동일)
"E:\기존 서류\이광재 부장 서류\기존서류 2\협정서,기준서,관리계획서,FMEA\배기&수출\TIXX\HTR-INT\6. PFMEA_HH260_IN.xls",05_생산,폴더(배기&수출),E:\SHINHWA\05_생산\2026\6. PFMEA_HH260_IN.xls,367,2026-06-10,복사 → E:\SHINHWA\05_생산\2026\6. PFMEA_HH260_IN_v2.xls
"E:\기존 서류\이광재 부장 서류\기존서류 2\협정서,기준서,관리계획서,FMEA\배기&수출\TIXX\HTR-INT\7.공정능력조사표 HH260C6ZAA_NPL1700628.rev.xlsx",05_생산,폴더(배기&수출),E:\SHINHWA\05_생산\2026\7.공정능력조사표 HH260C6ZAA_NPL1700628.rev.xlsx,158,2026-06-10,이미 있음(동일)
"E:\기존 서류\이광재 부장 서류\기존서류 2\협정서,기준서,관리계획서,FMEA\배기&수출\TIXX\HTR-INT\8. 게이지 R&RHH260 IN.xls",05_생산,폴더(배기&수출),E:\SHINHWA\05_생산\2026\8. 게이지 R&RHH260 IN.xls,385,2026-06-10,이미 있음(동일)
"E:\기존 서류\이광재 부장 서류\기존서류 2\협정서,기준서,관리계획서,FMEA\배기&수출\TIXX\HTR-INT\9. 검사성적서_HH260C6ZAA.xlsx",05_생산,폴더(배기&수출),E:\SHINHWA\05_생산\2026\9. 검사성적서_HH260C6ZAA.xlsx,375,2026-06-10,복사 → E:\SHINHWA\05_생산\2026\9. 검사성적서_HH260C6ZAA_v2.xlsx
"E:\기존 서류\이광재 부장 서류\기존서류 2\협정서,기준서,관리계획서,FMEA\배기&수출\TIXX\HTR-INT\CP-PLHH260C6ZAA.DWG.pdf",05_생산,폴더(배기&수출),E:\SHINHWA\05_생산\2026\CP-PLHH260C6ZAA.DWG.pdf,128,2026-06-10,이미 있음(동일)
"E:\기존 서류\이광재 부장 서류\기존서류 2\협정서,기준서,관리계획서,FMEA\배기&수출\TIXX\HTR-INT\CP-PLHH260C6ZAA.DWG_003-복사.pdf",05_생산,폴더(배기&수출),E:\SHINHWA\05_생산\2026\CP-PLHH260C6ZAA.DWG_003-복사.pdf,121,2026-06-10,복사 → E:\SHINHWA\05_생산\2026\CP-PLHH260C6ZAA.DWG_003-복사_v2.pdf
"E:\기존 서류\이광재 부장 서류\기존서류 2\협정서,기준서,관리계획서,FMEA\배기&수출\TIXX\HTR-INT\GM T1SUV HTR CORE Inlet Tube HH260C6ZAA_Part 2 SCIF_Sewon(1) - 복사본.xlsx",05_생산,폴더(배기&수출),E:\SHINHWA\05_생산\2026\GM T1SUV HTR CORE Inlet Tube HH260C6ZAA_Part 2 SCIF_Sewon(1) - 복사본.xlsx,49,2026-06-10,이미 있음(동일)
"E:\기존 서류\이광재 부장 서류\기존서류 2\협정서,기준서,관리계획서,FMEA\배기&수출\TIXX\HTR-INT\GM T1SUV HTR CORE Inlet Tube HH260C6ZAA_Part 2 SCIF_Sewon(1).xlsx",05_생산,폴더(배기&수출),E:\SHINHWA\05_생산\2026\GM T1SUV HTR CORE Inlet Tube HH260C6ZAA_Part 2 SCIF_Sewon(1).xlsx,49,2026-06-10,이미 있음(동일)
"E:\기존 서류\이광재 부장 서류\기존서류 2\협정서,기준서,관리계획서,FMEA\배기&수출\TIXX\HTR-INT\HH260조도측정 성적서.xlsx",05_생산,폴더(배기&수출),E:\SHINHWA\05_생산\2026\HH260조도측정 성적서.xlsx,6526,2026-06-10,이미 있음(동일)
"E:\기존 서류\이광재 부장 서류\기존서류 2\협정서,기준서,관리계획서,FMEA\배기&수출\TIXX\HTR-INT\HTR-INT.zip",05_생산,폴더(배기&수출),E:\SHINHWA\05_생산\2026\HTR-INT.zip,8172,2026-06-10,이미 있음(동일)
"E:\기존 서류\이광재 부장 서류\기존서류 2\협정서,기준서,관리계획서,FMEA\배기&수출\TIXX\HTR-INT\공정능력조사표 GM T1SUV HTR CORE Inlet Tube HH260C6ZAA_Part 2 SCIF_Sewon(1).xlsx",05_생산,폴더(배기&수출),E:\SHINHWA\05_생산\2026\공정능력조사표 GM T1SUV HTR CORE Inlet Tube HH260C6ZAA_Part 2 SCIF_Sewon(1).xlsx,184,2026-06-10,이미 있음(동일)
"E:\기존 서류\이광재 부장 서류\기존서류 2\협정서,기준서,관리계획서,FMEA\배기&수출\TIXX\HTR-INT\신화 관리 계획서.xlsx",05_생산,폴더(배기&수출),E:\SHINHWA\05_생산\2026\신화 관리 계획서.xlsx,648,2026-06-10,이미 있음(동일)
"E:\기존 서류\이광재 부장 서류\기존서류 2\협정서,기준서,관리계획서,FMEA\배기&수출\TIXX\HTR-OUT\0. 표지& LIST-HH261.xls",05_생산,폴더(배기&수출),E:\SHINHWA\05_생산\2026\0. 표지& LIST-HH261.xls,3447,2026-06-10,이미 있음(동일)
"E:\기존 서류\이광재 부장 서류\기존서류 2\협정서,기준서,관리계획서,FMEA\배기&수출\TIXX\HTR-OUT\1. 양산초도품보증서_HH261.xlsx",05_생산,폴더(배기&수출),E:\SHINHWA\05_생산\2026\1. 양산초도품보증서_HH261.xlsx,220,2026-06-10,이미 있음(동일)
"E:\기존 서류\이광재 부장 서류\기존서류 2\협정서,기준서,관리계획서,FMEA\배기&수출\TIXX\HTR-OUT\10. 계측기현황.xls",05_생산,폴더(배기&수출),E:\SHINHWA\05_생산\2026\10. 계측기현황.xls,2641,2026-06-10,복사 → E:\SHINHWA\05_생산\2026\10. 계측기현황_v2.xls
"E:\기존 서류\이광재 부장 서류\기존서류 2\협정서,기준서,관리계획서,FMEA\배기&수출\TIXX\HTR-OUT\11-1. AL3003-17_1.24재질성적서.pdf",05_생산,폴더(배기&수출),E:\SHINHWA\05_생산\2026\11-1. AL3003-17_1.24재질성적서.pdf,376,2026-06-10,이미 있음(동일)
"E:\기존 서류\이광재 부장 서류\기존서류 2\협정서,기준서,관리계획서,FMEA\배기&수출\TIXX\HTR-OUT\11. A3003 중금속(2018년 4분기).pdf",05_생산,폴더(배기&수출),E:\SHINHWA\05_생산\2026\11. A3003 중금속(2018년 4분기).pdf,454,2026-06-10,이미 있음(동일)
"E:\기존 서류\이광재 부장 서류\기존서류 2\협정서,기준서,관리계획서,FMEA\배기&수출\TIXX\HTR-OUT\12. 기술변경내용_HH261AA.xls",05_생산,폴더(배기&수출),E:\SHINHWA\05_생산\2026\12. 기술변경내용_HH261AA.xls,4412,2026-06-10,이미 있음(동일)
"E:\기존 서류\이광재 부장 서류\기존서류 2\협정서,기준서,관리계획서,FMEA\배기&수출\TIXX\HTR-OUT\13. 부품구성표_HH261.xlsx",05_생산,폴더(배기&수출),E:\SHINHWA\05_생산\2026\13. 부품구성표_HH261.xlsx,188,2026-06-10,이미 있음(동일)
"E:\기존 서류\이광재 부장 서류\기존서류 2\협정서,기준서,관리계획서,FMEA\배기&수출\TIXX\HTR-OUT\2. PLHH261C6ZAA\9. 검사성적서_HH261C6ZAA.xlsx",05_생산,폴더(배기&수출),E:\SHINHWA\05_생산\2026\9. 검사성적서_HH261C6ZAA.xlsx,546,2026-06-10,이미 있음(동일)
"E:\기존 서류\이광재 부장 서류\기존서류 2\협정서,기준서,관리계획서,FMEA\배기&수출\TIXX\HTR-OUT\2. PLHH261C6ZAA\CP-PLHH261C6ZAA.jpg",05_생산,폴더(배기&수출),E:\SHINHWA\05_생산\2026\CP-PLHH261C6ZAA.jpg,6144,2026-06-10,이미 있음(동일)
"E:\기존 서류\이광재 부장 서류\기존서류 2\협정서,기준서,관리계획서,FMEA\배기&수출\TIXX\HTR-OUT\2. PLHH261C6ZAA\hh261-1.jpg",05_생산,폴더(배기&수출),E:\SHINHWA\05_생산\2026\hh261-1.jpg,368,2026-06-10,이미 있음(동일)
"E:\기존 서류\이광재 부장 서류\기존서류 2\협정서,기준서,관리계획서,FMEA\배기&수출\TIXX\HTR-OUT\2. PLHH261C6ZAA\hh261-2.jpg",05_생산,폴더(배기&수출),E:\SHINHWA\05_생산\2026\hh261-2.jpg,845,2026-06-10,이미 있음(동일)
"E:\기존 서류\이광재 부장 서류\기존서류 2\협정서,기준서,관리계획서,FMEA\배기&수출\TIXX\HTR-OUT\2. 검사협정서_HH261.xlsx",05_생산,폴더(배기&수출),E:\SHINHWA\05_생산\2026\2. 검사협정서_HH261.xlsx,208,2026-06-10,이미 있음(동일)
"E:\기존 서류\이광재 부장 서류\기존서류 2\협정서,기준서,관리계획서,FMEA\배기&수출\TIXX\HTR-OUT\3. 검사기준서_HH261.xlsx",05_생산,폴더(배기&수출),E:\SHINHWA\05_생산\2026\3. 검사기준서_HH261.xlsx,314,2026-06-10,이미 있음(동일)
"E:\기존 서류\이광재 부장 서류\기존서류 2\협정서,기준서,관리계획서,FMEA\배기&수출\TIXX\HTR-OUT\4. 제조공정도_HH261_OUT.xls",05_생산,폴더(배기&수출),E:\SHINHWA\05_생산\2026\4. 제조공정도_HH261_OUT.xls,4323,2026-06-10,이미 있음(동일)
"E:\기존 서류\이광재 부장 서류\기존서류 2\협정서,기준서,관리계획서,FMEA\배기&수출\TIXX\HTR-OUT\5. 관리계획서_HH261.xlsx",05_생산,폴더(배기&수출),E:\SHINHWA\05_생산\2026\5. 관리계획서_HH261.xlsx,501,2026-06-10,이미 있음(동일)
"E:\기존 서류\이광재 부장 서류\기존서류 2\협정서,기준서,관리계획서,FMEA\배기&수출\TIXX\HTR-OUT\6. PFMEA_HH261_OUT.xls",05_생산,폴더(배기&수출),E:\SHINHWA\05_생산\2026\6. PFMEA_HH261_OUT.xls,348,2026-06-10,이미 있음(동일)
"E:\기존 서류\이광재 부장 서류\기존서류 2\협정서,기준서,관리계획서,FMEA\배기&수출\TIXX\HTR-OUT\7.공정능력조사표 HH261C6ZAA_NPL1700628.rev.xlsx",05_생산,폴더(배기&수출),E:\SHINHWA\05_생산\2026\7.공정능력조사표 HH261C6ZAA_NPL1700628.rev.xlsx,157,2026-06-10,이미 있음(동일)
"E:\기존 서류\이광재 부장 서류\기존서류 2\협정서,기준서,관리계획서,FMEA\배기&수출\TIXX\HTR-OUT\8. 게이지 R&RHH261 OUT.xls",05_생산,폴더(배기&수출),E:\SHINHWA\05_생산\2026\8. 게이지 R&RHH261 OUT.xls,378,2026-06-10,이미 있음(동일)
"E:\기존 서류\이광재 부장 서류\기존서류 2\협정서,기준서,관리계획서,FMEA\배기&수출\TIXX\HTR-OUT\9. 검사성적서_HH261C6ZAA.xlsx",05_생산,폴더(배기&수출),E:\SHINHWA\05_생산\2026\9. 검사성적서_HH261C6ZAA.xlsx,381,2026-06-10,복사 → E:\SHINHWA\05_생산\2026\9. 검사성적서_HH261C6ZAA_v2.xlsx
"E:\기존 서류\이광재 부장 서류\기존서류 2\협정서,기준서,관리계획서,FMEA\배기&수출\TIXX\HTR-OUT\CP-PLHH261C6ZAA.DWG.pdf",05_생산,폴더(배기&수출),E:\SHINHWA\05_생산\2026\CP-PLHH261C6ZAA.DWG.pdf,144,2026-06-10,이미 있음(동일)
"E:\기존 서류\이광재 부장 서류\기존서류 2\협정서,기준서,관리계획서,FMEA\배기&수출\TIXX\HTR-OUT\CP-PLHH261C6ZAA.DWG_004-복사.pdf",05_생산,폴더(배기&수출),E:\SHINHWA\05_생산\2026\CP-PLHH261C6ZAA.DWG_004-복사.pdf,159,2026-06-10,이미 있음(동일)
"E:\기존 서류\이광재 부장 서류\기존서류 2\협정서,기준서,관리계획서,FMEA\배기&수출\TIXX\HTR-OUT\GM T1SUV HTR CORE Outlet Tube HH261C6ZAA_Part 2 SCIF_Sewon(1).xlsx",05_생산,폴더(배기&수출),E:\SHINHWA\05_생산\2026\GM T1SUV HTR CORE Outlet Tube HH261C6ZAA_Part 2 SCIF_Sewon(1).xlsx,49,2026-06-10,이미 있음(동일)
"E:\기존 서류\이광재 부장 서류\기존서류 2\협정서,기준서,관리계획서,FMEA\배기&수출\TIXX\HTR-OUT\HH261조도측정 성적서.xlsx",05_생산,폴더(배기&수출),E:\SHINHWA\05_생산\2026\HH261조도측정 성적서.xlsx,6292,2026-06-10,이미 있음(동일)
"E:\기존 서류\이광재 부장 서류\기존서류 2\협정서,기준서,관리계획서,FMEA\배기&수출\TIXX\HTR-OUT\HTR-OUT.zip",05_생산,폴더(배기&수출),E:\SHINHWA\05_생산\2026\HTR-OUT.zip,8110,2026-06-10,이미 있음(동일)
"E:\기존 서류\이광재 부장 서류\기존서류 2\협정서,기준서,관리계획서,FMEA\배기&수출\TIXX\HTR-OUT\공정능력조사표 GM T1SUV HTR CORE Outlet Tube HH261C6ZAA_Part 2 SCIF_Sewon(1).xlsx",05_생산,폴더(배기&수출),E:\SHINHWA\05_생산\2026\공정능력조사표 GM T1SUV HTR CORE Outlet Tube HH261C6ZAA_Part 2 SCIF_Sewon(1).xlsx,185,2026-06-10,이미 있음(동일)
"E:\기존 서류\이광재 부장 서류\기존서류 2\협정서,기준서,관리계획서,FMEA\배기&수출\협정서 기준서 양식(HPS).pptx",05_생산,폴더(배기&수출),E:\SHINHWA\05_생산\2026\협정서 기준서 양식(HPS).pptx,423,2026-06-10,복사 → E:\SHINHWA\05_생산\2026\협정서 기준서 양식(HPS)_v2.pptx
"E:\기존 서류\황지환\금형관리대장\1팀 직수출,헤더\1팀 직수출 밴딩 포밍금형 체크지그 LAY\1팀 직수출 sus 벤딩,포밍,체커지그 LAYOUT.xls",05_생산,"폴더(1팀 직수출,헤더)","E:\SHINHWA\05_생산\2026\1팀 직수출 sus 벤딩,포밍,체커지그 LAYOUT.xls",2027,2026-06-10,이미 있음(동일)
"E:\기존 서류\황지환\금형관리대장\1팀 직수출,헤더\1팀 직수출 밴딩 포밍금형 체크지그 LAY\금형관리대장 및 계획서.xlsx",05_생산,"폴더(1팀 직수출,헤더)",E:\SHINHWA\05_생산\2026\금형관리대장 및 계획서.xlsx,6140,2026-06-10,이미 있음(동일)
"E:\기존 서류\황지환\금형관리대장\1팀 직수출,헤더\금형관리대장 및 계획서.xlsx",05_생산,"폴더(1팀 직수출,헤더)",E:\SHINHWA\05_생산\2026\금형관리대장 및 계획서.xlsx,6140,2026-06-10,이미 있음(동일)
"E:\기존 서류\황지환\금형관리대장\1팀 직수출,헤더\금형관리대장.xlsx",05_생산,"폴더(1팀 직수출,헤더)",E:\SHINHWA\05_생산\2026\금형관리대장.xlsx,6033,2026-06-10,이미 있음(동일)
E:\기존 서류\황지환\생산 계획&실적\2023년\23.08\8월 에바 생산실적.xls,05_생산,폴더(생산 계획&실적),E:\SHINHWA\05_생산\2026\8월 에바 생산실적.xls,146,2026-06-10,이미 있음(동일)
E:\기존 서류\황지환\생산 계획&실적\2023년\23.08\8월 헤더조립 생산실적.xls,05_생산,폴더(생산 계획&실적),E:\SHINHWA\05_생산\2026\8월 헤더조립 생산실적.xls,92,2026-06-10,이미 있음(동일)
E:\기존 서류\황지환\생산 계획&실적\2023년\23.09\9월 에바 생산실적.xlsx,05_생산,폴더(생산 계획&실적),E:\SHINHWA\05_생산\2026\9월 에바 생산실적.xlsx,9911,2026-06-10,이미 있음(동일)
E:\기존 서류\황지환\생산 계획&실적\2023년\23.09\9월 헤더조립 생산실적.xlsx,05_생산,폴더(생산 계획&실적),E:\SHINHWA\05_생산\2026\9월 헤더조립 생산실적.xlsx,264,2026-06-10,이미 있음(동일)
E:\기존 서류\황지환\생산 계획&실적\2023년\23.10\10월 에바 생산실적.xlsx,05_생산,폴더(생산 계획&실적),E:\SHINHWA\05_생산\2026\10월 에바 생산실적.xlsx,6810,2026-06-10,이미 있음(동일)
E:\기존 서류\황지환\생산 계획&실적\2023년\23.10\10월 헤더조립 생산실적.xlsx,05_생산,폴더(생산 계획&실적),E:\SHINHWA\05_생산\2026\10월 헤더조립 생산실적.xlsx,236,2026-06-10,이미 있음(동일)
E:\기존 서류\황지환\생산 계획&실적\2023년\23.11\11월 에바 생산실적.xlsx,05_생산,폴더(생산 계획&실적),E:\SHINHWA\05_생산\2026\11월 에바 생산실적.xlsx,9060,2026-06-10,이미 있음(동일)
E:\기존 서류\황지환\생산 계획&실적\2023년\23.11\11월 헤더조립 생산실적.xlsx,05_생산,폴더(생산 계획&실적),E:\SHINHWA\05_생산\2026\11월 헤더조립 생산실적.xlsx,248,2026-06-10,이미 있음(동일)
E:\기존 서류\황지환\생산 계획&실적\24.01\직수출 SUS\1월\01.15.xlsx,05_생산,폴더(직수출 SUS),E:\SHINHWA\05_생산\2026\01.15.xlsx,28917,2026-06-10,이미 있음(동일)
E:\기존 서류\황지환\생산 계획&실적\24.01\직수출 SUS\1월\01.19.xlsx,05_생산,폴더(직수출 SUS),E:\SHINHWA\05_생산\2026\01.19.xlsx,42039,2026-06-10,이미 있음(동일)
E:\기존 서류\황지환\생산 계획&실적\24.01\직수출 SUS\1월\01.21.xlsx,05_생산,폴더(직수출 SUS),E:\SHINHWA\05_생산\2026\01.21.xlsx,52933,2026-06-10,이미 있음(동일)
E:\기존 서류\황지환\생산 계획&실적\24.01\직수출 SUS\1월\1.10.xlsx,05_생산,폴더(직수출 SUS),E:\SHINHWA\05_생산\2026\1.10.xlsx,16841,2026-06-10,이미 있음(동일)
E:\기존 서류\황지환\생산 계획&실적\24.01\직수출 SUS\1월\1.11.xlsx,05_생산,폴더(직수출 SUS),E:\SHINHWA\05_생산\2026\1.11.xlsx,19590,2026-06-10,이미 있음(동일)
E:\기존 서류\황지환\생산 계획&실적\24.01\직수출 SUS\1월\1.16.xlsx,05_생산,폴더(직수출 SUS),E:\SHINHWA\05_생산\2026\1.16.xlsx,32067,2026-06-10,이미 있음(동일)
E:\기존 서류\황지환\생산 계획&실적\24.01\콘덴서 용접\COND 용접 생산실적-1월.xls,05_생산,폴더(생산 계획&실적),E:\SHINHWA\05_생산\2026\COND 용접 생산실적-1월.xls,230,2026-06-10,이미 있음(동일)
E:\기존 서류\황지환\생산 계획&실적\24.01\헤다 01월.xls,05_생산,폴더(생산 계획&실적),E:\SHINHWA\05_생산\2026\헤다 01월.xls,483,2026-06-10,이미 있음(동일)
E:\기존 서류\황지환\생산 계획&실적\24.01\헤더\헤다 01월.xls,05_생산,폴더(생산 계획&실적),E:\SHINHWA\05_생산\2026\헤다 01월.xls,435,2026-06-10,복사 → E:\SHINHWA\05_생산\2026\헤다 01월_v2.xls
"E:\기존 서류\황지환\설비케파분석\1팀 1,2동 직수출 SUS\설비CAPA 분석.xlsx",05_생산,"폴더(1팀 1,2동 직수출 SUS)",E:\SHINHWA\05_생산\2026\설비CAPA 분석.xlsx,1697,2026-06-10,이미 있음(동일)
"E:\기존 서류\황지환\지그관리대장\1팀 1,2동 직수출 SUS\2024 벤딩 CHECK JIG 관리대장.xlsx",05_생산,"폴더(1팀 1,2동 직수출 SUS)",E:\SHINHWA\05_생산\2026\2024 벤딩 CHECK JIG 관리대장.xlsx,66365,2026-06-10,이미 있음(동일)
"E:\기존 서류\황지환\지그관리대장\1팀 1,2동 직수출 SUS\용접-벤딩 CHECK JIG 관리대장.xlsx",05_생산,"폴더(1팀 1,2동 직수출 SUS)",E:\SHINHWA\05_생산\2026\용접-벤딩 CHECK JIG 관리대장.xlsx,7407,2026-06-10,이미 있음(동일)
"E:\기존 서류\황지환\평가\1. 생산계획, 실적관리\10월\10월 1동 생산 계획.xlsx",05_생산,"폴더(1. 생산계획, 실적관리)",E:\SHINHWA\05_생산\2025\10월 1동 생산 계획.xlsx,169,2025-10-22,이미 있음(동일)
"E:\기존 서류\황지환\평가\1. 생산계획, 실적관리\10월\10월 3동 생산 계획.xlsx",05_생산,"폴더(1. 생산계획, 실적관리)",E:\SHINHWA\05_생산\2025\10월 3동 생산 계획.xlsx,157,2025-10-22,이미 있음(동일)
"E:\기존 서류\황지환\평가\1. 생산계획, 실적관리\10월\10월 4동 생산 계획.xlsx",05_생산,"폴더(1. 생산계획, 실적관리)",E:\SHINHWA\05_생산\2025\10월 4동 생산 계획.xlsx,157,2025-10-22,이미 있음(동일)
"E:\기존 서류\황지환\평가\1. 생산계획, 실적관리\10월\10월 6-1동 생산 계획.xlsx",05_생산,"폴더(1. 생산계획, 실적관리)",E:\SHINHWA\05_생산\2025\10월 6-1동 생산 계획.xlsx,157,2025-10-22,이미 있음(동일)
"E:\기존 서류\황지환\평가\1. 생산계획, 실적관리\10월\10월 6-2동 생산 계획.xlsx",05_생산,"폴더(1. 생산계획, 실적관리)",E:\SHINHWA\05_생산\2025\10월 6-2동 생산 계획.xlsx,130,2025-10-24,이미 있음(동일)
"E:\기존 서류\황지환\평가\1. 생산계획, 실적관리\1월\1월 생산 계획.xlsx",05_생산,"폴더(1. 생산계획, 실적관리)",E:\SHINHWA\05_생산\2025\1월 생산 계획.xlsx,1049,2025-08-27,이미 있음(동일)
"E:\기존 서류\황지환\평가\1. 생산계획, 실적관리\1월\25년 1월 계획.XLS",05_생산,"폴더(1. 생산계획, 실적관리)",E:\SHINHWA\05_생산\2024\25년 1월 계획.XLS,167,2024-12-29,이미 있음(동일)
"E:\기존 서류\황지환\평가\1. 생산계획, 실적관리\24년도\10월 자재관리.xlsx",05_생산,"폴더(1. 생산계획, 실적관리)",E:\SHINHWA\05_생산\2024\10월 자재관리.xlsx,638,2024-10-15,이미 있음(동일)
"E:\기존 서류\황지환\평가\1. 생산계획, 실적관리\24년도\10월\10월 생산 계획.xlsx",05_생산,"폴더(1. 생산계획, 실적관리)",E:\SHINHWA\05_생산\2024\10월 생산 계획.xlsx,945,2024-11-26,이미 있음(동일)
"E:\기존 서류\황지환\평가\1. 생산계획, 실적관리\24년도\10월\10월 전체계획.XLS",05_생산,"폴더(1. 생산계획, 실적관리)",E:\SHINHWA\05_생산\2024\10월 전체계획.XLS,224,2024-10-07,이미 있음(동일)
"E:\기존 서류\황지환\평가\1. 생산계획, 실적관리\24년도\10월\10월 주간 생산 계획.xlsx",05_생산,"폴더(1. 생산계획, 실적관리)",E:\SHINHWA\05_생산\2024\10월 주간 생산 계획.xlsx,277,2024-10-24,이미 있음(동일)
"E:\기존 서류\황지환\평가\1. 생산계획, 실적관리\24년도\11월\11월 생산 계획 1동.xlsx",05_생산,"폴더(1. 생산계획, 실적관리)",E:\SHINHWA\05_생산\2024\11월 생산 계획 1동.xlsx,254,2024-11-12,이미 있음(동일)
"E:\기존 서류\황지환\평가\1. 생산계획, 실적관리\24년도\11월\11월 생산 계획 2동.xlsx",05_생산,"폴더(1. 생산계획, 실적관리)",E:\SHINHWA\05_생산\2024\11월 생산 계획 2동.xlsx,194,2024-11-12,이미 있음(동일)
"E:\기존 서류\황지환\평가\1. 생산계획, 실적관리\24년도\11월\11월 생산 계획 3동.xlsx",05_생산,"폴더(1. 생산계획, 실적관리)",E:\SHINHWA\05_생산\2024\11월 생산 계획 3동.xlsx,238,2024-11-12,이미 있음(동일)
"E:\기존 서류\황지환\평가\1. 생산계획, 실적관리\24년도\11월\11월 생산 계획 4동.xlsx",05_생산,"폴더(1. 생산계획, 실적관리)",E:\SHINHWA\05_생산\2024\11월 생산 계획 4동.xlsx,237,2024-11-12,이미 있음(동일)
"E:\기존 서류\황지환\평가\1. 생산계획, 실적관리\24년도\11월\11월 생산 계획 6-1동.xlsx",05_생산,"폴더(1. 생산계획, 실적관리)",E:\SHINHWA\05_생산\2024\11월 생산 계획 6-1동.xlsx,239,2024-11-12,이미 있음(동일)
"E:\기존 서류\황지환\평가\1. 생산계획, 실적관리\24년도\11월\11월 생산 계획 6-2동.xlsx",05_생산,"폴더(1. 생산계획, 실적관리)",E:\SHINHWA\05_생산\2024\11월 생산 계획 6-2동.xlsx,197,2024-11-12,이미 있음(동일)
"E:\기존 서류\황지환\평가\1. 생산계획, 실적관리\24년도\11월\11월 생산 계획.xlsx",05_생산,"폴더(1. 생산계획, 실적관리)",E:\SHINHWA\05_생산\2024\11월 생산 계획.xlsx,816,2024-12-05,이미 있음(동일)
"E:\기존 서류\황지환\평가\1. 생산계획, 실적관리\24년도\11월\11월 생산 계획_241205.xlsx",05_생산,"폴더(1. 생산계획, 실적관리)",E:\SHINHWA\05_생산\2025\11월 생산 계획_241205.xlsx,879,2025-01-06,이미 있음(동일)
"E:\기존 서류\황지환\평가\1. 생산계획, 실적관리\24년도\11월\11월 전체계획.XLS",05_생산,"폴더(1. 생산계획, 실적관리)",E:\SHINHWA\05_생산\2024\11월 전체계획.XLS,170,2024-11-28,이미 있음(동일)
"E:\기존 서류\황지환\평가\1. 생산계획, 실적관리\24년도\12월\12월 생산 계획.xlsx",05_생산,"폴더(1. 생산계획, 실적관리)",E:\SHINHWA\05_생산\2025\12월 생산 계획.xlsx,820,2025-01-19,이미 있음(동일)
"E:\기존 서류\황지환\평가\1. 생산계획, 실적관리\24년도\12월\12월 전체계획.XLS",05_생산,"폴더(1. 생산계획, 실적관리)",E:\SHINHWA\05_생산\2024\12월 전체계획.XLS,66,2024-11-28,이미 있음(동일)
"E:\기존 서류\황지환\평가\1. 생산계획, 실적관리\24년도\1월 자재관리.xlsx",05_생산,"폴더(1. 생산계획, 실적관리)",E:\SHINHWA\05_생산\2024\1월 자재관리.xlsx,621,2024-03-09,이미 있음(동일)
"E:\기존 서류\황지환\평가\1. 생산계획, 실적관리\24년도\1월\1월 전체 계획.xls",05_생산,"폴더(1. 생산계획, 실적관리)",E:\SHINHWA\05_생산\2024\1월 전체 계획.xls,35,2024-06-14,이미 있음(동일)
"E:\기존 서류\황지환\평가\1. 생산계획, 실적관리\24년도\1월\1월 주간 생산 계획.xlsx",05_생산,"폴더(1. 생산계획, 실적관리)",E:\SHINHWA\05_생산\2024\1월 주간 생산 계획.xlsx,618,2024-06-17,이미 있음(동일)
"E:\기존 서류\황지환\평가\1. 생산계획, 실적관리\24년도\2월 자재관리.xlsx",05_생산,"폴더(1. 생산계획, 실적관리)",E:\SHINHWA\05_생산\2024\2월 자재관리.xlsx,618,2024-03-09,이미 있음(동일)
"E:\기존 서류\황지환\평가\1. 생산계획, 실적관리\24년도\2월\2월 전체 계획.xls",05_생산,"폴더(1. 생산계획, 실적관리)",E:\SHINHWA\05_생산\2024\2월 전체 계획.xls,35,2024-06-14,이미 있음(동일)
"E:\기존 서류\황지환\평가\1. 생산계획, 실적관리\24년도\2월\2월 주간 생산 계획.xlsx",05_생산,"폴더(1. 생산계획, 실적관리)",E:\SHINHWA\05_생산\2024\2월 주간 생산 계획.xlsx,543,2024-06-17,이미 있음(동일)
"E:\기존 서류\황지환\평가\1. 생산계획, 실적관리\24년도\3월 자재관리.xlsx",05_생산,"폴더(1. 생산계획, 실적관리)",E:\SHINHWA\05_생산\2024\3월 자재관리.xlsx,627,2024-04-17,이미 있음(동일)
"E:\기존 서류\황지환\평가\1. 생산계획, 실적관리\24년도\3월\3월 전체 계획.xls",05_생산,"폴더(1. 생산계획, 실적관리)",E:\SHINHWA\05_생산\2024\3월 전체 계획.xls,34,2024-06-14,이미 있음(동일)
"E:\기존 서류\황지환\평가\1. 생산계획, 실적관리\24년도\3월\3월 주간 생산 계획.xlsx",05_생산,"폴더(1. 생산계획, 실적관리)",E:\SHINHWA\05_생산\2024\3월 주간 생산 계획.xlsx,545,2024-06-17,이미 있음(동일)
"E:\기존 서류\황지환\평가\1. 생산계획, 실적관리\24년도\4월 자재관리.xlsx",05_생산,"폴더(1. 생산계획, 실적관리)",E:\SHINHWA\05_생산\2024\4월 자재관리.xlsx,633,2024-05-12,이미 있음(동일)
"E:\기존 서류\황지환\평가\1. 생산계획, 실적관리\24년도\4월\4월 전체 계획.XLS",05_생산,"폴더(1. 생산계획, 실적관리)",E:\SHINHWA\05_생산\2024\4월 전체 계획.XLS,60,2024-06-14,이미 있음(동일)
"E:\기존 서류\황지환\평가\1. 생산계획, 실적관리\24년도\4월\4월 주간 생산 계획.xlsx",05_생산,"폴더(1. 생산계획, 실적관리)",E:\SHINHWA\05_생산\2024\4월 주간 생산 계획.xlsx,619,2024-06-17,이미 있음(동일)
"E:\기존 서류\황지환\평가\1. 생산계획, 실적관리\24년도\5월 자재관리.xlsx",05_생산,"폴더(1. 생산계획, 실적관리)",E:\SHINHWA\05_생산\2024\5월 자재관리.xlsx,634,2024-10-16,이미 있음(동일)
"E:\기존 서류\황지환\평가\1. 생산계획, 실적관리\24년도\5월\5월 전체 계획.XLS",05_생산,"폴더(1. 생산계획, 실적관리)",E:\SHINHWA\05_생산\2024\5월 전체 계획.XLS,84,2024-06-16,이미 있음(동일)
"E:\기존 서류\황지환\평가\1. 생산계획, 실적관리\24년도\5월\5월 주간 생산 계획.xlsx",05_생산,"폴더(1. 생산계획, 실적관리)",E:\SHINHWA\05_생산\2024\5월 주간 생산 계획.xlsx,538,2024-06-17,이미 있음(동일)
"E:\기존 서류\황지환\평가\1. 생산계획, 실적관리\24년도\6월 자재관리.xlsx",05_생산,"폴더(1. 생산계획, 실적관리)",E:\SHINHWA\05_생산\2024\6월 자재관리.xlsx,647,2024-10-16,이미 있음(동일)
"E:\기존 서류\황지환\평가\1. 생산계획, 실적관리\24년도\6월\6월 전체 계획.XLS",05_생산,"폴더(1. 생산계획, 실적관리)",E:\SHINHWA\05_생산\2024\6월 전체 계획.XLS,69,2024-06-03,이미 있음(동일)
"E:\기존 서류\황지환\평가\1. 생산계획, 실적관리\24년도\6월\6월 주간 생산 계획.xlsx",05_생산,"폴더(1. 생산계획, 실적관리)",E:\SHINHWA\05_생산\2024\6월 주간 생산 계획.xlsx,584,2024-07-07,이미 있음(동일)
"E:\기존 서류\황지환\평가\1. 생산계획, 실적관리\24년도\7월 자재관리.xlsx",05_생산,"폴더(1. 생산계획, 실적관리)",E:\SHINHWA\05_생산\2024\7월 자재관리.xlsx,649,2024-08-02,이미 있음(동일)
"E:\기존 서류\황지환\평가\1. 생산계획, 실적관리\24년도\7월 자재관리1.xlsx",05_생산,"폴더(1. 생산계획, 실적관리)",E:\SHINHWA\05_생산\2024\7월 자재관리1.xlsx,650,2024-08-09,이미 있음(동일)
"E:\기존 서류\황지환\평가\1. 생산계획, 실적관리\24년도\7월\7월 전체 계획.XLS",05_생산,"폴더(1. 생산계획, 실적관리)",E:\SHINHWA\05_생산\2024\7월 전체 계획.XLS,72,2024-06-26,이미 있음(동일)
"E:\기존 서류\황지환\평가\1. 생산계획, 실적관리\24년도\7월\7월 주간 생산 계획(자동 복구됨).xlsx",05_생산,"폴더(1. 생산계획, 실적관리)",E:\SHINHWA\05_생산\2024\7월 주간 생산 계획(자동 복구됨).xlsx,394,2024-07-24,이미 있음(동일)
"E:\기존 서류\황지환\평가\1. 생산계획, 실적관리\24년도\7월\7월 주간 생산 계획.xlsx",05_생산,"폴더(1. 생산계획, 실적관리)",E:\SHINHWA\05_생산\2024\7월 주간 생산 계획.xlsx,363,2024-07-15,이미 있음(동일)
"E:\기존 서류\황지환\평가\1. 생산계획, 실적관리\24년도\8월 자재관리 1.xlsx",05_생산,"폴더(1. 생산계획, 실적관리)",E:\SHINHWA\05_생산\2024\8월 자재관리 1.xlsx,641,2024-08-24,이미 있음(동일)
"E:\기존 서류\황지환\평가\1. 생산계획, 실적관리\24년도\8월 자재관리.xlsx",05_생산,"폴더(1. 생산계획, 실적관리)",E:\SHINHWA\05_생산\2024\8월 자재관리.xlsx,647,2024-09-03,이미 있음(동일)
"E:\기존 서류\황지환\평가\1. 생산계획, 실적관리\24년도\8월\8월 주간 생산 계획.xlsx",05_생산,"폴더(1. 생산계획, 실적관리)",E:\SHINHWA\05_생산\2024\8월 주간 생산 계획.xlsx,276,2024-08-08,이미 있음(동일)
"E:\기존 서류\황지환\평가\1. 생산계획, 실적관리\24년도\9월 자재관리.xlsx",05_생산,"폴더(1. 생산계획, 실적관리)",E:\SHINHWA\05_생산\2024\9월 자재관리.xlsx,646,2024-10-06,이미 있음(동일)
"E:\기존 서류\황지환\평가\1. 생산계획, 실적관리\24년도\9월\9월 전체계획.XLS",05_생산,"폴더(1. 생산계획, 실적관리)",E:\SHINHWA\05_생산\2024\9월 전체계획.XLS,221,2024-09-04,이미 있음(동일)
"E:\기존 서류\황지환\평가\1. 생산계획, 실적관리\24년도\9월\9월 주간 생산 계획.xlsx",05_생산,"폴더(1. 생산계획, 실적관리)",E:\SHINHWA\05_생산\2024\9월 주간 생산 계획.xlsx,276,2024-09-09,이미 있음(동일)
"E:\기존 서류\황지환\평가\1. 생산계획, 실적관리\2월\25년 1월 계획.XLS",05_생산,"폴더(1. 생산계획, 실적관리)",E:\SHINHWA\05_생산\2024\25년 1월 계획.XLS,167,2024-12-29,복사 → E:\SHINHWA\05_생산\2024\25년 1월 계획_v2.XLS
"E:\기존 서류\황지환\평가\1. 생산계획, 실적관리\2월\2월 생산 계획.xlsx",05_생산,"폴더(1. 생산계획, 실적관리)",E:\SHINHWA\05_생산\2025\2월 생산 계획.xlsx,1049,2025-03-07,이미 있음(동일)
"E:\기존 서류\황지환\평가\1. 생산계획, 실적관리\3월\25년 1월 계획.XLS",05_생산,"폴더(1. 생산계획, 실적관리)",E:\SHINHWA\05_생산\2024\25년 1월 계획.XLS,167,2024-12-29,복사 → E:\SHINHWA\05_생산\2024\25년 1월 계획_v3.XLS
"E:\기존 서류\황지환\평가\1. 생산계획, 실적관리\3월\3월 생산 계획.xlsx",05_생산,"폴더(1. 생산계획, 실적관리)",E:\SHINHWA\05_생산\2025\3월 생산 계획.xlsx,1035,2025-03-07,이미 있음(동일)
"E:\기존 서류\황지환\평가\1. 생산계획, 실적관리\4월\4월 4주차.xlsx",05_생산,"폴더(1. 생산계획, 실적관리)",E:\SHINHWA\05_생산\2025\4월 4주차.xlsx,871,2025-04-29,이미 있음(동일)
"E:\기존 서류\황지환\평가\1. 생산계획, 실적관리\4월\5월 1주차.xlsx",05_생산,"폴더(1. 생산계획, 실적관리)",E:\SHINHWA\05_생산\2025\5월 1주차.xlsx,990,2025-04-25,이미 있음(동일)
"E:\기존 서류\황지환\평가\1. 생산계획, 실적관리\4월\자동화설비 생산실적.xlsx",05_생산,"폴더(1. 생산계획, 실적관리)",E:\SHINHWA\05_생산\2025\자동화설비 생산실적.xlsx,266,2025-04-29,이미 있음(동일)
"E:\기존 서류\황지환\평가\1. 생산계획, 실적관리\5월\5월 1주차.xlsx",05_생산,"폴더(1. 생산계획, 실적관리)",E:\SHINHWA\05_생산\2025\5월 1주차.xlsx,1012,2025-05-30,복사 → E:\SHINHWA\05_생산\2025\5월 1주차_v2.xlsx
"E:\기존 서류\황지환\평가\1. 생산계획, 실적관리\5월\5월 설비라인별 케파분석.xlsx",05_생산,"폴더(1. 생산계획, 실적관리)",E:\SHINHWA\05_생산\2025\5월 설비라인별 케파분석.xlsx,209,2025-04-29,이미 있음(동일)
"E:\기존 서류\황지환\평가\1. 생산계획, 실적관리\5월\5월 전체계획_그외.XLS",05_생산,"폴더(1. 생산계획, 실적관리)",E:\SHINHWA\05_생산\2025\5월 전체계획_그외.XLS,207,2025-05-19,이미 있음(동일)
"E:\기존 서류\황지환\평가\1. 생산계획, 실적관리\5월\5월생산계획 및 재고현황 _세원.xlsx",05_생산,"폴더(1. 생산계획, 실적관리)",E:\SHINHWA\05_생산\2025\5월생산계획 및 재고현황 _세원.xlsx,64,2025-04-28,이미 있음(동일)
"E:\기존 서류\황지환\평가\1. 생산계획, 실적관리\6월\6월 1주차.xlsx",05_생산,"폴더(1. 생산계획, 실적관리)",E:\SHINHWA\05_생산\2025\6월 1주차.xlsx,1007,2025-05-22,이미 있음(동일)
"E:\기존 서류\황지환\평가\1. 생산계획, 실적관리\6월\6월 설비라인별 케파분석.xlsx",05_생산,"폴더(1. 생산계획, 실적관리)",E:\SHINHWA\05_생산\2025\6월 설비라인별 케파분석.xlsx,209,2025-04-29,이미 있음(동일)
"E:\기존 서류\황지환\평가\1. 생산계획, 실적관리\6월\6월 전체계획_그외.XLS",05_생산,"폴더(1. 생산계획, 실적관리)",E:\SHINHWA\05_생산\2025\6월 전체계획_그외.XLS,208,2025-05-22,이미 있음(동일)
"E:\기존 서류\황지환\평가\1. 생산계획, 실적관리\6월\6월생산계획 및 재고현황 _세원.xlsx",05_생산,"폴더(1. 생산계획, 실적관리)",E:\SHINHWA\05_생산\2025\6월생산계획 및 재고현황 _세원.xlsx,91,2025-05-27,이미 있음(동일)
"E:\기존 서류\황지환\평가\1. 생산계획, 실적관리\7월\25년 7월 계획.XLS",05_생산,"폴더(1. 생산계획, 실적관리)",E:\SHINHWA\05_생산\2025\25년 7월 계획.XLS,167,2025-08-27,이미 있음(동일)
"E:\기존 서류\황지환\평가\1. 생산계획, 실적관리\7월\7월 생산 계획.xlsx",05_생산,"폴더(1. 생산계획, 실적관리)",E:\SHINHWA\05_생산\2025\7월 생산 계획.xlsx,1047,2025-08-27,이미 있음(동일)
"E:\기존 서류\황지환\평가\1. 생산계획, 실적관리\8월\25년 8월 계획.XLS",05_생산,"폴더(1. 생산계획, 실적관리)",E:\SHINHWA\05_생산\2025\25년 8월 계획.XLS,167,2025-08-27,이미 있음(동일)
"E:\기존 서류\황지환\평가\1. 생산계획, 실적관리\8월\8월 생산 계획.xlsx",05_생산,"폴더(1. 생산계획, 실적관리)",E:\SHINHWA\05_생산\2025\8월 생산 계획.xlsx,1012,2025-08-27,이미 있음(동일)
E:\기존 서류\황지환\평가\10. 비상계획 - 협력사 비상대책\2024년 생산부 _ 우발사고 대비 계획서.xls,05_생산,파일명,E:\SHINHWA\05_생산\2024\2024년 생산부 _ 우발사고 대비 계획서.xls,149,2024-11-22,이미 있음(동일)
E:\기존 서류\황지환\평가\2. 공급능력 관리(완)\1월\1월 전체계획.XLS,05_생산,파일명 지정(전체계획),E:\SHINHWA\05_생산\2025\1월 전체계획.XLS,206,2025-02-21,복사 → E:\SHINHWA\05_생산\2025\1월 전체계획.XLS
E:\기존 서류\황지환\평가\2. 공급능력 관리(완)\24년\10월\10월 전체계획.XLS,05_생산,파일명 지정(전체계획),E:\SHINHWA\05_생산\2024\10월 전체계획.XLS,224,2024-10-07,복사 → E:\SHINHWA\05_생산\2024\10월 전체계획_v2.XLS
E:\기존 서류\황지환\평가\2. 공급능력 관리(완)\24년\10월\24년도 출하관리.xlsx,05_생산,파일명,E:\SHINHWA\05_생산\2024\24년도 출하관리.xlsx,871,2024-10-21,이미 있음(동일)
E:\기존 서류\황지환\평가\2. 공급능력 관리(완)\24년\11월\11월 전체계획.XLS,05_생산,파일명 지정(전체계획),E:\SHINHWA\05_생산\2024\11월 전체계획.XLS,168,2024-10-25,복사 → E:\SHINHWA\05_생산\2024\11월 전체계획_v2.XLS
E:\기존 서류\황지환\평가\2. 공급능력 관리(완)\24년\11월\24년도 출하관리.xlsx,05_생산,파일명,E:\SHINHWA\05_생산\2024\24년도 출하관리.xlsx,871,2024-10-21,이미 있음(동일)
E:\기존 서류\황지환\평가\2. 공급능력 관리(완)\24년\12월\12월 전체계획.XLS,05_생산,파일명 지정(전체계획),E:\SHINHWA\05_생산\2024\12월 전체계획.XLS,77,2024-12-31,복사 → E:\SHINHWA\05_생산\2024\12월 전체계획_v2.XLS
E:\기존 서류\황지환\평가\2. 공급능력 관리(완)\24년\12월\24년도 출하관리.xlsx,05_생산,파일명,E:\SHINHWA\05_생산\2024\24년도 출하관리.xlsx,871,2024-10-21,이미 있음(동일)
E:\기존 서류\황지환\평가\2. 공급능력 관리(완)\24년\1월\1월 전체 계획.xls,05_생산,파일명 지정(전체 계획),E:\SHINHWA\05_생산\2024\1월 전체 계획.xls,35,2024-06-14,복사 → E:\SHINHWA\05_생산\2024\1월 전체 계획_v2.xls
E:\기존 서류\황지환\평가\2. 공급능력 관리(완)\24년\2월\2월 전체 계획.xls,05_생산,파일명 지정(전체 계획),E:\SHINHWA\05_생산\2024\2월 전체 계획.xls,35,2024-06-14,이미 있음(동일)
E:\기존 서류\황지환\평가\2. 공급능력 관리(완)\24년\3월\3월 전체 계획.xls,05_생산,파일명 지정(전체 계획),E:\SHINHWA\05_생산\2024\3월 전체 계획.xls,34,2024-06-14,복사 → E:\SHINHWA\05_생산\2024\3월 전체 계획_v2.xls
E:\기존 서류\황지환\평가\2. 공급능력 관리(완)\24년\4월\4월 전체 계획.XLS,05_생산,파일명 지정(전체 계획),E:\SHINHWA\05_생산\2024\4월 전체 계획.XLS,60,2024-06-14,복사 → E:\SHINHWA\05_생산\2024\4월 전체 계획_v2.XLS
E:\기존 서류\황지환\평가\2. 공급능력 관리(완)\24년\5월\5월 전체 계획.XLS,05_생산,파일명 지정(전체 계획),E:\SHINHWA\05_생산\2024\5월 전체 계획.XLS,84,2024-06-14,복사 → E:\SHINHWA\05_생산\2024\5월 전체 계획_v2.XLS
E:\기존 서류\황지환\평가\2. 공급능력 관리(완)\24년\6월\6월 전체 계획.XLS,05_생산,파일명 지정(전체 계획),E:\SHINHWA\05_생산\2024\6월 전체 계획.XLS,69,2024-06-14,복사 → E:\SHINHWA\05_생산\2024\6월 전체 계획_v2.XLS
E:\기존 서류\황지환\평가\2. 공급능력 관리(완)\24년\7월\7월 전체 계획.XLS,05_생산,파일명 지정(전체 계획),E:\SHINHWA\05_생산\2024\7월 전체 계획.XLS,72,2024-06-26,복사 → E:\SHINHWA\05_생산\2024\7월 전체 계획_v2.XLS
E:\기존 서류\황지환\평가\2. 공급능력 관리(완)\24년\9월\9월 전체계획.XLS,05_생산,파일명 지정(전체계획),E:\SHINHWA\05_생산\2024\9월 전체계획.XLS,221,2024-09-04,복사 → E:\SHINHWA\05_생산\2024\9월 전체계획_v2.XLS
E:\기존 서류\황지환\평가\2. 공급능력 관리(완)\24년도 출하관리.xlsx,05_생산,파일명,E:\SHINHWA\05_생산\2025\24년도 출하관리.xlsx,1063,2025-01-06,이미 있음(동일)
E:\기존 서류\황지환\평가\2. 공급능력 관리(완)\2월\2월 전체계획.XLS,05_생산,파일명 지정(전체계획),E:\SHINHWA\05_생산\2025\2월 전체계획.XLS,204,2025-02-21,복사 → E:\SHINHWA\05_생산\2025\2월 전체계획.XLS
E:\기존 서류\황지환\평가\2. 공급능력 관리(완)\4월\4월 전체계획.XLS,05_생산,파일명 지정(전체계획),E:\SHINHWA\05_생산\2025\4월 전체계획.XLS,195,2025-03-27,복사 → E:\SHINHWA\05_생산\2025\4월 전체계획.XLS
E:\기존 서류\황지환\평가\2. 공급능력 관리(완)\4월\forecast\(NU_I)EGR forecast 20250326 HPS.xlsx,05_생산,파일명 지정(forecast),E:\SHINHWA\05_생산\2025\(NU_I)EGR forecast 20250326 HPS.xlsx,11,2025-03-27,복사 → E:\SHINHWA\05_생산\2025\(NU_I)EGR forecast 20250326 HPS.xlsx
E:\기존 서류\황지환\평가\2. 공급능력 관리(완)\4월\forecast\HE 부품 5개월 forecast (2025 03 25) (2).xlsx,05_생산,파일명 지정(forecast),E:\SHINHWA\05_생산\2025\HE 부품 5개월 forecast (2025 03 25) (2).xlsx,102,2025-03-26,복사 → E:\SHINHWA\05_생산\2025\HE 부품 5개월 forecast (2025 03 25) (2).xlsx
E:\기존 서류\황지환\평가\2. 공급능력 관리(완)\4월\forecast\R-Eng 부품 5개월 forecast (2025 03 25) (1).xlsx,05_생산,파일명 지정(forecast),E:\SHINHWA\05_생산\2025\R-Eng 부품 5개월 forecast (2025 03 25) (1).xlsx,50,2025-03-26,복사 → E:\SHINHWA\05_생산\2025\R-Eng 부품 5개월 forecast (2025 03 25) (1).xlsx
E:\기존 서류\황지환\평가\4. 적용시점\세원ITEM 단산시점\RE_ RE_RE_P702 Header 단산관련 고객사 Forecast 정보 공유..html,05_생산,파일명 지정(forecast),E:\SHINHWA\05_생산\2024\RE_ RE_RE_P702 Header 단산관련 고객사 Forecast 정보 공유..html,21,2024-06-16,복사 → E:\SHINHWA\05_생산\2024\RE_ RE_RE_P702 Header 단산관련 고객사 Forecast 정보 공유..html
E:\기존 서류\황지환\평가\4. 적용시점\세원ITEM 단산시점\해외 직수출 SNL기준 단산 시점_210709.xlsx,05_생산,파일명,E:\SHINHWA\05_생산\2024\해외 직수출 SNL기준 단산 시점_210709.xlsx,53,2024-06-12,이미 있음(동일)
E:\기존 서류\황지환\평가\5. 원단위 관리(완)\1.직수출 PIPE BOM_Rev1.xls,05_생산,파일명,E:\SHINHWA\05_생산\2024\1.직수출 PIPE BOM_Rev1.xls,2847,2024-10-24,이미 있음(동일)
E:\기존 서류\황지환\평가\매\계획대 생산실적 ㅎ.xlsx,05_생산,파일명,E:\SHINHWA\05_생산\2024\계획대 생산실적 ㅎ.xlsx,166,2024-05-07,이미 있음(동일)
E:\기존 서류\황지환\평가\매\계획대 생산실적.xlsx,05_생산,파일명,E:\SHINHWA\05_생산\2024\계획대 생산실적.xlsx,848,2024-04-16,이미 있음(동일)
E:\기존 서류\황지환\평가\매\주간생산계획.xlsx,05_생산,파일명,E:\SHINHWA\05_생산\2024\주간생산계획.xlsx,521,2024-03-25,이미 있음(동일)
E:\기존 서류\황지환\평가\매\주간생산계획VER2.xlsx,05_생산,파일명,E:\SHINHWA\05_생산\2024\주간생산계획VER2.xlsx,53,2024-05-14,이미 있음(동일)
E:\기존 서류\황지환\평가\매\주간생산계획VER3.xlsx,05_생산,파일명,E:\SHINHWA\05_생산\2024\주간생산계획VER3.xlsx,496,2024-05-29,이미 있음(동일)
E:\20260917_IATF16949 시스템\00.품질매뉴얼(완).xls,00_QMS문서,QMS 문서(SH-/키워드),E:\SHINHWA\00_QMS문서\2026\00.품질매뉴얼(완).xls,4905,2026-09-17,이미 있음(동일)
E:\20260917_IATF16949 시스템\01.경영검토 프로세스(완).xlsx,00_QMS문서,QMS 문서(SH-/키워드),E:\SHINHWA\00_QMS문서\2026\01.경영검토 프로세스(완).xlsx,189,2026-09-17,이미 있음(동일)
E:\20260917_IATF16949 시스템\03.제품개발 프로세스(완).xlsx,00_QMS문서,QMS 문서(SH-/키워드),E:\SHINHWA\00_QMS문서\2026\03.제품개발 프로세스(완).xlsx,690,2026-09-17,이미 있음(동일)
E:\20260917_IATF16949 시스템\04.영업관리 프로세스(완).xlsx,00_QMS문서,QMS 문서(SH-/키워드),E:\SHINHWA\00_QMS문서\2026\04.영업관리 프로세스(완).xlsx,155,2026-09-17,이미 있음(동일)
E:\20260917_IATF16949 시스템\05 고객만족 프로세스(완).xlsx,00_QMS문서,QMS 문서(SH-/키워드),E:\SHINHWA\00_QMS문서\2026\05 고객만족 프로세스(완).xlsx,143,2026-09-17,이미 있음(동일)
E:\20260917_IATF16949 시스템\06 생산 프로세스(완).xlsx,00_QMS문서,QMS 문서(SH-/키워드),E:\SHINHWA\00_QMS문서\2026\06 생산 프로세스(완).xlsx,207,2026-09-17,이미 있음(동일)
E:\20260917_IATF16949 시스템\07.문서관리_프로세스(완).xlsx,00_QMS문서,QMS 문서(SH-/키워드),E:\SHINHWA\00_QMS문서\2026\07.문서관리_프로세스(완).xlsx,742,2026-09-17,이미 있음(동일)
E:\20260917_IATF16949 시스템\08.교육관련 프로세스(완).xlsx,00_QMS문서,QMS 문서(SH-/키워드),E:\SHINHWA\00_QMS문서\2026\08.교육관련 프로세스(완).xlsx,282,2026-09-17,이미 있음(동일)
E:\20260917_IATF16949 시스템\09.설비관리 프로세스(완).xlsx,00_QMS문서,QMS 문서(SH-/키워드),E:\SHINHWA\00_QMS문서\2026\09.설비관리 프로세스(완).xlsx,125,2026-09-17,이미 있음(동일)
E:\20260917_IATF16949 시스템\10.구매관리 프로세스(완).xlsx,00_QMS문서,QMS 문서(SH-/키워드),E:\SHINHWA\00_QMS문서\2026\10.구매관리 프로세스(완).xlsx,672,2026-09-17,이미 있음(동일)
E:\20260917_IATF16949 시스템\11.검사 및 시험 프로세스(완).xlsx,00_QMS문서,QMS 문서(SH-/키워드),E:\SHINHWA\00_QMS문서\2026\11.검사 및 시험 프로세스(완).xlsx,210,2026-09-17,이미 있음(동일)
E:\20260917_IATF16949 시스템\12.변경관리 프로세스(완).xlsx,00_QMS문서,QMS 문서(SH-/키워드),E:\SHINHWA\00_QMS문서\2026\12.변경관리 프로세스(완).xlsx,194,2026-09-17,이미 있음(동일)
E:\20260917_IATF16949 시스템\13.리스크 관리 프로세스(완).xlsx,00_QMS문서,QMS 문서(SH-/키워드),E:\SHINHWA\00_QMS문서\2026\13.리스크 관리 프로세스(완).xlsx,195,2026-09-17,이미 있음(동일)
E:\20260917_IATF16949 시스템\14.부적합 및 시정조치 프로세스(완).xlsx,00_QMS문서,QMS 문서(SH-/키워드),E:\SHINHWA\00_QMS문서\2026\14.부적합 및 시정조치 프로세스(완).xlsx,292,2026-09-17,이미 있음(동일)
E:\20260917_IATF16949 시스템\15.환경운영관리.docx,00_QMS문서,QMS 문서(SH-/키워드),E:\SHINHWA\00_QMS문서\2026\15.환경운영관리.docx,35,2026-09-17,이미 있음(동일)
E:\20260917_IATF16949 시스템\16.환경영향평가.docx,00_QMS문서,QMS 문서(SH-/키워드),E:\SHINHWA\00_QMS문서\2026\16.환경영향평가.docx,42,2026-09-17,이미 있음(동일)
E:\20260917_IATF16949 시스템\17.환경법규관리.docx,00_QMS문서,QMS 문서(SH-/키워드),E:\SHINHWA\00_QMS문서\2026\17.환경법규관리.docx,29,2026-09-17,이미 있음(동일)
E:\20260917_IATF16949 시스템\18.비상대비 및 대응.docx,00_QMS문서,QMS 문서(SH-/키워드),E:\SHINHWA\00_QMS문서\2026\18.비상대비 및 대응.docx,29,2026-09-17,이미 있음(동일)
E:\20260917_IATF16949 시스템\품질 경영 시스템 매뉴얼 목록.xlsx,00_QMS문서,QMS 문서(SH-/키워드),E:\SHINHWA\00_QMS문서\2026\품질 경영 시스템 매뉴얼 목록.xlsx,10,2026-09-17,이미 있음(동일)
E:\20260917_IATF16949 시스템\프로세스 목록표(참조).xlsx,00_QMS문서,QMS 문서(SH-/키워드),E:\SHINHWA\00_QMS문서\2026\프로세스 목록표(참조).xlsx,10,2026-09-17,이미 있음(동일)
E:\SQ 심사 관련서류\1-3 표준류 현지어 번역본 비치\부적합품 관리 프로세스 이미지 번역본.png,00_QMS문서,QMS 문서(SH-/키워드),E:\SHINHWA\00_QMS문서\2026\부적합품 관리 프로세스 이미지 번역본.png,1604,2026-06-19,이미 있음(동일)
"E:\SQ 심사 관련서류\2.-2 수입검사 누락방지 절차 수립\20260514_수입검사 기준서,절차서.zip",00_QMS문서,QMS 문서(SH-/키워드),"E:\SHINHWA\00_QMS문서\2026\20260514_수입검사 기준서,절차서.zip",16090,2026-05-14,이미 있음(동일)
E:\SQ 심사 관련서류\4-1 금형관리 프로세스\금형관리프로세스.xlsx,00_QMS문서,QMS 문서(SH-/키워드),E:\SHINHWA\00_QMS문서\2026\금형관리프로세스.xlsx,10669,2026-06-15,이미 있음(동일)
"E:\SQ 심사 관련서류\6-1 안전관리 프로세스\5-9안전관리,환경안전\7. MSDS\MSDS_관리프로세스.xls",00_QMS문서,QMS 문서(SH-/키워드),E:\SHINHWA\00_QMS문서\2024\MSDS_관리프로세스.xls,1550,2024-06-13,이미 있음(동일)
E:\SQ 심사 관련서류\6-2 설계변경 4M 변경처리 업무절차\기존 자료\12.변경관리 프로세스(완).xlsx,00_QMS문서,QMS 문서(SH-/키워드),E:\SHINHWA\00_QMS문서\2026\12.변경관리 프로세스(완).xlsx,193,2026-05-12,복사 → E:\SHINHWA\00_QMS문서\2026\12.변경관리 프로세스(완)_v2.xlsx
E:\SQ 심사 관련서류\지빠귀\자격인증\■ 자격인증 프로세스.xlsx,00_QMS문서,QMS 문서(SH-/키워드),E:\SHINHWA\00_QMS문서\2026\■ 자격인증 프로세스.xlsx,12,2026-05-18,이미 있음(동일)
E:\SQ 심사 관련서류\지빠귀\정성품질\GPC관련\첨부2. GPC포탈 매뉴얼(협력사사용자 MOBILE)_220123.pdf,00_QMS문서,QMS 문서(SH-/키워드),E:\SHINHWA\00_QMS문서\2026\첨부2. GPC포탈 매뉴얼(협력사사용자 MOBILE)_220123.pdf,1919,2026-05-18,이미 있음(동일)
E:\SQ 심사 관련서류\지빠귀\정성품질\GPC관련\첨부2. GPC포탈 매뉴얼(협력사사용자 PC)_220123.pdf,00_QMS문서,QMS 문서(SH-/키워드),E:\SHINHWA\00_QMS문서\2026\첨부2. GPC포탈 매뉴얼(협력사사용자 PC)_220123.pdf,7350,2026-05-18,이미 있음(동일)
E:\기존 서류\이광재 부장 서류\기존서류 2\부적합품 프로세스\외주품 및 사내 부적합품 처리절차 프로세스.xlsx,00_QMS문서,QMS 문서(SH-/키워드),E:\SHINHWA\00_QMS문서\2026\외주품 및 사내 부적합품 처리절차 프로세스.xlsx,210,2026-06-10,이미 있음(동일)
E:\기존 서류\이광재 부장 서류\기존서류 2\수입검사(1)\부적합품 프로세스\외주품 및 사내 부적합품 처리절차 프로세스.xlsx,00_QMS문서,QMS 문서(SH-/키워드),E:\SHINHWA\00_QMS문서\2026\외주품 및 사내 부적합품 처리절차 프로세스.xlsx,210,2026-06-10,이미 있음(동일)
"E:\기존 서류\이광재 부장 서류\기존서류 2\수입검사(1)\수입검사 기준서,절차서\부적합품 프로세스\외주품 및 사내 부적합품 처리절차 프로세스.xlsx",00_QMS문서,QMS 문서(SH-/키워드),E:\SHINHWA\00_QMS문서\2026\외주품 및 사내 부적합품 처리절차 프로세스.xlsx,210,2026-06-10,이미 있음(동일)
"E:\기존 서류\이광재 부장 서류\기존서류 2\수입검사(1)\수입검사 기준서,절차서\중요.검사 및 시험 프로세스(절차서)230510.xlsx",00_QMS문서,QMS 문서(SH-/키워드),E:\SHINHWA\00_QMS문서\2026\중요.검사 및 시험 프로세스(절차서)230510.xlsx,436,2026-06-10,이미 있음(동일)
E:\기존 서류\이광재 부장 서류\기존서류 2\수입검사\부적합품 프로세스\외주품 및 사내 부적합품 처리절차 프로세스.xlsx,00_QMS문서,QMS 문서(SH-/키워드),E:\SHINHWA\00_QMS문서\2026\외주품 및 사내 부적합품 처리절차 프로세스.xlsx,210,2026-06-10,이미 있음(동일)
"E:\기존 서류\이광재 부장 서류\기존서류 2\수입검사\수입검사 기준서,절차서\부적합품 프로세스\외주품 및 사내 부적합품 처리절차 프로세스.xlsx",00_QMS문서,QMS 문서(SH-/키워드),E:\SHINHWA\00_QMS문서\2026\외주품 및 사내 부적합품 처리절차 프로세스.xlsx,210,2026-06-10,이미 있음(동일)
"E:\기존 서류\이광재 부장 서류\기존서류 2\수입검사\수입검사 기준서,절차서\중요.검사 및 시험 프로세스(절차서)230510.xlsx",00_QMS문서,QMS 문서(SH-/키워드),E:\SHINHWA\00_QMS문서\2026\중요.검사 및 시험 프로세스(절차서)230510.xlsx,436,2026-06-10,이미 있음(동일)
E:\기존 서류\이광재 부장 서류\기존서류 2\품질.경영 방침.목표(1)\품질목표\CJM_품질경영매뉴얼.xlsx,00_QMS문서,QMS 문서(SH-/키워드),E:\SHINHWA\00_QMS문서\2026\CJM_품질경영매뉴얼.xlsx,253,2026-06-10,이미 있음(동일)
E:\기존 서류\이광재 부장 서류\기존서류 2\품질.경영 방침.목표(1)\품질목표\신화H&T_품질경영매뉴얼.xlsx,00_QMS문서,QMS 문서(SH-/키워드),E:\SHINHWA\00_QMS문서\2026\신화H&T_품질경영매뉴얼.xlsx,253,2026-06-10,이미 있음(동일)
E:\기존 서류\이광재 부장 서류\기존서류 2\품질개선(1)\한온시스템 이행성평가 지적사항\11.검사 및 시험 프로세스(업)230510.xlsx,00_QMS문서,QMS 문서(SH-/키워드),E:\SHINHWA\00_QMS문서\2026\11.검사 및 시험 프로세스(업)230510.xlsx,295,2026-06-10,이미 있음(동일)
E:\기존 서류\이광재 부장 서류\기존서류 2\품질개선(1)\한온시스템 이행성평가 지적사항\11.검사 및 시험 프로세스.xlsx,00_QMS문서,QMS 문서(SH-/키워드),E:\SHINHWA\00_QMS문서\2026\11.검사 및 시험 프로세스.xlsx,230,2026-06-10,이미 있음(동일)
E:\기존 서류\이광재 부장 서류\기존서류 2\품질개선\한온시스템 이행성평가 지적사항\11.검사 및 시험 프로세스(업)230510.xlsx,00_QMS문서,QMS 문서(SH-/키워드),E:\SHINHWA\00_QMS문서\2026\11.검사 및 시험 프로세스(업)230510.xlsx,295,2026-06-10,이미 있음(동일)
E:\기존 서류\이광재 부장 서류\기존서류 2\품질개선\한온시스템 이행성평가 지적사항\11.검사 및 시험 프로세스.xlsx,00_QMS문서,QMS 문서(SH-/키워드),E:\SHINHWA\00_QMS문서\2026\11.검사 및 시험 프로세스.xlsx,230,2026-06-10,이미 있음(동일)
"E:\기존 서류\이광재 부장 서류\수입검사 기준서,절차서(1)\중요.검사 및 시험 프로세스(절차서)230510.xlsx",00_QMS문서,QMS 문서(SH-/키워드),E:\SHINHWA\00_QMS문서\2026\중요.검사 및 시험 프로세스(절차서)230510.xlsx,436,2026-06-10,이미 있음(동일)
"E:\기존 서류\이광재 부장 서류\수입검사 기준서,절차서\중요.검사 및 시험 프로세스(절차서)230510.xlsx",00_QMS문서,QMS 문서(SH-/키워드),E:\SHINHWA\00_QMS문서\2026\중요.검사 및 시험 프로세스(절차서)230510.xlsx,436,2026-06-10,이미 있음(동일)
"E:\기존 서류\지성규 부장\5-9안전관리,환경안전\7. MSDS\MSDS_관리프로세스.xls",00_QMS문서,QMS 문서(SH-/키워드),E:\SHINHWA\00_QMS문서\2024\MSDS_관리프로세스.xls,1550,2024-06-13,이미 있음(동일)
E:\기존 서류\황지환\과장님이 주신거\SQ\SQ 평가서 기준 작업자 LEVEL 평가 기준및 프로세스.xlsx,00_QMS문서,QMS 문서(SH-/키워드),E:\SHINHWA\00_QMS문서\2026\SQ 평가서 기준 작업자 LEVEL 평가 기준및 프로세스.xlsx,1158,2026-05-29,이미 있음(동일)
E:\기존 서류\황지환\과장님이 주신거\SQ\작업표준서\1동 작업표준서 차압기.xlsx,00_QMS문서,QMS 문서(SH-/키워드),E:\SHINHWA\00_QMS문서\2026\1동 작업표준서 차압기.xlsx,962,2026-05-20,이미 있음(동일)
E:\기존 서류\황지환\과장님이 주신거\SQ\작업표준서\6동 작업표준서 밴딩라인.xlsx,00_QMS문서,QMS 문서(SH-/키워드),E:\SHINHWA\00_QMS문서\2026\6동 작업표준서 밴딩라인.xlsx,1131,2026-05-20,이미 있음(동일)
E:\기존 서류\황지환\과장님이 주신거\SQ\작업표준서\6동 작업표준서 자동라인.xlsx,00_QMS문서,QMS 문서(SH-/키워드),E:\SHINHWA\00_QMS문서\2026\6동 작업표준서 자동라인.xlsx,1759,2026-05-20,이미 있음(동일)
E:\기존 서류\황지환\과장님이 주신거\SQ\작업표준서\6동 작업표준서 포밍라인.xlsx,00_QMS문서,QMS 문서(SH-/키워드),E:\SHINHWA\00_QMS문서\2026\6동 작업표준서 포밍라인.xlsx,1124,2026-05-20,이미 있음(동일)
E:\기존 서류\황지환\과장님이 주신거\SQ\작업표준서\작업표준서 캄보디아 번역\1동_작업표준서_차압기_캄보디아어.xlsx,00_QMS문서,QMS 문서(SH-/키워드),E:\SHINHWA\00_QMS문서\2026\1동_작업표준서_차압기_캄보디아어.xlsx,961,2026-05-26,이미 있음(동일)
E:\기존 서류\황지환\과장님이 주신거\SQ\작업표준서\작업표준서 캄보디아 번역\6동_작업표준서_밴딩라인_캄보디아어.xlsx,00_QMS문서,QMS 문서(SH-/키워드),E:\SHINHWA\00_QMS문서\2026\6동_작업표준서_밴딩라인_캄보디아어.xlsx,4248,2026-05-22,이미 있음(동일)
E:\기존 서류\황지환\과장님이 주신거\SQ\작업표준서\작업표준서 캄보디아 번역\6동_작업표준서_자동라인_캄보디아어.xlsx,00_QMS문서,QMS 문서(SH-/키워드),E:\SHINHWA\00_QMS문서\2026\6동_작업표준서_자동라인_캄보디아어.xlsx,4749,2026-05-22,이미 있음(동일)
E:\기존 서류\황지환\과장님이 주신거\SQ\작업표준서\작업표준서 캄보디아 번역\6동_작업표준서_포밍라인_캄보디아어.xlsx,00_QMS문서,QMS 문서(SH-/키워드),E:\SHINHWA\00_QMS문서\2026\6동_작업표준서_포밍라인_캄보디아어.xlsx,8104,2026-05-22,이미 있음(동일)
E:\기존 서류\황지환\작업표준서\1팀 브레이징 용접\벤딩\CNC 13호기\B562-E1L -현지어.xlsx,00_QMS문서,폴더 지정(작업표준서),E:\SHINHWA\00_QMS문서\2026\B562-E1L -현지어.xlsx,757,2026-06-10,이미 있음(동일)
E:\기존 서류\황지환\작업표준서\1팀 브레이징 용접\벤딩\CNC 13호기\BEV3-현지어.xlsx,00_QMS문서,폴더 지정(작업표준서),E:\SHINHWA\00_QMS문서\2026\BEV3-현지어.xlsx,1319,2026-06-10,이미 있음(동일)
E:\기존 서류\황지환\작업표준서\1팀 브레이징 용접\벤딩\CNC 13호기\GM BEV2-DIS-현지어.xlsx,00_QMS문서,폴더 지정(작업표준서),E:\SHINHWA\00_QMS문서\2026\GM BEV2-DIS-현지어.xlsx,781,2026-06-10,이미 있음(동일)
E:\기존 서류\황지환\작업표준서\1팀 브레이징 용접\벤딩\CNC 13호기\J34(GEN7)-DIS.xlsx,00_QMS문서,폴더 지정(작업표준서),E:\SHINHWA\00_QMS문서\2026\J34(GEN7)-DIS.xlsx,1296,2026-06-10,이미 있음(동일)
E:\기존 서류\황지환\작업표준서\1팀 브레이징 용접\벤딩\CNC 13호기\LF-HEV-230L-현지어.xlsx,00_QMS문서,폴더 지정(작업표준서),E:\SHINHWA\00_QMS문서\2026\LF-HEV-230L-현지어.xlsx,1111,2026-06-10,이미 있음(동일)
E:\기존 서류\황지환\작업표준서\1팀 브레이징 용접\벤딩\CNC 13호기\RS4-현지어.xlsx,00_QMS문서,폴더 지정(작업표준서),E:\SHINHWA\00_QMS문서\2026\RS4-현지어.xlsx,1821,2026-06-10,이미 있음(동일)
E:\기존 서류\황지환\작업표준서\1팀 브레이징 용접\벤딩\CNC 13호기\p702-현지어.xlsx,00_QMS문서,폴더 지정(작업표준서),E:\SHINHWA\00_QMS문서\2026\p702-현지어.xlsx,730,2026-06-10,이미 있음(동일)
E:\기존 서류\황지환\작업표준서\1팀 브레이징 용접\벤딩\CNC11호기\BDM-GSL -현지어.xlsx,00_QMS문서,폴더 지정(작업표준서),E:\SHINHWA\00_QMS문서\2026\BDM-GSL -현지어.xlsx,1253,2026-06-10,이미 있음(동일)
E:\기존 서류\황지환\작업표준서\1팀 브레이징 용접\벤딩\CNC11호기\BDM-TGDI -현지어.xlsx,00_QMS문서,폴더 지정(작업표준서),E:\SHINHWA\00_QMS문서\2026\BDM-TGDI -현지어.xlsx,902,2026-06-10,이미 있음(동일)
E:\기존 서류\황지환\작업표준서\1팀 브레이징 용접\벤딩\CNC11호기\BEV2 -현지어.xlsx,00_QMS문서,폴더 지정(작업표준서),E:\SHINHWA\00_QMS문서\2026\BEV2 -현지어.xlsx,547,2026-06-10,이미 있음(동일)
E:\기존 서류\황지환\작업표준서\1팀 브레이징 용접\벤딩\CNC11호기\J34(GEN7).xlsx,00_QMS문서,폴더 지정(작업표준서),E:\SHINHWA\00_QMS문서\2026\J34(GEN7).xlsx,922,2026-06-10,이미 있음(동일)
E:\기존 서류\황지환\작업표준서\1팀 브레이징 용접\벤딩\CNC11호기\JFA-PE - 434.5-태국어.xlsx,00_QMS문서,폴더 지정(작업표준서),E:\SHINHWA\00_QMS문서\2026\JFA-PE - 434.5-태국어.xlsx,322,2026-06-10,이미 있음(동일)
E:\기존 서류\황지환\작업표준서\1팀 브레이징 용접\벤딩\CNC11호기\JLRD8-344L-현지어 -.xlsx,00_QMS문서,폴더 지정(작업표준서),E:\SHINHWA\00_QMS문서\2026\JLRD8-344L-현지어 -.xlsx,1120,2026-06-10,이미 있음(동일)
E:\기존 서류\황지환\작업표준서\1팀 브레이징 용접\벤딩\CNC11호기\SC(O) -현지어.xlsx,00_QMS문서,폴더 지정(작업표준서),E:\SHINHWA\00_QMS문서\2026\SC(O) -현지어.xlsx,1970,2026-06-10,이미 있음(동일)
E:\기존 서류\황지환\작업표준서\1팀 브레이징 용접\벤딩\CNC11호기\TM -현지어.xlsx,00_QMS문서,폴더 지정(작업표준서),E:\SHINHWA\00_QMS문서\2026\TM -현지어.xlsx,1014,2026-06-10,이미 있음(동일)
E:\기존 서류\황지환\작업표준서\1팀 브레이징 용접\벤딩\CNC11호기\US4 -현지어.xlsx,00_QMS문서,폴더 지정(작업표준서),E:\SHINHWA\00_QMS문서\2026\US4 -현지어.xlsx,1253,2026-06-10,이미 있음(동일)
E:\기존 서류\황지환\작업표준서\1팀 브레이징 용접\벤딩\CNC11호기\jx -현지어.xlsx,00_QMS문서,폴더 지정(작업표준서),E:\SHINHWA\00_QMS문서\2026\jx -현지어.xlsx,1249,2026-06-10,이미 있음(동일)
E:\기존 서류\황지환\작업표준서\1팀 브레이징 용접\벤딩\CNC11호기\jx-20T -현지어.xlsx,00_QMS문서,폴더 지정(작업표준서),E:\SHINHWA\00_QMS문서\2026\jx-20T -현지어.xlsx,1636,2026-06-10,이미 있음(동일)
E:\기존 서류\황지환\작업표준서\1팀 브레이징 용접\수압\leak 작업표준.xls,00_QMS문서,QMS 문서(SH-/키워드),E:\SHINHWA\00_QMS문서\2026\leak 작업표준.xls,8606,2026-06-10,이미 있음(동일)
E:\기존 서류\황지환\작업표준서\1팀 브레이징 용접\포밍\8호기 원비드포밍기본툴-현지어.xlsx,00_QMS문서,폴더 지정(작업표준서),E:\SHINHWA\00_QMS문서\2026\8호기 원비드포밍기본툴-현지어.xlsx,181,2026-06-10,이미 있음(동일)
E:\기존 서류\황지환\작업표준서\1팀 브레이징 용접\포밍\GDI 작업표준 -현지어.xlsx,00_QMS문서,QMS 문서(SH-/키워드),E:\SHINHWA\00_QMS문서\2026\GDI 작업표준 -현지어.xlsx,178,2026-06-10,이미 있음(동일)
E:\기존 서류\황지환\작업표준서\1팀 브레이징 용접\포밍\GTDI 작업표준 -현지어.xlsx,00_QMS문서,QMS 문서(SH-/키워드),E:\SHINHWA\00_QMS문서\2026\GTDI 작업표준 -현지어.xlsx,217,2026-06-10,이미 있음(동일)
E:\기존 서류\황지환\작업표준서\1팀 브레이징 용접\포밍\JLR D8 작업표준서-현지어.xlsx,00_QMS문서,QMS 문서(SH-/키워드),E:\SHINHWA\00_QMS문서\2026\JLR D8 작업표준서-현지어.xlsx,89,2026-06-10,이미 있음(동일)
"E:\기존 서류\황지환\작업표준서\1팀 브레이징 용접\포밍\TLE,NX4작업표준 -현지어.xlsx",00_QMS문서,QMS 문서(SH-/키워드),"E:\SHINHWA\00_QMS문서\2026\TLE,NX4작업표준 -현지어.xlsx",134,2026-06-10,이미 있음(동일)
"E:\기존 서류\황지환\작업표준서\1팀 직수출 , 헤더\직수출 작업표준 신규.xlsx",00_QMS문서,QMS 문서(SH-/키워드),E:\SHINHWA\00_QMS문서\2026\직수출 작업표준 신규.xlsx,11271,2026-06-10,이미 있음(동일)
"E:\기존 서류\황지환\작업표준서\1팀 직수출 , 헤더\헤더 작업표준 신규.xlsx",00_QMS문서,QMS 문서(SH-/키워드),E:\SHINHWA\00_QMS문서\2026\헤더 작업표준 신규.xlsx,21881,2026-06-10,이미 있음(동일)
"E:\기존 서류\황지환\작업표준서\4동 에바 히터\태국 US4,KU 작업표준.xlsx",00_QMS문서,QMS 문서(SH-/키워드),"E:\SHINHWA\00_QMS문서\2026\태국 US4,KU 작업표준.xlsx",7666,2026-06-10,이미 있음(동일)
E:\기존 서류\황지환\작업표준서\4동 에바 히터\태국 에바 작업표준.xlsx,00_QMS문서,QMS 문서(SH-/키워드),E:\SHINHWA\00_QMS문서\2026\태국 에바 작업표준.xlsx,31444,2026-06-10,이미 있음(동일)
E:\기존 서류\황지환\작업표준서\4동 에바 히터\태국 히타 작업표준.xlsx,00_QMS문서,QMS 문서(SH-/키워드),E:\SHINHWA\00_QMS문서\2026\태국 히타 작업표준.xlsx,10177,2026-06-10,이미 있음(동일)
"E:\기존 서류\황지환\평가\1. 생산계획, 실적관리\자재관리 절차서_구매부.xls",00_QMS문서,QMS 문서(SH-/키워드),E:\SHINHWA\00_QMS문서\2026\자재관리 절차서_구매부.xls,624,2026-05-29,이미 있음(동일)
E:\기존 서류\황지환\평가\3. 설비종합효율 - MTTR MTBF\설비종합효율 절차서.xls,00_QMS문서,QMS 문서(SH-/키워드),E:\SHINHWA\00_QMS문서\2024\설비종합효율 절차서.xls,1928,2024-10-24,이미 있음(동일)
E:\기존 서류\황지환\평가\5. 원단위 관리(완)\BOM관리 절차서_신화H&T.pdf,00_QMS문서,QMS 문서(SH-/키워드),E:\SHINHWA\00_QMS문서\2024\BOM관리 절차서_신화H&T.pdf,115,2024-06-16,이미 있음(동일)
E:\기존 서류\황지환\평가\5. 원단위 관리(완)\BOM관리 절차서_신화H&T.xls,00_QMS문서,QMS 문서(SH-/키워드),E:\SHINHWA\00_QMS문서\2024\BOM관리 절차서_신화H&T.xls,467,2024-11-24,이미 있음(동일)
"E:\기존 서류\황지환\평가\7. MSDS - 게시, 계획실적\MSDS_관리프로세스.xls",00_QMS문서,QMS 문서(SH-/키워드),E:\SHINHWA\00_QMS문서\2024\MSDS_관리프로세스.xls,1550,2024-06-13,복사 → E:\SHINHWA\00_QMS문서\2024\MSDS_관리프로세스_v2.xls
E:\기존 서류\황지환\평가\7. MSDS\MSDS_관리프로세스.xls,00_QMS문서,QMS 문서(SH-/키워드),E:\SHINHWA\00_QMS문서\2024\MSDS_관리프로세스.xls,1535,2024-10-23,복사 → E:\SHINHWA\00_QMS문서\2024\MSDS_관리프로세스_v3.xls
E:\기존 서류\황지환\평가\SHQP-7014 공급업체관리-프로세스_250207_2.xls.xlsm,00_QMS문서,QMS 문서(SH-/키워드),E:\SHINHWA\00_QMS문서\2026\SHQP-7014 공급업체관리-프로세스_250207_2.xls.xlsm,3819,2026-06-04,이미 있음(동일)
E:\수정본_승인대기\SHINHWA_QM-001_품질경영매뉴얼_제1-4권_Rev01_수정본_승인대기_통합 (1).pdf,00_QMS문서,QMS 문서(SH-/키워드),E:\SHINHWA\00_QMS문서\2026\SHINHWA_QM-001_품질경영매뉴얼_제1-4권_Rev01_수정본_승인대기_통합 (1).pdf,554,2026-09-03,이미 있음(동일)
E:\수정본_승인대기\SHINHWA_QP_QP001-QP020_발행준비_승인대기_통합.pdf,00_QMS문서,QMS 문서(SH-/키워드),E:\SHINHWA\00_QMS문서\2026\SHINHWA_QP_QP001-QP020_발행준비_승인대기_통합.pdf,529,2026-09-03,이미 있음(동일)
E:\수정본_승인대기\SHINHWA_QP_Vol5_QP021-QP025_Rev01_수정본_승인대기 (1).pdf,00_QMS문서,QMS 문서(SH-/키워드),E:\SHINHWA\00_QMS문서\2026\SHINHWA_QP_Vol5_QP021-QP025_Rev01_수정본_승인대기 (1).pdf,461,2026-09-03,이미 있음(동일)
E:\수정본_승인대기\SHINHWA_WI_WI001-WI030_Rev01_수정본_승인대기_통합 (2).pdf,00_QMS문서,QMS 문서(SH-/키워드),E:\SHINHWA\00_QMS문서\2026\SHINHWA_WI_WI001-WI030_Rev01_수정본_승인대기_통합 (2).pdf,843,2026-09-03,이미 있음(동일)
E:\수정본_승인대기\작업표준서\SHINHWA_WI_Vol1_WI001-WI005_Rev01_수정본_승인대기.docx,00_QMS문서,QMS 문서(SH-/키워드),E:\SHINHWA\00_QMS문서\2026\SHINHWA_WI_Vol1_WI001-WI005_Rev01_수정본_승인대기.docx,45,2026-09-03,이미 있음(동일)
E:\수정본_승인대기\작업표준서\SHINHWA_WI_Vol1_WI001-WI005_Rev01_수정본_승인대기.pdf,00_QMS문서,QMS 문서(SH-/키워드),E:\SHINHWA\00_QMS문서\2026\SHINHWA_WI_Vol1_WI001-WI005_Rev01_수정본_승인대기.pdf,383,2026-09-03,이미 있음(동일)
E:\수정본_승인대기\작업표준서\SHINHWA_WI_Vol2_WI006-WI010_Rev01_수정본_승인대기.docx,00_QMS문서,QMS 문서(SH-/키워드),E:\SHINHWA\00_QMS문서\2026\SHINHWA_WI_Vol2_WI006-WI010_Rev01_수정본_승인대기.docx,43,2026-09-03,이미 있음(동일)
E:\수정본_승인대기\작업표준서\SHINHWA_WI_Vol2_WI006-WI010_Rev01_수정본_승인대기.pdf,00_QMS문서,QMS 문서(SH-/키워드),E:\SHINHWA\00_QMS문서\2026\SHINHWA_WI_Vol2_WI006-WI010_Rev01_수정본_승인대기.pdf,334,2026-09-03,이미 있음(동일)
E:\수정본_승인대기\작업표준서\SHINHWA_WI_Vol3_WI011-WI015_Rev01_수정본_승인대기.docx,00_QMS문서,QMS 문서(SH-/키워드),E:\SHINHWA\00_QMS문서\2026\SHINHWA_WI_Vol3_WI011-WI015_Rev01_수정본_승인대기.docx,44,2026-09-03,이미 있음(동일)
E:\수정본_승인대기\작업표준서\SHINHWA_WI_Vol3_WI011-WI015_Rev01_수정본_승인대기.pdf,00_QMS문서,QMS 문서(SH-/키워드),E:\SHINHWA\00_QMS문서\2026\SHINHWA_WI_Vol3_WI011-WI015_Rev01_수정본_승인대기.pdf,355,2026-09-03,이미 있음(동일)
E:\수정본_승인대기\작업표준서\SHINHWA_WI_Vol4_WI016-WI020_Rev01_수정본_승인대기.docx,00_QMS문서,QMS 문서(SH-/키워드),E:\SHINHWA\00_QMS문서\2026\SHINHWA_WI_Vol4_WI016-WI020_Rev01_수정본_승인대기.docx,43,2026-09-03,이미 있음(동일)
E:\수정본_승인대기\작업표준서\SHINHWA_WI_Vol4_WI016-WI020_Rev01_수정본_승인대기.pdf,00_QMS문서,QMS 문서(SH-/키워드),E:\SHINHWA\00_QMS문서\2026\SHINHWA_WI_Vol4_WI016-WI020_Rev01_수정본_승인대기.pdf,335,2026-09-03,이미 있음(동일)
E:\수정본_승인대기\작업표준서\SHINHWA_WI_Vol5_WI021-WI025_Rev01_수정본_승인대기.docx,00_QMS문서,QMS 문서(SH-/키워드),E:\SHINHWA\00_QMS문서\2026\SHINHWA_WI_Vol5_WI021-WI025_Rev01_수정본_승인대기.docx,44,2026-09-03,이미 있음(동일)
E:\수정본_승인대기\작업표준서\SHINHWA_WI_Vol5_WI021-WI025_Rev01_수정본_승인대기.pdf,00_QMS문서,QMS 문서(SH-/키워드),E:\SHINHWA\00_QMS문서\2026\SHINHWA_WI_Vol5_WI021-WI025_Rev01_수정본_승인대기.pdf,341,2026-09-03,이미 있음(동일)
E:\수정본_승인대기\작업표준서\SHINHWA_WI_Vol6_WI026-WI030_Rev01_수정본_승인대기.docx,00_QMS문서,QMS 문서(SH-/키워드),E:\SHINHWA\00_QMS문서\2026\SHINHWA_WI_Vol6_WI026-WI030_Rev01_수정본_승인대기.docx,44,2026-09-03,이미 있음(동일)
E:\수정본_승인대기\작업표준서\SHINHWA_WI_Vol6_WI026-WI030_Rev01_수정본_승인대기.pdf,00_QMS문서,QMS 문서(SH-/키워드),E:\SHINHWA\00_QMS문서\2026\SHINHWA_WI_Vol6_WI026-WI030_Rev01_수정본_승인대기.pdf,339,2026-09-03,이미 있음(동일)
E:\수정본_승인대기\작업표준서\SHINHWA_WI_WI001-WI030_Rev01_수정본_승인대기_통합.pdf,00_QMS문서,QMS 문서(SH-/키워드),E:\SHINHWA\00_QMS문서\2026\SHINHWA_WI_WI001-WI030_Rev01_수정본_승인대기_통합.pdf,843,2026-09-03,이미 있음(동일)
E:\수정본_승인대기\품질경영매뉴얼\SHINHWA_QM-001_품질경영매뉴얼_제1-4권_Rev01_수정본_승인대기_통합.pdf,00_QMS문서,QMS 문서(SH-/키워드),E:\SHINHWA\00_QMS문서\2026\SHINHWA_QM-001_품질경영매뉴얼_제1-4권_Rev01_수정본_승인대기_통합.pdf,554,2026-09-03,이미 있음(동일)
E:\수정본_승인대기\품질경영매뉴얼\SHINHWA_QM-001_품질경영매뉴얼_제1권_Rev01_수정본_승인대기.docx,00_QMS문서,QMS 문서(SH-/키워드),E:\SHINHWA\00_QMS문서\2026\SHINHWA_QM-001_품질경영매뉴얼_제1권_Rev01_수정본_승인대기.docx,45,2026-09-03,이미 있음(동일)
E:\수정본_승인대기\품질경영매뉴얼\SHINHWA_QM-001_품질경영매뉴얼_제1권_Rev01_수정본_승인대기.pdf,00_QMS문서,QMS 문서(SH-/키워드),E:\SHINHWA\00_QMS문서\2026\SHINHWA_QM-001_품질경영매뉴얼_제1권_Rev01_수정본_승인대기.pdf,361,2026-09-03,이미 있음(동일)
E:\수정본_승인대기\품질경영매뉴얼\SHINHWA_QM-001_품질경영매뉴얼_제2권_Rev01_수정본_승인대기.docx,00_QMS문서,QMS 문서(SH-/키워드),E:\SHINHWA\00_QMS문서\2026\SHINHWA_QM-001_품질경영매뉴얼_제2권_Rev01_수정본_승인대기.docx,46,2026-09-03,이미 있음(동일)
E:\수정본_승인대기\품질경영매뉴얼\SHINHWA_QM-001_품질경영매뉴얼_제2권_Rev01_수정본_승인대기.pdf,00_QMS문서,QMS 문서(SH-/키워드),E:\SHINHWA\00_QMS문서\2026\SHINHWA_QM-001_품질경영매뉴얼_제2권_Rev01_수정본_승인대기.pdf,379,2026-09-03,이미 있음(동일)
E:\수정본_승인대기\품질경영매뉴얼\SHINHWA_QM-001_품질경영매뉴얼_제3권_Rev01_수정본_승인대기.docx,00_QMS문서,QMS 문서(SH-/키워드),E:\SHINHWA\00_QMS문서\2026\SHINHWA_QM-001_품질경영매뉴얼_제3권_Rev01_수정본_승인대기.docx,45,2026-09-03,이미 있음(동일)
E:\수정본_승인대기\품질경영매뉴얼\SHINHWA_QM-001_품질경영매뉴얼_제3권_Rev01_수정본_승인대기.pdf,00_QMS문서,QMS 문서(SH-/키워드),E:\SHINHWA\00_QMS문서\2026\SHINHWA_QM-001_품질경영매뉴얼_제3권_Rev01_수정본_승인대기.pdf,340,2026-09-03,이미 있음(동일)
E:\수정본_승인대기\품질경영매뉴얼\SHINHWA_QM-001_품질경영매뉴얼_제4권_Rev01_수정본_승인대기.docx,00_QMS문서,QMS 문서(SH-/키워드),E:\SHINHWA\00_QMS문서\2026\SHINHWA_QM-001_품질경영매뉴얼_제4권_Rev01_수정본_승인대기.docx,44,2026-09-03,이미 있음(동일)
E:\수정본_승인대기\품질경영매뉴얼\SHINHWA_QM-001_품질경영매뉴얼_제4권_Rev01_수정본_승인대기.pdf,00_QMS문서,QMS 문서(SH-/키워드),E:\SHINHWA\00_QMS문서\2026\SHINHWA_QM-001_품질경영매뉴얼_제4권_Rev01_수정본_승인대기.pdf,328,2026-09-03,이미 있음(동일)
E:\수정본_승인대기\품질경영절차서\SHINHWA_QP_Vol4_QP016-QP020_Rev01_수정본_승인대기.docx,00_QMS문서,QMS 문서(SH-/키워드),E:\SHINHWA\00_QMS문서\2026\SHINHWA_QP_Vol4_QP016-QP020_Rev01_수정본_승인대기.docx,45,2026-09-03,이미 있음(동일)
E:\수정본_승인대기\품질경영절차서\SHINHWA_QP_Vol4_QP016-QP020_Rev01_수정본_승인대기.pdf,00_QMS문서,QMS 문서(SH-/키워드),E:\SHINHWA\00_QMS문서\2026\SHINHWA_QP_Vol4_QP016-QP020_Rev01_수정본_승인대기.pdf,391,2026-09-03,이미 있음(동일)
E:\수정본_승인대기\품질경영절차서\SHINHWA_QP_Vol5_QP021-QP025_Rev01_수정본_승인대기.docx,00_QMS문서,QMS 문서(SH-/키워드),E:\SHINHWA\00_QMS문서\2026\SHINHWA_QP_Vol5_QP021-QP025_Rev01_수정본_승인대기.docx,46,2026-09-03,이미 있음(동일)
E:\수정본_승인대기\품질경영절차서\SHINHWA_QP_Vol5_QP021-QP025_Rev01_수정본_승인대기.pdf,00_QMS문서,QMS 문서(SH-/키워드),E:\SHINHWA\00_QMS문서\2026\SHINHWA_QP_Vol5_QP021-QP025_Rev01_수정본_승인대기.pdf,461,2026-09-03,이미 있음(동일)
E:\수정본_승인본 - PPT수정\SHINHWA_QM-001_제1-4권_Rev01_ACTIVE_수정가능_PPT_재작성_정상본.pptx,00_QMS문서,QMS 문서(SH-/키워드),E:\SHINHWA\00_QMS문서\2026\SHINHWA_QM-001_제1-4권_Rev01_ACTIVE_수정가능_PPT_재작성_정상본.pptx,274,2026-09-03,이미 있음(동일)
E:\수정본_승인본 - PPT수정\SHINHWA_QM-001_제1-4권_Rev01_ACTIVE_아래한글편집용_통합본.pdf,00_QMS문서,QMS 문서(SH-/키워드),E:\SHINHWA\00_QMS문서\2026\SHINHWA_QM-001_제1-4권_Rev01_ACTIVE_아래한글편집용_통합본.pdf,1153,2026-09-03,이미 있음(동일)
E:\수정본_승인본 - PPT수정\새 폴더\QMS_REV00_FINAL_DELIVERY_PACKAGE\QMS_REV00_HANCOM_FINAL_MASTER.docx,00_QMS문서,QMS 문서(SH-/키워드),E:\SHINHWA\00_QMS문서\2026\QMS_REV00_HANCOM_FINAL_MASTER.docx,262,2026-09-07,이미 있음(동일)
E:\수정본_승인본 - PPT수정\새 폴더\QMS_REV00_FINAL_DELIVERY_PACKAGE\QMS_REV00_HANCOM_FINAL_MASTER.pdf,00_QMS문서,QMS 문서(SH-/키워드),E:\SHINHWA\00_QMS문서\2026\QMS_REV00_HANCOM_FINAL_MASTER.pdf,4282,2026-09-07,이미 있음(동일)
E:\수정본_승인본 - PPT수정\새 폴더\QMS_REV00_FINAL_DELIVERY_PACKAGE\QMS_REV00_PRINT_APPENDICES_PACKAGE.zip,00_QMS문서,QMS 문서(SH-/키워드),E:\SHINHWA\00_QMS문서\2026\QMS_REV00_PRINT_APPENDICES_PACKAGE.zip,538,2026-09-07,이미 있음(동일)
E:\수정본_승인본 - PPT수정\새 폴더\QMS_REV00_FINAL_DELIVERY_PACKAGE\QMS_REV00_PRINT_APPENDICES_PACKAGE\01_Process_Map.docx,00_QMS문서,QMS 문서(SH-/키워드),E:\SHINHWA\00_QMS문서\2026\01_Process_Map.docx,38,2026-09-07,이미 있음(동일)
E:\수정본_승인본 - PPT수정\새 폴더\QMS_REV00_FINAL_DELIVERY_PACKAGE\QMS_REV00_PRINT_APPENDICES_PACKAGE\02_Process_Interaction_Matrix.docx,00_QMS문서,QMS 문서(SH-/키워드),E:\SHINHWA\00_QMS문서\2026\02_Process_Interaction_Matrix.docx,38,2026-09-07,이미 있음(동일)
E:\수정본_승인본 - PPT수정\새 폴더\QMS_REV00_FINAL_DELIVERY_PACKAGE\QMS_REV00_PRINT_APPENDICES_PACKAGE\03_Support_Process_KPI.docx,00_QMS문서,QMS 문서(SH-/키워드),E:\SHINHWA\00_QMS문서\2026\03_Support_Process_KPI.docx,38,2026-09-07,이미 있음(동일)
E:\수정본_승인본 - PPT수정\새 폴더\QMS_REV00_FINAL_DELIVERY_PACKAGE\QMS_REV00_PRINT_APPENDICES_PACKAGE\04_Equipment_Measurement_Competence.docx,00_QMS문서,QMS 문서(SH-/키워드),E:\SHINHWA\00_QMS문서\2026\04_Equipment_Measurement_Competence.docx,38,2026-09-07,이미 있음(동일)
E:\수정본_승인본 - PPT수정\새 폴더\QMS_REV00_FINAL_DELIVERY_PACKAGE\QMS_REV00_PRINT_APPENDICES_PACKAGE\05_Document_Record_Control.docx,00_QMS문서,QMS 문서(SH-/키워드),E:\SHINHWA\00_QMS문서\2026\05_Document_Record_Control.docx,38,2026-09-07,이미 있음(동일)
E:\수정본_승인본 - PPT수정\새 폴더\QMS_REV00_FINAL_DELIVERY_PACKAGE\QMS_REV00_PRINT_APPENDICES_PACKAGE\06_CoreTools_Linkage.docx,00_QMS문서,QMS 문서(SH-/키워드),E:\SHINHWA\00_QMS문서\2026\06_CoreTools_Linkage.docx,38,2026-09-07,이미 있음(동일)
E:\수정본_승인본 - PPT수정\새 폴더\QMS_REV00_FINAL_DELIVERY_PACKAGE\QMS_REV00_PRINT_APPENDICES_PACKAGE\07_4M_Change_Checkpoints.docx,00_QMS문서,QMS 문서(SH-/키워드),E:\SHINHWA\00_QMS문서\2026\07_4M_Change_Checkpoints.docx,38,2026-09-07,이미 있음(동일)
E:\수정본_승인본 - PPT수정\새 폴더\QMS_REV00_FINAL_DELIVERY_PACKAGE\QMS_REV00_PRINT_APPENDICES_PACKAGE\08_Management_Performance_Dashboard.docx,00_QMS문서,QMS 문서(SH-/키워드),E:\SHINHWA\00_QMS문서\2026\08_Management_Performance_Dashboard.docx,38,2026-09-07,이미 있음(동일)
E:\수정본_승인본 - PPT수정\새 폴더\QMS_REV00_FINAL_DELIVERY_PACKAGE\QMS_REV00_PRINT_APPENDICES_PACKAGE\09_Internal_Audit_Program_Criteria.docx,00_QMS문서,QMS 문서(SH-/키워드),E:\SHINHWA\00_QMS문서\2026\09_Internal_Audit_Program_Criteria.docx,38,2026-09-07,이미 있음(동일)
E:\수정본_승인본 - PPT수정\새 폴더\QMS_REV00_FINAL_DELIVERY_PACKAGE\QMS_REV00_PRINT_APPENDICES_PACKAGE\10_Management_Review_Action.docx,00_QMS문서,QMS 문서(SH-/키워드),E:\SHINHWA\00_QMS문서\2026\10_Management_Review_Action.docx,38,2026-09-07,이미 있음(동일)
E:\수정본_승인본 - PPT수정\새 폴더\QMS_REV00_FINAL_DELIVERY_PACKAGE\QMS_REV00_PRINT_APPENDICES_PACKAGE\11_Corrective_Action_Effectiveness.docx,00_QMS문서,QMS 문서(SH-/키워드),E:\SHINHWA\00_QMS문서\2026\11_Corrective_Action_Effectiveness.docx,38,2026-09-07,이미 있음(동일)
E:\수정본_승인본 - PPT수정\새 폴더\QMS_REV00_FINAL_DELIVERY_PACKAGE\QMS_REV00_PRINT_APPENDICES_PACKAGE\12_Audit_Checkpoints_Integrated.docx,00_QMS문서,QMS 문서(SH-/키워드),E:\SHINHWA\00_QMS문서\2026\12_Audit_Checkpoints_Integrated.docx,53,2026-09-07,이미 있음(동일)
E:\수정본_승인본 - PPT수정\새 폴더\QMS_REV00_FINAL_DELIVERY_PACKAGE\QMS_REV00_PRINT_APPENDICES_PACKAGE\13_QMS_Linkage_Reference.docx,00_QMS문서,QMS 문서(SH-/키워드),E:\SHINHWA\00_QMS문서\2026\13_QMS_Linkage_Reference.docx,40,2026-09-07,이미 있음(동일)
E:\수정본_승인본 - PPT수정\새 폴더\QMS_REV00_FINAL_DELIVERY_PACKAGE\QMS_REV00_PRINT_APPENDICES_PACKAGE\QMS_REV00_PRINT_APPENDICES_INTEGRATED.docx,00_QMS문서,QMS 문서(SH-/키워드),E:\SHINHWA\00_QMS문서\2026\QMS_REV00_PRINT_APPENDICES_INTEGRATED.docx,62,2026-09-07,이미 있음(동일)
E:\수정본_승인본 - PPT수정\새 폴더\QMS_REV00_INITIAL_FINAL_QA_REPORT.xlsx,00_QMS문서,QMS 문서(SH-/키워드),E:\SHINHWA\00_QMS문서\2026\QMS_REV00_INITIAL_FINAL_QA_REPORT.xlsx,17,2026-09-04,이미 있음(동일)
E:\수정본_승인본 - PPT수정\새 폴더\QMS_REV00_QM_INTEGRATED_PACKAGE\QMS_REV00_HANCOM_FINAL_MASTER_QM_INTEGRATED.docx,00_QMS문서,QMS 문서(SH-/키워드),E:\SHINHWA\00_QMS문서\2026\QMS_REV00_HANCOM_FINAL_MASTER_QM_INTEGRATED.docx,255,2026-09-07,이미 있음(동일)
E:\수정본_승인본 - PPT수정\새 폴더\QMS_REV00_QM_INTEGRATED_PACKAGE\QMS_REV00_HANCOM_FINAL_MASTER_QM_INTEGRATED.pdf,00_QMS문서,QMS 문서(SH-/키워드),E:\SHINHWA\00_QMS문서\2026\QMS_REV00_HANCOM_FINAL_MASTER_QM_INTEGRATED.pdf,4163,2026-09-07,이미 있음(동일)
E:\수정본_승인본 - PPT수정\새 폴더\SHINHWA_QM-001_품질경영매뉴얼_Rev00_통합본.docx,00_QMS문서,QMS 문서(SH-/키워드),E:\SHINHWA\00_QMS문서\2026\SHINHWA_QM-001_품질경영매뉴얼_Rev00_통합본.docx,101,2026-09-07,이미 있음(동일)
E:\수정본_승인본 - PPT수정\새 폴더\SHINHWA_QM-001_품질경영매뉴얼_Rev00_통합본.pdf,00_QMS문서,QMS 문서(SH-/키워드),E:\SHINHWA\00_QMS문서\2026\SHINHWA_QM-001_품질경영매뉴얼_Rev00_통합본.pdf,1112,2026-09-07,이미 있음(동일)
E:\신화에이치앤티 SQ심사 최종자료\03_QMS_문서관리대장_Rev03.xlsx,00_QMS문서,QMS 문서(SH-/키워드),E:\SHINHWA\00_QMS문서\2026\03_QMS_문서관리대장_Rev03.xlsx,68,2026-09-23,이미 있음(동일)
E:\신화에이치앤티 SQ심사 최종자료\Claude outputs\QMS_REV03_품질경영시스템 통합문서_260917.docx,00_QMS문서,QMS 문서(SH-/키워드),E:\SHINHWA\00_QMS문서\2026\QMS_REV03_품질경영시스템 통합문서_260917.docx,244,2026-09-18,이미 있음(동일)
E:\신화에이치앤티 SQ심사 최종자료\Claude outputs\SHINHWA_QMS_문서관리대장_FM추가초안_260918.xlsx,00_QMS문서,QMS 문서(SH-/키워드),E:\SHINHWA\00_QMS문서\2026\SHINHWA_QMS_문서관리대장_FM추가초안_260918.xlsx,33,2026-09-18,이미 있음(동일)
E:\신화에이치앤티 SQ심사 최종자료\QMS 문서 및 품질업무 약어 설명.pdf,00_QMS문서,QMS 문서(SH-/키워드),E:\SHINHWA\00_QMS문서\2026\QMS 문서 및 품질업무 약어 설명.pdf,137,2026-09-08,이미 있음(동일)
E:\신화에이치앤티 SQ심사 최종자료\QMS_REV03_품질경영시스템 통합문서_260917.docx,00_QMS문서,QMS 문서(SH-/키워드),E:\SHINHWA\00_QMS문서\2026\QMS_REV03_품질경영시스템 통합문서_260917.docx,301,2026-09-30,복사 → E:\SHINHWA\00_QMS문서\2026\QMS_REV03_품질경영시스템 통합문서_260917_v2.docx
E:\신화에이치앤티 SQ심사 최종자료\SHINHWA_QMS_문서관리대장_260922_확정_출력용_수식복구.xlsx,00_QMS문서,QMS 문서(SH-/키워드),E:\SHINHWA\00_QMS문서\2026\SHINHWA_QMS_문서관리대장_260922_확정_출력용_수식복구.xlsx,57,2026-09-22,이미 있음(동일)
E:\신화에이치앤티 SQ심사 최종자료\SHINHWA_QMS_문서관리대장_FM240건_승인반영_260922.xlsx,00_QMS문서,QMS 문서(SH-/키워드),E:\SHINHWA\00_QMS문서\2026\SHINHWA_QMS_문서관리대장_FM240건_승인반영_260922.xlsx,36,2026-09-22,이미 있음(동일)
E:\신화에이치앤티 SQ심사 최종자료\SHINHWA_QMS_문서관리대장_FM추가초안_260910.xlsx,00_QMS문서,QMS 문서(SH-/키워드),E:\SHINHWA\00_QMS문서\2026\SHINHWA_QMS_문서관리대장_FM추가초안_260910.xlsx,32,2026-09-10,이미 있음(동일)
E:\신화에이치앤티 SQ심사 최종자료\SHINHWA_QMS_문서관리대장_FM추가초안_260917_Rev2.xlsx,00_QMS문서,QMS 문서(SH-/키워드),E:\SHINHWA\00_QMS문서\2026\SHINHWA_QMS_문서관리대장_FM추가초안_260917_Rev2.xlsx,33,2026-09-17,이미 있음(동일)
E:\신화에이치앤티 SQ심사 최종자료\SHINHWA_QMS_문서관리대장_FM추가초안_260918.xlsx,00_QMS문서,QMS 문서(SH-/키워드),E:\SHINHWA\00_QMS문서\2026\SHINHWA_QMS_문서관리대장_FM추가초안_260918.xlsx,33,2026-09-18,이미 있음(동일)
E:\신화에이치앤티 SQ심사 최종자료\SHINHWA_QMS_문서관리대장_Rev00.xlsx,00_QMS문서,QMS 문서(SH-/키워드),E:\SHINHWA\00_QMS문서\2026\SHINHWA_QMS_문서관리대장_Rev00.xlsx,46,2026-09-08,이미 있음(동일)
E:\신화에이치앤티 SQ심사 최종자료\SHINHWA_QMS_문서관리대장_Rev00_FM240건병합_260922.xlsx,00_QMS문서,QMS 문서(SH-/키워드),E:\SHINHWA\00_QMS문서\2026\SHINHWA_QMS_문서관리대장_Rev00_FM240건병합_260922.xlsx,61,2026-09-22,이미 있음(동일)
E:\신화에이치앤티 SQ심사 최종자료\SHINHWA_QMS_문서관리대장_Rev00_FM240건병합_260930_SH.xlsx,00_QMS문서,QMS 문서(SH-/키워드),E:\SHINHWA\00_QMS문서\2026\SHINHWA_QMS_문서관리대장_Rev00_FM240건병합_260930_SH.xlsx,61,2026-09-30,이미 있음(동일)
E:\신화에이치앤티 SQ심사 최종자료\SHINHWA_QMS_문서관리대장_Rev03정합반영.xlsx,00_QMS문서,QMS 문서(SH-/키워드),E:\SHINHWA\00_QMS문서\2026\SHINHWA_QMS_문서관리대장_Rev03정합반영.xlsx,67,2026-09-22,이미 있음(동일)
E:\신화에이치앤티 SQ심사 최종자료\SHINHWA_품질경영매뉴얼_Rev03_260917.xlsx,00_QMS문서,QMS 문서(SH-/키워드),E:\SHINHWA\00_QMS문서\2026\SHINHWA_품질경영매뉴얼_Rev03_260917.xlsx,2515,2026-09-17,이미 있음(동일)
E:\신화에이치앤티 SQ심사 최종자료\SHINHWA_품질경영매뉴얼_SH-QM-01_Rev03초안_미발행폐기_260917.xlsx,00_QMS문서,QMS 문서(SH-/키워드),E:\SHINHWA\00_QMS문서\2026\SHINHWA_품질경영매뉴얼_SH-QM-01_Rev03초안_미발행폐기_260917.xlsx,2349,2026-09-18,이미 있음(동일)
E:\신화에이치앤티 SQ심사 최종자료\SH_QMS_통합문서_Rev03_260930.docx,00_QMS문서,QMS 문서(SH-/키워드),E:\SHINHWA\00_QMS문서\2026\SH_QMS_통합문서_Rev03_260930.docx,411,2026-09-30,이미 있음(동일)
E:\신화에이치앤티 SQ심사 최종자료\SH_QMS_통합문서_Rev03_260930_v3.docx,00_QMS문서,QMS 문서(SH-/키워드),E:\SHINHWA\00_QMS문서\2026\SH_QMS_통합문서_Rev03_260930_v3.docx,2782,2026-09-30,이미 있음(동일)
E:\신화에이치앤티 SQ심사 최종자료\outputs\Rev03정리_260922\SHINHWA_QMS_문서관리대장_Rev03정합반영.xlsx,00_QMS문서,QMS 문서(SH-/키워드),E:\SHINHWA\00_QMS문서\2026\SHINHWA_QMS_문서관리대장_Rev03정합반영.xlsx,57,2026-09-22,복사 → E:\SHINHWA\00_QMS문서\2026\SHINHWA_QMS_문서관리대장_Rev03정합반영_v2.xlsx
E:\신화에이치앤티 SQ심사 최종자료\outputs\SQ최종정리_260922\03_QMS_문서관리대장_Rev03.xlsx,00_QMS문서,QMS 문서(SH-/키워드),E:\SHINHWA\00_QMS문서\2026\03_QMS_문서관리대장_Rev03.xlsx,58,2026-09-22,복사 → E:\SHINHWA\00_QMS문서\2026\03_QMS_문서관리대장_Rev03_v2.xlsx
E:\신화에이치앤티 SQ심사 최종자료\outputs\매뉴얼기준_출력본_260923.zip,00_QMS문서,QMS 문서(SH-/키워드),E:\SHINHWA\00_QMS문서\2026\매뉴얼기준_출력본_260923.zip,947,2026-09-23,이미 있음(동일)
E:\신화에이치앤티 SQ심사 최종자료\outputs\매뉴얼기준_출력본_260923\01_QM_매뉴얼_Rev03_출력본.pdf,00_QMS문서,QMS 문서(SH-/키워드),E:\SHINHWA\00_QMS문서\2026\01_QM_매뉴얼_Rev03_출력본.pdf,224,2026-09-23,이미 있음(동일)
E:\신화에이치앤티 SQ심사 최종자료\outputs\매뉴얼기준_출력본_260923\02_QP_절차서25종_Rev03_출력본.pdf,00_QMS문서,QMS 문서(SH-/키워드),E:\SHINHWA\00_QMS문서\2026\02_QP_절차서25종_Rev03_출력본.pdf,287,2026-09-23,이미 있음(동일)
E:\신화에이치앤티 SQ심사 최종자료\outputs\매뉴얼기준_출력본_260923\03_WI_작업표준30종_Rev03_출력본.pdf,00_QMS문서,QMS 문서(SH-/키워드),E:\SHINHWA\00_QMS문서\2026\03_WI_작업표준30종_Rev03_출력본.pdf,283,2026-09-23,이미 있음(동일)
E:\신화에이치앤티 SQ심사 최종자료\outputs\매뉴얼기준_출력본_260923\매뉴얼기준_출력본_260923\01_QM_매뉴얼_Rev03_출력본.pdf,00_QMS문서,QMS 문서(SH-/키워드),E:\SHINHWA\00_QMS문서\2026\01_QM_매뉴얼_Rev03_출력본.pdf,224,2026-09-23,이미 있음(동일)
E:\신화에이치앤티 SQ심사 최종자료\outputs\매뉴얼기준_출력본_260923\매뉴얼기준_출력본_260923\02_QP_절차서25종_Rev03_출력본.pdf,00_QMS문서,QMS 문서(SH-/키워드),E:\SHINHWA\00_QMS문서\2026\02_QP_절차서25종_Rev03_출력본.pdf,287,2026-09-23,이미 있음(동일)
E:\신화에이치앤티 SQ심사 최종자료\outputs\매뉴얼기준_출력본_260923\매뉴얼기준_출력본_260923\03_WI_작업표준30종_Rev03_출력본.pdf,00_QMS문서,QMS 문서(SH-/키워드),E:\SHINHWA\00_QMS문서\2026\03_WI_작업표준30종_Rev03_출력본.pdf,283,2026-09-23,이미 있음(동일)
E:\신화에이치앤티 SQ심사 최종자료\outputs\확정본_260922\SHINHWA_QMS_문서관리대장_260922_확정_출력용.xlsx,00_QMS문서,QMS 문서(SH-/키워드),E:\SHINHWA\00_QMS문서\2026\SHINHWA_QMS_문서관리대장_260922_확정_출력용.xlsx,57,2026-09-22,이미 있음(동일)
E:\신화에이치앤티 SQ심사 최종자료\outputs\확정본_260922\SHINHWA_QMS_문서관리대장_260922_확정_출력용_수식복구.xlsx,00_QMS문서,QMS 문서(SH-/키워드),E:\SHINHWA\00_QMS문서\2026\SHINHWA_QMS_문서관리대장_260922_확정_출력용_수식복구.xlsx,57,2026-09-22,이미 있음(동일)
E:\신화에이치앤티 SQ심사 최종자료\품질경영매뉴얼\SH_QMS_Rev03_Number_Package_20260929.zip,00_QMS문서,QMS 문서(SH-/키워드),E:\SHINHWA\00_QMS문서\2026\SH_QMS_Rev03_Number_Package_20260929.zip,532,2026-09-29,이미 있음(동일)
E:\신화에이치앤티 SQ심사 최종자료\품질경영매뉴얼\SH_QMS_Rev03_Number_Package_20260929\SH-FM-066-069_078-080_094_096_공식양식_Rev00.xlsx,00_QMS문서,QMS 문서(SH-/키워드),E:\SHINHWA\00_QMS문서\2026\SH-FM-066-069_078-080_094_096_공식양식_Rev00.xlsx,21,2026-09-29,이미 있음(동일)
E:\신화에이치앤티 SQ심사 최종자료\품질경영매뉴얼\SH_QMS_Rev03_Number_Package_20260929\SH-FM-101-121_현장작성양식_Rev00.xlsx,00_QMS문서,QMS 문서(SH-/키워드),E:\SHINHWA\00_QMS문서\2026\SH-FM-101-121_현장작성양식_Rev00.xlsx,51,2026-09-29,이미 있음(동일)
E:\신화에이치앤티 SQ심사 최종자료\품질경영매뉴얼\SH_QMS_Rev03_Number_Package_20260929\SH-FM-122_현장양식목록_작성계획_Rev00.xlsx,00_QMS문서,QMS 문서(SH-/키워드),E:\SHINHWA\00_QMS문서\2026\SH-FM-122_현장양식목록_작성계획_Rev00.xlsx,26,2026-09-29,이미 있음(동일)
E:\신화에이치앤티 SQ심사 최종자료\품질경영매뉴얼\SH_QMS_Rev03_Number_Package_20260929\SH_AP01-04_공식FM번호_승인결정.xlsx,00_QMS문서,QMS 문서(SH-/키워드),E:\SHINHWA\00_QMS문서\2026\SH_AP01-04_공식FM번호_승인결정.xlsx,8,2026-09-29,이미 있음(동일)
E:\신화에이치앤티 SQ심사 최종자료\품질경영매뉴얼\SH_QMS_Rev03_Number_Package_20260929\SH_FM_Master_Rev00_20260929.xlsx,00_QMS문서,QMS 문서(SH-/키워드),E:\SHINHWA\00_QMS문서\2026\SH_FM_Master_Rev00_20260929.xlsx,48,2026-09-29,이미 있음(동일)
E:\신화에이치앤티 SQ심사 최종자료\품질경영매뉴얼\SH_QMS_Rev03_Number_Package_20260929\SH_QMS_문서관리대장_Rev00_20260929.xlsx,00_QMS문서,QMS 문서(SH-/키워드),E:\SHINHWA\00_QMS문서\2026\SH_QMS_문서관리대장_Rev00_20260929.xlsx,36,2026-09-29,이미 있음(동일)
E:\신화에이치앤티 SQ심사 최종자료\품질경영매뉴얼\SH_QMS_Rev03_Number_Package_20260929\SH_QMS_실행관리_20260929.xlsx,00_QMS문서,QMS 문서(SH-/키워드),E:\SHINHWA\00_QMS문서\2026\SH_QMS_실행관리_20260929.xlsx,26,2026-09-29,이미 있음(동일)
E:\신화에이치앤티 SQ심사 최종자료\품질경영매뉴얼\SH_QMS_Rev03_Number_Package_20260929\SH_QMS_통합문서_Rev03_20260929.docx,00_QMS문서,QMS 문서(SH-/키워드),E:\SHINHWA\00_QMS문서\2026\SH_QMS_통합문서_Rev03_20260929.docx,374,2026-09-29,이미 있음(동일)
E:\신화에이치앤티 SQ심사 최종자료\품질경영매뉴얼_Rev03_개정요약_260917.md,00_QMS문서,QMS 문서(SH-/키워드),E:\SHINHWA\00_QMS문서\2026\품질경영매뉴얼_Rev03_개정요약_260917.md,7,2026-09-17,이미 있음(동일)
E:\신화에이치앤티 SQ인증심사 참고본\IATF16949문서관리PDF승인본\SHINHWA_QM-001_B01_출력용_제1-4권_통합_Rev00 (1).pdf,00_QMS문서,QMS 문서(SH-/키워드),E:\SHINHWA\00_QMS문서\2026\SHINHWA_QM-001_B01_출력용_제1-4권_통합_Rev00 (1).pdf,566,2026-09-03,이미 있음(동일)
E:\신화에이치앤티 SQ인증심사 참고본\IATF16949문서관리PDF승인본\SHINHWA_QP_B02_출력용_QP001-QP010_A4통합_Rev00 (1).pdf,00_QMS문서,QMS 문서(SH-/키워드),E:\SHINHWA\00_QMS문서\2026\SHINHWA_QP_B02_출력용_QP001-QP010_A4통합_Rev00 (1).pdf,584,2026-09-03,이미 있음(동일)
E:\신화에이치앤티 SQ인증심사 참고본\IATF16949문서관리PDF승인본\SHINHWA_QP_B03_출력용_QP011-QP020_통합_Rev01.pdf,00_QMS문서,QMS 문서(SH-/키워드),E:\SHINHWA\00_QMS문서\2026\SHINHWA_QP_B03_출력용_QP011-QP020_통합_Rev01.pdf,292,2026-09-03,이미 있음(동일)
E:\신화에이치앤티 SQ인증심사 참고본\IATF16949문서관리PDF승인본\SHINHWA_WI_B05_출력용_WI001-WI010_통합_Rev00 (1).pdf,00_QMS문서,QMS 문서(SH-/키워드),E:\SHINHWA\00_QMS문서\2026\SHINHWA_WI_B05_출력용_WI001-WI010_통합_Rev00 (1).pdf,270,2026-09-03,이미 있음(동일)
E:\신화에이치앤티 SQ인증심사 참고본\IATF16949문서관리PDF승인본\SHINHWA_WI_B06_출력용_WI011-WI020_통합_Rev00 (1).pdf,00_QMS문서,QMS 문서(SH-/키워드),E:\SHINHWA\00_QMS문서\2026\SHINHWA_WI_B06_출력용_WI011-WI020_통합_Rev00 (1).pdf,270,2026-09-03,이미 있음(동일)
E:\신화에이치앤티 SQ인증심사 참고본\IATF16949문서관리PDF승인본\SHINHWA_WI_B07_출력용_WI021-WI030_통합_Rev00 (1).pdf,00_QMS문서,QMS 문서(SH-/키워드),E:\SHINHWA\00_QMS문서\2026\SHINHWA_WI_B07_출력용_WI021-WI030_통합_Rev00 (1).pdf,272,2026-09-03,이미 있음(동일)
E:\신화에이치앤티 SQ인증심사 참고본\SHINHWA_FM-001_품질목표_KPI관리_실제운영용_Rev00.xlsx,00_QMS문서,QMS 문서(SH-/키워드),E:\SHINHWA\00_QMS문서\2026\SHINHWA_FM-001_품질목표_KPI관리_실제운영용_Rev00.xlsx,43,2026-09-03,이미 있음(동일)
E:\신화에이치앤티 SQ인증심사 참고본\SHINHWA_FM_B08_FM001-FM035_출력관리_Rev00.xlsx,00_QMS문서,QMS 문서(SH-/키워드),E:\SHINHWA\00_QMS문서\2026\SHINHWA_FM_B08_FM001-FM035_출력관리_Rev00.xlsx,11,2026-09-03,이미 있음(동일)
E:\신화에이치앤티 SQ인증심사 참고본\SHINHWA_FM_B08_FM001-FM035_출력용_문서패키지_Rev00\SHINHWA_QP_Vol2_Forms_FM020-FM029_Rev00.xlsx,00_QMS문서,QMS 문서(SH-/키워드),E:\SHINHWA\00_QMS문서\2026\SHINHWA_QP_Vol2_Forms_FM020-FM029_Rev00.xlsx,21,2026-09-03,이미 있음(동일)
E:\신화에이치앤티 SQ인증심사 참고본\SHINHWA_FM_B08_FM001-FM035_출력용_문서패키지_Rev00\SHINHWA_QP_Vol3_Forms_FM030-FM039_Rev00.xlsx,00_QMS문서,QMS 문서(SH-/키워드),E:\SHINHWA\00_QMS문서\2026\SHINHWA_QP_Vol3_Forms_FM030-FM039_Rev00.xlsx,25,2026-09-03,이미 있음(동일)
E:\신화에이치앤티 SQ인증심사 참고본\SHINHWA_IATF_QMS_01-53단계_IATF16949_전체통합_MASTER_문서패키지.zip,00_QMS문서,QMS 문서(SH-/키워드),E:\SHINHWA\00_QMS문서\2026\SHINHWA_IATF_QMS_01-53단계_IATF16949_전체통합_MASTER_문서패키지.zip,5451,2026-09-02,이미 있음(동일)
E:\신화에이치앤티 SQ인증심사 참고본\SHINHWA_IATF_QMS_01-53단계_IATF16949_전체통합_MASTER_문서패키지\00_MASTER_README.txt,00_QMS문서,QMS 문서(SH-/키워드),E:\SHINHWA\00_QMS문서\2026\00_MASTER_README.txt,0,2026-09-03,이미 있음(동일)
E:\신화에이치앤티 SQ인증심사 참고본\SHINHWA_IATF_QMS_02단계_QM품질경영매뉴얼_문서패키지.zip,00_QMS문서,QMS 문서(SH-/키워드),E:\SHINHWA\00_QMS문서\2026\SHINHWA_IATF_QMS_02단계_QM품질경영매뉴얼_문서패키지.zip,5055,2026-09-03,이미 있음(동일)
E:\신화에이치앤티 SQ인증심사 참고본\SHINHWA_IATF_QMS_03단계_QP001-QP025_IATF16949중심_문서패키지.zip,00_QMS문서,QMS 문서(SH-/키워드),E:\SHINHWA\00_QMS문서\2026\SHINHWA_IATF_QMS_03단계_QP001-QP025_IATF16949중심_문서패키지.zip,917,2026-09-02,이미 있음(동일)
E:\신화에이치앤티 SQ인증심사 참고본\SHINHWA_IATF_QMS_04단계_FM001-FM100_IATF16949_Evidence_문서패키지.zip,00_QMS문서,QMS 문서(SH-/키워드),E:\SHINHWA\00_QMS문서\2026\SHINHWA_IATF_QMS_04단계_FM001-FM100_IATF16949_Evidence_문서패키지.zip,291,2026-09-02,이미 있음(동일)
E:\신화에이치앤티 SQ인증심사 참고본\SHINHWA_IATF_QMS_05단계_WI001-WI005_IATF16949_작업표준서_문서패키지.zip,00_QMS문서,QMS 문서(SH-/키워드),E:\SHINHWA\00_QMS문서\2026\SHINHWA_IATF_QMS_05단계_WI001-WI005_IATF16949_작업표준서_문서패키지.zip,195,2026-09-02,이미 있음(동일)
E:\신화에이치앤티 SQ인증심사 참고본\SHINHWA_IATF_QMS_05단계_WI001-WI005_IATF16949_작업표준서_문서패키지\SHINHWA_WI_Vol1_WI001-WI005_Rev00.docx,00_QMS문서,QMS 문서(SH-/키워드),E:\SHINHWA\00_QMS문서\2026\SHINHWA_WI_Vol1_WI001-WI005_Rev00.docx,44,2026-09-03,이미 있음(동일)
E:\신화에이치앤티 SQ인증심사 참고본\SHINHWA_IATF_QMS_05단계_WI001-WI005_IATF16949_작업표준서_문서패키지\SHINHWA_WI_Vol1_WI001-WI005_Rev00.pdf,00_QMS문서,QMS 문서(SH-/키워드),E:\SHINHWA\00_QMS문서\2026\SHINHWA_WI_Vol1_WI001-WI005_Rev00.pdf,362,2026-09-03,이미 있음(동일)
E:\신화에이치앤티 SQ인증심사 참고본\SHINHWA_IATF_QMS_06-53단계_전체통합_문서패키지.zip,00_QMS문서,QMS 문서(SH-/키워드),E:\SHINHWA\00_QMS문서\2026\SHINHWA_IATF_QMS_06-53단계_전체통합_문서패키지.zip,2335,2026-09-02,이미 있음(동일)
E:\신화에이치앤티 SQ인증심사 참고본\SHINHWA_IATF_QMS_06-53단계_전체통합_문서패키지\SHINHWA_IATF_QMS_06-53단계_통합패키지\00_FILE_MANIFEST.txt,00_QMS문서,QMS 문서(SH-/키워드),E:\SHINHWA\00_QMS문서\2026\00_FILE_MANIFEST.txt,4,2026-09-03,이미 있음(동일)
E:\신화에이치앤티 SQ인증심사 참고본\SHINHWA_IATF_QMS_06-53단계_전체통합_문서패키지\SHINHWA_IATF_QMS_06-53단계_통합패키지\00_README_단계상태.txt,00_QMS문서,QMS 문서(SH-/키워드),E:\SHINHWA\00_QMS문서\2026\00_README_단계상태.txt,0,2026-09-03,이미 있음(동일)
E:\신화에이치앤티 SQ인증심사 참고본\SHINHWA_IATF_QMS_06-53단계_전체통합_문서패키지\SHINHWA_IATF_QMS_06-53단계_통합패키지\06-10_WI_작업표준서\SHINHWA_WI_Vol2_WI006-WI010_Rev00.docx,00_QMS문서,QMS 문서(SH-/키워드),E:\SHINHWA\00_QMS문서\2026\SHINHWA_WI_Vol2_WI006-WI010_Rev00.docx,43,2026-09-03,이미 있음(동일)
E:\신화에이치앤티 SQ인증심사 참고본\SHINHWA_IATF_QMS_06-53단계_전체통합_문서패키지\SHINHWA_IATF_QMS_06-53단계_통합패키지\06-10_WI_작업표준서\SHINHWA_WI_Vol2_WI006-WI010_Rev00.pdf,00_QMS문서,QMS 문서(SH-/키워드),E:\SHINHWA\00_QMS문서\2026\SHINHWA_WI_Vol2_WI006-WI010_Rev00.pdf,311,2026-09-03,이미 있음(동일)
E:\신화에이치앤티 SQ인증심사 참고본\SHINHWA_IATF_QMS_06-53단계_전체통합_문서패키지\SHINHWA_IATF_QMS_06-53단계_통합패키지\06-10_WI_작업표준서\SHINHWA_WI_Vol3_WI011-WI015_Rev00.docx,00_QMS문서,QMS 문서(SH-/키워드),E:\SHINHWA\00_QMS문서\2026\SHINHWA_WI_Vol3_WI011-WI015_Rev00.docx,43,2026-09-03,이미 있음(동일)
E:\신화에이치앤티 SQ인증심사 참고본\SHINHWA_IATF_QMS_06-53단계_전체통합_문서패키지\SHINHWA_IATF_QMS_06-53단계_통합패키지\06-10_WI_작업표준서\SHINHWA_WI_Vol3_WI011-WI015_Rev00.pdf,00_QMS문서,QMS 문서(SH-/키워드),E:\SHINHWA\00_QMS문서\2026\SHINHWA_WI_Vol3_WI011-WI015_Rev00.pdf,331,2026-09-03,이미 있음(동일)
E:\신화에이치앤티 SQ인증심사 참고본\SHINHWA_IATF_QMS_06-53단계_전체통합_문서패키지\SHINHWA_IATF_QMS_06-53단계_통합패키지\06-10_WI_작업표준서\SHINHWA_WI_Vol4_WI016-WI020_Rev00.docx,00_QMS문서,QMS 문서(SH-/키워드),E:\SHINHWA\00_QMS문서\2026\SHINHWA_WI_Vol4_WI016-WI020_Rev00.docx,43,2026-09-03,이미 있음(동일)
E:\신화에이치앤티 SQ인증심사 참고본\SHINHWA_IATF_QMS_06-53단계_전체통합_문서패키지\SHINHWA_IATF_QMS_06-53단계_통합패키지\06-10_WI_작업표준서\SHINHWA_WI_Vol4_WI016-WI020_Rev00.pdf,00_QMS문서,QMS 문서(SH-/키워드),E:\SHINHWA\00_QMS문서\2026\SHINHWA_WI_Vol4_WI016-WI020_Rev00.pdf,314,2026-09-03,이미 있음(동일)
E:\신화에이치앤티 SQ인증심사 참고본\SHINHWA_IATF_QMS_06-53단계_전체통합_문서패키지\SHINHWA_IATF_QMS_06-53단계_통합패키지\06-10_WI_작업표준서\SHINHWA_WI_Vol5_WI021-WI025_Rev00.docx,00_QMS문서,QMS 문서(SH-/키워드),E:\SHINHWA\00_QMS문서\2026\SHINHWA_WI_Vol5_WI021-WI025_Rev00.docx,43,2026-09-03,이미 있음(동일)
E:\신화에이치앤티 SQ인증심사 참고본\SHINHWA_IATF_QMS_06-53단계_전체통합_문서패키지\SHINHWA_IATF_QMS_06-53단계_통합패키지\06-10_WI_작업표준서\SHINHWA_WI_Vol5_WI021-WI025_Rev00.pdf,00_QMS문서,QMS 문서(SH-/키워드),E:\SHINHWA\00_QMS문서\2026\SHINHWA_WI_Vol5_WI021-WI025_Rev00.pdf,319,2026-09-03,이미 있음(동일)
E:\신화에이치앤티 SQ인증심사 참고본\SHINHWA_IATF_QMS_06-53단계_전체통합_문서패키지\SHINHWA_IATF_QMS_06-53단계_통합패키지\06-10_WI_작업표준서\SHINHWA_WI_Vol6_WI026-WI030_Rev00.docx,00_QMS문서,QMS 문서(SH-/키워드),E:\SHINHWA\00_QMS문서\2026\SHINHWA_WI_Vol6_WI026-WI030_Rev00.docx,43,2026-09-03,이미 있음(동일)
E:\신화에이치앤티 SQ인증심사 참고본\SHINHWA_IATF_QMS_06-53단계_전체통합_문서패키지\SHINHWA_IATF_QMS_06-53단계_통합패키지\06-10_WI_작업표준서\SHINHWA_WI_Vol6_WI026-WI030_Rev00.pdf,00_QMS문서,QMS 문서(SH-/키워드),E:\SHINHWA\00_QMS문서\2026\SHINHWA_WI_Vol6_WI026-WI030_Rev00.pdf,319,2026-09-03,이미 있음(동일)
E:\신화에이치앤티 SQ인증심사 참고본\SHINHWA_IATF_QMS_06-53단계_전체통합_문서패키지\SHINHWA_IATF_QMS_06-53단계_통합패키지\11_CoreTools\SHINHWA_CoreTools_APQP_PPAP_PFMEA_CP_MSA_SPC_Rev00.xlsx,00_QMS문서,QMS 문서(SH-/키워드),E:\SHINHWA\00_QMS문서\2026\SHINHWA_CoreTools_APQP_PPAP_PFMEA_CP_MSA_SPC_Rev00.xlsx,42,2026-09-03,이미 있음(동일)
E:\신화에이치앤티 SQ인증심사 참고본\SHINHWA_IATF_QMS_06-53단계_전체통합_문서패키지\SHINHWA_IATF_QMS_06-53단계_통합패키지\11_CoreTools\SHINHWA_CoreTools_최종품질검증_EndToEnd_GapClosure_Rev00.xlsx,00_QMS문서,QMS 문서(SH-/키워드),E:\SHINHWA\00_QMS문서\2026\SHINHWA_CoreTools_최종품질검증_EndToEnd_GapClosure_Rev00.xlsx,20,2026-09-03,이미 있음(동일)
E:\신화에이치앤티 SQ인증심사 참고본\SHINHWA_IATF_QMS_06-53단계_전체통합_문서패키지\SHINHWA_IATF_QMS_06-53단계_통합패키지\12-18_통합검증_제품안전_추적성_FM충돌해소\SHINHWA_IATF_FM041_FM060_Baseline_Remapping_Decision_Rev01.xlsx,00_QMS문서,QMS 문서(SH-/키워드),E:\SHINHWA\00_QMS문서\2026\SHINHWA_IATF_FM041_FM060_Baseline_Remapping_Decision_Rev01.xlsx,16,2026-09-03,이미 있음(동일)
E:\신화에이치앤티 SQ인증심사 참고본\SHINHWA_IATF_QMS_06-53단계_전체통합_문서패키지\SHINHWA_IATF_QMS_06-53단계_통합패키지\12-18_통합검증_제품안전_추적성_FM충돌해소\SHINHWA_IATF_FM_Master_Actual_Baseline_QP021_025_Remap_Rev02.xlsx,00_QMS문서,QMS 문서(SH-/키워드),E:\SHINHWA\00_QMS문서\2026\SHINHWA_IATF_FM_Master_Actual_Baseline_QP021_025_Remap_Rev02.xlsx,10,2026-09-03,이미 있음(동일)
E:\신화에이치앤티 SQ인증심사 참고본\SHINHWA_IATF_QMS_06-53단계_전체통합_문서패키지\SHINHWA_IATF_QMS_06-53단계_통합패키지\12-18_통합검증_제품안전_추적성_FM충돌해소\SHINHWA_IATF_QP_FM_WI_Actual_Linkage_Verification_Rev00.xlsx,00_QMS문서,QMS 문서(SH-/키워드),E:\SHINHWA\00_QMS문서\2026\SHINHWA_IATF_QP_FM_WI_Actual_Linkage_Verification_Rev00.xlsx,26,2026-09-03,이미 있음(동일)
E:\신화에이치앤티 SQ인증심사 참고본\SHINHWA_IATF_QMS_06-53단계_전체통합_문서패키지\SHINHWA_IATF_QMS_06-53단계_통합패키지\12-18_통합검증_제품안전_추적성_FM충돌해소\SHINHWA_WI001-WI030_최종품질검증_QP-FM연계_GapClosure_Rev00.xlsx,00_QMS문서,QMS 문서(SH-/키워드),E:\SHINHWA\00_QMS문서\2026\SHINHWA_WI001-WI030_최종품질검증_QP-FM연계_GapClosure_Rev00.xlsx,13,2026-09-03,이미 있음(동일)
E:\신화에이치앤티 SQ인증심사 참고본\SHINHWA_IATF_QMS_06-53단계_전체통합_문서패키지\SHINHWA_IATF_QMS_06-53단계_통합패키지\12-18_통합검증_제품안전_추적성_FM충돌해소\SHINHWA_대표품번_EndToEnd_Traceability_실행패키지_Rev00.xlsx,00_QMS문서,QMS 문서(SH-/키워드),E:\SHINHWA\00_QMS문서\2026\SHINHWA_대표품번_EndToEnd_Traceability_실행패키지_Rev00.xlsx,31,2026-09-03,이미 있음(동일)
E:\신화에이치앤티 SQ인증심사 참고본\SHINHWA_IATF_QMS_06-53단계_전체통합_문서패키지\SHINHWA_IATF_QMS_06-53단계_통합패키지\12-18_통합검증_제품안전_추적성_FM충돌해소\SHINHWA_제품안전_ProductSafety_HighRisk_GapClosure_Rev00.xlsx,00_QMS문서,QMS 문서(SH-/키워드),E:\SHINHWA\00_QMS문서\2026\SHINHWA_제품안전_ProductSafety_HighRisk_GapClosure_Rev00.xlsx,28,2026-09-03,이미 있음(동일)
E:\신화에이치앤티 SQ인증심사 참고본\SHINHWA_IATF_QMS_06-53단계_전체통합_문서패키지\SHINHWA_IATF_QMS_06-53단계_통합패키지\19-39_QPVol5_Rev01_문서통제\SHINHWA_QP_Vol5_QP021-QP025_Rev01_DRAFT.docx,00_QMS문서,QMS 문서(SH-/키워드),E:\SHINHWA\00_QMS문서\2026\SHINHWA_QP_Vol5_QP021-QP025_Rev01_DRAFT.docx,45,2026-09-03,이미 있음(동일)
E:\신화에이치앤티 SQ인증심사 참고본\SHINHWA_IATF_QMS_06-53단계_전체통합_문서패키지\SHINHWA_IATF_QMS_06-53단계_통합패키지\19-39_QPVol5_Rev01_문서통제\SHINHWA_QP_Vol5_QP021-QP025_Rev01_DRAFT.pdf,00_QMS문서,QMS 문서(SH-/키워드),E:\SHINHWA\00_QMS문서\2026\SHINHWA_QP_Vol5_QP021-QP025_Rev01_DRAFT.pdf,402,2026-09-03,이미 있음(동일)
E:\신화에이치앤티 SQ인증심사 참고본\SHINHWA_IATF_QMS_06-53단계_전체통합_문서패키지\SHINHWA_IATF_QMS_06-53단계_통합패키지\19-39_QPVol5_Rev01_문서통제\SHINHWA_QP_Vol5_QP021-QP025_Rev01_RELEASE_CANDIDATE.docx,00_QMS문서,QMS 문서(SH-/키워드),E:\SHINHWA\00_QMS문서\2026\SHINHWA_QP_Vol5_QP021-QP025_Rev01_RELEASE_CANDIDATE.docx,46,2026-09-03,이미 있음(동일)
E:\신화에이치앤티 SQ인증심사 참고본\SHINHWA_IATF_QMS_06-53단계_전체통합_문서패키지\SHINHWA_IATF_QMS_06-53단계_통합패키지\19-39_QPVol5_Rev01_문서통제\SHINHWA_QP_Vol5_QP021-QP025_Rev01_RELEASE_CANDIDATE.pdf,00_QMS문서,QMS 문서(SH-/키워드),E:\SHINHWA\00_QMS문서\2026\SHINHWA_QP_Vol5_QP021-QP025_Rev01_RELEASE_CANDIDATE.pdf,449,2026-09-03,이미 있음(동일)
E:\신화에이치앤티 SQ인증심사 참고본\SHINHWA_IATF_QMS_06-53단계_전체통합_문서패키지\SHINHWA_IATF_QMS_06-53단계_통합패키지\19-39_QPVol5_Rev01_문서통제\SHINHWA_QP_Vol5_Rev01_Document_Control_Approval_Package_Rev05.xlsx,00_QMS문서,QMS 문서(SH-/키워드),E:\SHINHWA\00_QMS문서\2026\SHINHWA_QP_Vol5_Rev01_Document_Control_Approval_Package_Rev05.xlsx,11,2026-09-03,이미 있음(동일)
E:\신화에이치앤티 SQ인증심사 참고본\SHINHWA_IATF_QMS_06-53단계_전체통합_문서패키지\SHINHWA_IATF_QMS_06-53단계_통합패키지\19-39_QPVol5_Rev01_문서통제\SHINHWA_QP_Vol5_Rev01_Document_Control_and_FM_Master_Rev02_Draft_Rev06.xlsx,00_QMS문서,QMS 문서(SH-/키워드),E:\SHINHWA\00_QMS문서\2026\SHINHWA_QP_Vol5_Rev01_Document_Control_and_FM_Master_Rev02_Draft_Rev06.xlsx,13,2026-09-03,이미 있음(동일)
E:\신화에이치앤티 SQ인증심사 참고본\SHINHWA_IATF_QMS_06-53단계_전체통합_문서패키지\SHINHWA_IATF_QMS_06-53단계_통합패키지\19-39_QPVol5_Rev01_문서통제\SHINHWA_QP_Vol5_Rev01_FM_Number_Approval_and_Release_Gate_Rev04.xlsx,00_QMS문서,QMS 문서(SH-/키워드),E:\SHINHWA\00_QMS문서\2026\SHINHWA_QP_Vol5_Rev01_FM_Number_Approval_and_Release_Gate_Rev04.xlsx,10,2026-09-03,이미 있음(동일)
E:\신화에이치앤티 SQ인증심사 참고본\SHINHWA_IATF_QMS_06-53단계_전체통합_문서패키지\SHINHWA_IATF_QMS_06-53단계_통합패키지\19-39_QPVol5_Rev01_문서통제\SHINHWA_QP_Vol5_Rev01_FM_REMAP_Validation_Package.xlsx,00_QMS문서,QMS 문서(SH-/키워드),E:\SHINHWA\00_QMS문서\2026\SHINHWA_QP_Vol5_Rev01_FM_REMAP_Validation_Package.xlsx,10,2026-09-03,이미 있음(동일)
E:\신화에이치앤티 SQ인증심사 참고본\SHINHWA_IATF_QMS_06-53단계_전체통합_문서패키지\SHINHWA_IATF_QMS_06-53단계_통합패키지\19-39_QPVol5_Rev01_문서통제\SHINHWA_QP_Vol5_Rev01_P0_Gate_Resolution_Rev02.xlsx,00_QMS문서,QMS 문서(SH-/키워드),E:\SHINHWA\00_QMS문서\2026\SHINHWA_QP_Vol5_Rev01_P0_Gate_Resolution_Rev02.xlsx,18,2026-09-03,이미 있음(동일)
E:\신화에이치앤티 SQ인증심사 참고본\SHINHWA_IATF_QMS_06-53단계_전체통합_문서패키지\SHINHWA_IATF_QMS_06-53단계_통합패키지\19-39_QPVol5_Rev01_문서통제\SHINHWA_QP_Vol5_Rev01_Release_Decision_and_FM_Change_Request_Rev03.xlsx,00_QMS문서,QMS 문서(SH-/키워드),E:\SHINHWA\00_QMS문서\2026\SHINHWA_QP_Vol5_Rev01_Release_Decision_and_FM_Change_Request_Rev03.xlsx,11,2026-09-03,이미 있음(동일)
E:\신화에이치앤티 SQ인증심사 참고본\SHINHWA_IATF_QMS_06-53단계_전체통합_문서패키지\SHINHWA_IATF_QMS_06-53단계_통합패키지\40-53_승인대기_FINAL전환_인증심사준비\SHINHWA_2027_IATF_사후심사_Evidence_Countdown_Rev00.xlsx,00_QMS문서,QMS 문서(SH-/키워드),E:\SHINHWA\00_QMS문서\2026\SHINHWA_2027_IATF_사후심사_Evidence_Countdown_Rev00.xlsx,36,2026-09-03,이미 있음(동일)
E:\신화에이치앤티 SQ인증심사 참고본\SHINHWA_IATF_QMS_06-53단계_전체통합_문서패키지\SHINHWA_IATF_QMS_06-53단계_통합패키지\40-53_승인대기_FINAL전환_인증심사준비\SHINHWA_2027_IATF_품질목표_사업계획_부서KPI_Rev00.xlsx,00_QMS문서,QMS 문서(SH-/키워드),E:\SHINHWA\00_QMS문서\2026\SHINHWA_2027_IATF_품질목표_사업계획_부서KPI_Rev00.xlsx,34,2026-09-03,이미 있음(동일)
E:\신화에이치앤티 SQ인증심사 참고본\SHINHWA_IATF_QMS_06-53단계_전체통합_문서패키지\SHINHWA_IATF_QMS_06-53단계_통합패키지\40-53_승인대기_FINAL전환_인증심사준비\SHINHWA_2027_QMS_월별운영_ActionTracker_경영실적Dashboard_Rev00.xlsx,00_QMS문서,QMS 문서(SH-/키워드),E:\SHINHWA\00_QMS문서\2026\SHINHWA_2027_QMS_월별운영_ActionTracker_경영실적Dashboard_Rev00.xlsx,36,2026-09-03,이미 있음(동일)
E:\신화에이치앤티 SQ인증심사 참고본\SHINHWA_IATF_QMS_06-53단계_전체통합_문서패키지\SHINHWA_IATF_QMS_06-53단계_통합패키지\40-53_승인대기_FINAL전환_인증심사준비\SHINHWA_FM001-FM100_최종품질검증_QP-WI연계_GapClosure_Rev00.xlsx,00_QMS문서,QMS 문서(SH-/키워드),E:\SHINHWA\00_QMS문서\2026\SHINHWA_FM001-FM100_최종품질검증_QP-WI연계_GapClosure_Rev00.xlsx,24,2026-09-03,이미 있음(동일)
E:\신화에이치앤티 SQ인증심사 참고본\SHINHWA_IATF_QMS_06-53단계_전체통합_문서패키지\SHINHWA_IATF_QMS_06-53단계_통합패키지\40-53_승인대기_FINAL전환_인증심사준비\SHINHWA_IATF16949_PreAudit_최종준비도_Rev00.xlsx,00_QMS문서,QMS 문서(SH-/키워드),E:\SHINHWA\00_QMS문서\2026\SHINHWA_IATF16949_PreAudit_최종준비도_Rev00.xlsx,23,2026-09-03,이미 있음(동일)
E:\신화에이치앤티 SQ인증심사 참고본\SHINHWA_IATF_QMS_06-53단계_전체통합_문서패키지\SHINHWA_IATF_QMS_06-53단계_통합패키지\40-53_승인대기_FINAL전환_인증심사준비\SHINHWA_IATF16949_인증심사_Evidence_Matrix_Rev00.xlsx,00_QMS문서,QMS 문서(SH-/키워드),E:\SHINHWA\00_QMS문서\2026\SHINHWA_IATF16949_인증심사_Evidence_Matrix_Rev00.xlsx,20,2026-09-03,이미 있음(동일)
E:\신화에이치앤티 SQ인증심사 참고본\SHINHWA_IATF_QMS_06-53단계_전체통합_문서패키지\SHINHWA_IATF_QMS_06-53단계_통합패키지\40-53_승인대기_FINAL전환_인증심사준비\SHINHWA_IATF_2026-2027_QMS_통합운영_Master_Dashboard_Rev00.xlsx,00_QMS문서,QMS 문서(SH-/키워드),E:\SHINHWA\00_QMS문서\2026\SHINHWA_IATF_2026-2027_QMS_통합운영_Master_Dashboard_Rev00.xlsx,50,2026-09-03,이미 있음(동일)
E:\신화에이치앤티 SQ인증심사 참고본\SHINHWA_IATF_QMS_06-53단계_전체통합_문서패키지\SHINHWA_IATF_QMS_06-53단계_통합패키지\40-53_승인대기_FINAL전환_인증심사준비\SHINHWA_IATF_2027-2029_인증유지_3개년_MasterPlan_Rev00.xlsx,00_QMS문서,QMS 문서(SH-/키워드),E:\SHINHWA\00_QMS문서\2026\SHINHWA_IATF_2027-2029_인증유지_3개년_MasterPlan_Rev00.xlsx,34,2026-09-03,이미 있음(동일)
E:\신화에이치앤티 SQ인증심사 참고본\SHINHWA_IATF_QMS_06-53단계_전체통합_문서패키지\SHINHWA_IATF_QMS_06-53단계_통합패키지\40-53_승인대기_FINAL전환_인증심사준비\SHINHWA_IATF_Actual_Document_Release_Verification_Rev00.xlsx,00_QMS문서,QMS 문서(SH-/키워드),E:\SHINHWA\00_QMS문서\2026\SHINHWA_IATF_Actual_Document_Release_Verification_Rev00.xlsx,11,2026-09-03,이미 있음(동일)
E:\신화에이치앤티 SQ인증심사 참고본\SHINHWA_IATF_QMS_06-53단계_전체통합_문서패키지\SHINHWA_IATF_QMS_06-53단계_통합패키지\40-53_승인대기_FINAL전환_인증심사준비\SHINHWA_IATF_Actual_File_Readiness_Gap_Assessment_Rev00.xlsx,00_QMS문서,QMS 문서(SH-/키워드),E:\SHINHWA\00_QMS문서\2026\SHINHWA_IATF_Actual_File_Readiness_Gap_Assessment_Rev00.xlsx,10,2026-09-03,이미 있음(동일)
E:\신화에이치앤티 SQ인증심사 참고본\SHINHWA_IATF_QMS_06-53단계_전체통합_문서패키지\SHINHWA_IATF_QMS_06-53단계_통합패키지\40-53_승인대기_FINAL전환_인증심사준비\SHINHWA_IATF_Certification_Closure_Book_Rev00.xlsx,00_QMS문서,QMS 문서(SH-/키워드),E:\SHINHWA\00_QMS문서\2026\SHINHWA_IATF_Certification_Closure_Book_Rev00.xlsx,35,2026-09-03,이미 있음(동일)
E:\신화에이치앤티 SQ인증심사 참고본\SHINHWA_IATF_QMS_06-53단계_전체통합_문서패키지\SHINHWA_IATF_QMS_06-53단계_통합패키지\40-53_승인대기_FINAL전환_인증심사준비\SHINHWA_IATF_Final_Delivery_Release_AuditFolder_Master_Rev00.xlsx,00_QMS문서,QMS 문서(SH-/키워드),E:\SHINHWA\00_QMS문서\2026\SHINHWA_IATF_Final_Delivery_Release_AuditFolder_Master_Rev00.xlsx,18,2026-09-03,이미 있음(동일)
E:\신화에이치앤티 SQ인증심사 참고본\SHINHWA_IATF_QMS_06-53단계_전체통합_문서패키지\SHINHWA_IATF_QMS_06-53단계_통합패키지\40-53_승인대기_FINAL전환_인증심사준비\SHINHWA_IATF_MasterIndex_Evidence_CrossReference_Matrix_Rev00.xlsx,00_QMS문서,QMS 문서(SH-/키워드),E:\SHINHWA\00_QMS문서\2026\SHINHWA_IATF_MasterIndex_Evidence_CrossReference_Matrix_Rev00.xlsx,28,2026-09-03,이미 있음(동일)
E:\신화에이치앤티 SQ인증심사 참고본\SHINHWA_IATF_QMS_06-53단계_전체통합_문서패키지\SHINHWA_IATF_QMS_06-53단계_통합패키지\40-53_승인대기_FINAL전환_인증심사준비\SHINHWA_IATF_MockAudit_부서별인터뷰_심사대응_Rev00.xlsx,00_QMS문서,QMS 문서(SH-/키워드),E:\SHINHWA\00_QMS문서\2026\SHINHWA_IATF_MockAudit_부서별인터뷰_심사대응_Rev00.xlsx,34,2026-09-03,이미 있음(동일)
E:\신화에이치앤티 SQ인증심사 참고본\SHINHWA_IATF_QMS_06-53단계_전체통합_문서패키지\SHINHWA_IATF_QMS_06-53단계_통합패키지\40-53_승인대기_FINAL전환_인증심사준비\SHINHWA_IATF_PreAudit_NC대응_Certification_Readiness_Rev00.xlsx,00_QMS문서,QMS 문서(SH-/키워드),E:\SHINHWA\00_QMS문서\2026\SHINHWA_IATF_PreAudit_NC대응_Certification_Readiness_Rev00.xlsx,27,2026-09-03,이미 있음(동일)
E:\신화에이치앤티 SQ인증심사 참고본\SHINHWA_IATF_QMS_06-53단계_전체통합_문서패키지\SHINHWA_IATF_QMS_06-53단계_통합패키지\40-53_승인대기_FINAL전환_인증심사준비\SHINHWA_IATF_Priority1_Gap_Closure_Execution_Pack_Rev00.xlsx,00_QMS문서,QMS 문서(SH-/키워드),E:\SHINHWA\00_QMS문서\2026\SHINHWA_IATF_Priority1_Gap_Closure_Execution_Pack_Rev00.xlsx,53,2026-09-03,이미 있음(동일)
E:\신화에이치앤티 SQ인증심사 참고본\SHINHWA_IATF_QMS_06-53단계_전체통합_문서패키지\SHINHWA_IATF_QMS_06-53단계_통합패키지\40-53_승인대기_FINAL전환_인증심사준비\SHINHWA_IATF_QMS_Handover_Certification_Maintenance_Master_Rev00.xlsx,00_QMS문서,QMS 문서(SH-/키워드),E:\SHINHWA\00_QMS문서\2026\SHINHWA_IATF_QMS_Handover_Certification_Maintenance_Master_Rev00.xlsx,17,2026-09-03,이미 있음(동일)
E:\신화에이치앤티 SQ인증심사 참고본\SHINHWA_IATF_QMS_06-53단계_전체통합_문서패키지\SHINHWA_IATF_QMS_06-53단계_통합패키지\40-53_승인대기_FINAL전환_인증심사준비\SHINHWA_IATF_QMS_전체구축_Completion_Matrix_Rev00.xlsx,00_QMS문서,QMS 문서(SH-/키워드),E:\SHINHWA\00_QMS문서\2026\SHINHWA_IATF_QMS_전체구축_Completion_Matrix_Rev00.xlsx,39,2026-09-03,이미 있음(동일)
E:\신화에이치앤티 SQ인증심사 참고본\SHINHWA_IATF_QMS_06-53단계_전체통합_문서패키지\SHINHWA_IATF_QMS_06-53단계_통합패키지\40-53_승인대기_FINAL전환_인증심사준비\SHINHWA_IATF_QMS_최종납품_MasterPackage_Index_Rev00.xlsx,00_QMS문서,QMS 문서(SH-/키워드),E:\SHINHWA\00_QMS문서\2026\SHINHWA_IATF_QMS_최종납품_MasterPackage_Index_Rev00.xlsx,35,2026-09-03,이미 있음(동일)
E:\신화에이치앤티 SQ인증심사 참고본\SHINHWA_IATF_QMS_06-53단계_전체통합_문서패키지\SHINHWA_IATF_QMS_06-53단계_통합패키지\40-53_승인대기_FINAL전환_인증심사준비\SHINHWA_IATF_QMS_통합_GapClosure_Master_Rev00.xlsx,00_QMS문서,QMS 문서(SH-/키워드),E:\SHINHWA\00_QMS문서\2026\SHINHWA_IATF_QMS_통합_GapClosure_Master_Rev00.xlsx,22,2026-09-03,이미 있음(동일)
E:\신화에이치앤티 SQ인증심사 참고본\SHINHWA_IATF_QMS_06-53단계_전체통합_문서패키지\SHINHWA_IATF_QMS_06-53단계_통합패키지\40-53_승인대기_FINAL전환_인증심사준비\SHINHWA_IATF_RACI_Countdown_경영Signoff_Rev00.xlsx,00_QMS문서,QMS 문서(SH-/키워드),E:\SHINHWA\00_QMS문서\2026\SHINHWA_IATF_RACI_Countdown_경영Signoff_Rev00.xlsx,22,2026-09-03,이미 있음(동일)
E:\신화에이치앤티 SQ인증심사 참고본\SHINHWA_IATF_QMS_06-53단계_전체통합_문서패키지\SHINHWA_IATF_QMS_06-53단계_통합패키지\40-53_승인대기_FINAL전환_인증심사준비\SHINHWA_IATF_Stage1_Stage2_AuditDay_Runbook_Escalation_Rev00.xlsx,00_QMS문서,QMS 문서(SH-/키워드),E:\SHINHWA\00_QMS문서\2026\SHINHWA_IATF_Stage1_Stage2_AuditDay_Runbook_Escalation_Rev00.xlsx,35,2026-09-03,이미 있음(동일)
E:\신화에이치앤티 SQ인증심사 참고본\SHINHWA_IATF_QMS_06-53단계_전체통합_문서패키지\SHINHWA_IATF_QMS_06-53단계_통합패키지\40-53_승인대기_FINAL전환_인증심사준비\SHINHWA_IATF_Stage1_Stage2_최종심사_운영패키지_Rev00.xlsx,00_QMS문서,QMS 문서(SH-/키워드),E:\SHINHWA\00_QMS문서\2026\SHINHWA_IATF_Stage1_Stage2_최종심사_운영패키지_Rev00.xlsx,27,2026-09-03,이미 있음(동일)
E:\신화에이치앤티 SQ인증심사 참고본\SHINHWA_IATF_QMS_06-53단계_전체통합_문서패키지\SHINHWA_IATF_QMS_06-53단계_통합패키지\40-53_승인대기_FINAL전환_인증심사준비\SHINHWA_IATF_WarRoom_실시간요청_NC_OFI_Closing_Rev00.xlsx,00_QMS문서,QMS 문서(SH-/키워드),E:\SHINHWA\00_QMS문서\2026\SHINHWA_IATF_WarRoom_실시간요청_NC_OFI_Closing_Rev00.xlsx,31,2026-09-03,이미 있음(동일)
E:\신화에이치앤티 SQ인증심사 참고본\SHINHWA_IATF_QMS_06-53단계_전체통합_문서패키지\SHINHWA_IATF_QMS_06-53단계_통합패키지\40-53_승인대기_FINAL전환_인증심사준비\SHINHWA_IATF_모의심사_결과보고_경영승인_Rev00.xlsx,00_QMS문서,QMS 문서(SH-/키워드),E:\SHINHWA\00_QMS문서\2026\SHINHWA_IATF_모의심사_결과보고_경영승인_Rev00.xlsx,21,2026-09-03,이미 있음(동일)
E:\신화에이치앤티 SQ인증심사 참고본\SHINHWA_IATF_QMS_06-53단계_전체통합_문서패키지\SHINHWA_IATF_QMS_06-53단계_통합패키지\40-53_승인대기_FINAL전환_인증심사준비\SHINHWA_IATF_부서별Evidence_제출관리_주간ActionTracker_Rev00.xlsx,00_QMS문서,QMS 문서(SH-/키워드),E:\SHINHWA\00_QMS문서\2026\SHINHWA_IATF_부서별Evidence_제출관리_주간ActionTracker_Rev00.xlsx,17,2026-09-03,이미 있음(동일)
E:\신화에이치앤티 SQ인증심사 참고본\SHINHWA_IATF_QMS_06-53단계_전체통합_문서패키지\SHINHWA_IATF_QMS_06-53단계_통합패키지\40-53_승인대기_FINAL전환_인증심사준비\SHINHWA_IATF_실제Evidence_수집검증_GapClosure_실행패키지_Rev00.xlsx,00_QMS문서,QMS 문서(SH-/키워드),E:\SHINHWA\00_QMS문서\2026\SHINHWA_IATF_실제Evidence_수집검증_GapClosure_실행패키지_Rev00.xlsx,23,2026-09-03,이미 있음(동일)
E:\신화에이치앤티 SQ인증심사 참고본\SHINHWA_IATF_QMS_06-53단계_전체통합_문서패키지\SHINHWA_IATF_QMS_06-53단계_통합패키지\40-53_승인대기_FINAL전환_인증심사준비\SHINHWA_IATF_실제운영_Evidence_Binder_심사Index_Rev00.xlsx,00_QMS문서,QMS 문서(SH-/키워드),E:\SHINHWA\00_QMS문서\2026\SHINHWA_IATF_실제운영_Evidence_Binder_심사Index_Rev00.xlsx,30,2026-09-03,이미 있음(동일)
E:\신화에이치앤티 SQ인증심사 참고본\SHINHWA_IATF_QMS_06-53단계_전체통합_문서패키지\SHINHWA_IATF_QMS_06-53단계_통합패키지\40-53_승인대기_FINAL전환_인증심사준비\SHINHWA_IATF_인증심사_Audit_Control_Room_Rev00.xlsx,00_QMS문서,QMS 문서(SH-/키워드),E:\SHINHWA\00_QMS문서\2026\SHINHWA_IATF_인증심사_Audit_Control_Room_Rev00.xlsx,32,2026-09-03,이미 있음(동일)
E:\신화에이치앤티 SQ인증심사 참고본\SHINHWA_IATF_QMS_06-53단계_전체통합_문서패키지\SHINHWA_IATF_QMS_06-53단계_통합패키지\40-53_승인대기_FINAL전환_인증심사준비\SHINHWA_IATF_인증유지_연간운영관리_Rev00.xlsx,00_QMS문서,QMS 문서(SH-/키워드),E:\SHINHWA\00_QMS문서\2026\SHINHWA_IATF_인증유지_연간운영관리_Rev00.xlsx,29,2026-09-03,이미 있음(동일)
E:\신화에이치앤티 SQ인증심사 참고본\SHINHWA_IATF_QMS_06-53단계_전체통합_문서패키지\SHINHWA_IATF_QMS_06-53단계_통합패키지\40-53_승인대기_FINAL전환_인증심사준비\SHINHWA_IATF_최종_MasterPackage_GapClosure_Rev00.xlsx,00_QMS문서,QMS 문서(SH-/키워드),E:\SHINHWA\00_QMS문서\2026\SHINHWA_IATF_최종_MasterPackage_GapClosure_Rev00.xlsx,31,2026-09-03,이미 있음(동일)
E:\신화에이치앤티 SQ인증심사 참고본\SHINHWA_IATF_QMS_06-53단계_전체통합_문서패키지\SHINHWA_IATF_QMS_06-53단계_통합패키지\40-53_승인대기_FINAL전환_인증심사준비\SHINHWA_IATF_최종_SelfAssessment_조항별적합성_TOPRisk_Rev00.xlsx,00_QMS문서,QMS 문서(SH-/키워드),E:\SHINHWA\00_QMS문서\2026\SHINHWA_IATF_최종_SelfAssessment_조항별적합성_TOPRisk_Rev00.xlsx,26,2026-09-03,이미 있음(동일)
E:\신화에이치앤티 SQ인증심사 참고본\SHINHWA_IATF_QMS_06-53단계_전체통합_문서패키지\SHINHWA_IATF_QMS_06-53단계_통합패키지\40-53_승인대기_FINAL전환_인증심사준비\SHINHWA_IATF_최종모의심사_문제은행_부서별인터뷰_Evidence_Rev00.xlsx,00_QMS문서,QMS 문서(SH-/키워드),E:\SHINHWA\00_QMS문서\2026\SHINHWA_IATF_최종모의심사_문제은행_부서별인터뷰_Evidence_Rev00.xlsx,39,2026-09-03,이미 있음(동일)
E:\신화에이치앤티 SQ인증심사 참고본\SHINHWA_IATF_QMS_06-53단계_전체통합_문서패키지\SHINHWA_IATF_QMS_06-53단계_통합패키지\40-53_승인대기_FINAL전환_인증심사준비\SHINHWA_IATF_현장심사강화_CSR_제품안전_LPA_비상계획_Rev00.xlsx,00_QMS문서,QMS 문서(SH-/키워드),E:\SHINHWA\00_QMS문서\2026\SHINHWA_IATF_현장심사강화_CSR_제품안전_LPA_비상계획_Rev00.xlsx,21,2026-09-03,이미 있음(동일)
E:\신화에이치앤티 SQ인증심사 참고본\SHINHWA_IATF_QMS_06-53단계_전체통합_문서패키지\SHINHWA_IATF_QMS_06-53단계_통합패키지\40-53_승인대기_FINAL전환_인증심사준비\SHINHWA_QM001_4권_최종품질검증_GapClosure_Rev00.xlsx,00_QMS문서,QMS 문서(SH-/키워드),E:\SHINHWA\00_QMS문서\2026\SHINHWA_QM001_4권_최종품질검증_GapClosure_Rev00.xlsx,12,2026-09-03,이미 있음(동일)
E:\신화에이치앤티 SQ인증심사 참고본\SHINHWA_IATF_QMS_06-53단계_전체통합_문서패키지\SHINHWA_IATF_QMS_06-53단계_통합패키지\40-53_승인대기_FINAL전환_인증심사준비\SHINHWA_QMS_인증심사_Master_Package_Index_Rev00.xlsx,00_QMS문서,QMS 문서(SH-/키워드),E:\SHINHWA\00_QMS문서\2026\SHINHWA_QMS_인증심사_Master_Package_Index_Rev00.xlsx,25,2026-09-03,이미 있음(동일)
E:\신화에이치앤티 SQ인증심사 참고본\SHINHWA_IATF_QMS_06-53단계_전체통합_문서패키지\SHINHWA_IATF_QMS_06-53단계_통합패키지\40-53_승인대기_FINAL전환_인증심사준비\SHINHWA_QMS_통합문서_MasterList_인증심사체크리스트_Rev00.xlsx,00_QMS문서,QMS 문서(SH-/키워드),E:\SHINHWA\00_QMS문서\2026\SHINHWA_QMS_통합문서_MasterList_인증심사체크리스트_Rev00.xlsx,20,2026-09-03,이미 있음(동일)
E:\신화에이치앤티 SQ인증심사 참고본\SHINHWA_IATF_QMS_06-53단계_전체통합_문서패키지\SHINHWA_IATF_QMS_06-53단계_통합패키지\40-53_승인대기_FINAL전환_인증심사준비\SHINHWA_QP001-QP025_최종품질검증_QM연계_GapClosure_Rev00.xlsx,00_QMS문서,QMS 문서(SH-/키워드),E:\SHINHWA\00_QMS문서\2026\SHINHWA_QP001-QP025_최종품질검증_QM연계_GapClosure_Rev00.xlsx,20,2026-09-03,이미 있음(동일)
E:\신화에이치앤티 SQ인증심사 참고본\SHINHWA_QM-001_B01_출력용_문서패키지_Rev00\SHINHWA_QM-001_B01_출력용_제1-4권_통합_Rev00.pdf,00_QMS문서,QMS 문서(SH-/키워드),E:\SHINHWA\00_QMS문서\2026\SHINHWA_QM-001_B01_출력용_제1-4권_통합_Rev00.pdf,542,2026-09-02,이미 있음(동일)
E:\신화에이치앤티 SQ인증심사 참고본\SHINHWA_QM-001_B01_출력용_문서패키지_Rev00\SHINHWA_QM-001_품질경영매뉴얼_제1권_Rev00.docx,00_QMS문서,QMS 문서(SH-/키워드),E:\SHINHWA\00_QMS문서\2026\SHINHWA_QM-001_품질경영매뉴얼_제1권_Rev00.docx,45,2026-09-02,이미 있음(동일)
E:\신화에이치앤티 SQ인증심사 참고본\SHINHWA_QM-001_B01_출력용_문서패키지_Rev00\SHINHWA_QM-001_품질경영매뉴얼_제1권_Rev00.pdf,00_QMS문서,QMS 문서(SH-/키워드),E:\SHINHWA\00_QMS문서\2026\SHINHWA_QM-001_품질경영매뉴얼_제1권_Rev00.pdf,347,2026-09-02,이미 있음(동일)
E:\신화에이치앤티 SQ인증심사 참고본\SHINHWA_QM-001_B01_출력용_문서패키지_Rev00\SHINHWA_QM-001_품질경영매뉴얼_제2권_Rev00.docx,00_QMS문서,QMS 문서(SH-/키워드),E:\SHINHWA\00_QMS문서\2026\SHINHWA_QM-001_품질경영매뉴얼_제2권_Rev00.docx,45,2026-09-02,이미 있음(동일)
E:\신화에이치앤티 SQ인증심사 참고본\SHINHWA_QM-001_B01_출력용_문서패키지_Rev00\SHINHWA_QM-001_품질경영매뉴얼_제2권_Rev00.pdf,00_QMS문서,QMS 문서(SH-/키워드),E:\SHINHWA\00_QMS문서\2026\SHINHWA_QM-001_품질경영매뉴얼_제2권_Rev00.pdf,364,2026-09-02,이미 있음(동일)
E:\신화에이치앤티 SQ인증심사 참고본\SHINHWA_QM-001_B01_출력용_문서패키지_Rev00\SHINHWA_QM-001_품질경영매뉴얼_제3권_Rev00.docx,00_QMS문서,QMS 문서(SH-/키워드),E:\SHINHWA\00_QMS문서\2026\SHINHWA_QM-001_품질경영매뉴얼_제3권_Rev00.docx,44,2026-09-02,이미 있음(동일)
E:\신화에이치앤티 SQ인증심사 참고본\SHINHWA_QM-001_B01_출력용_문서패키지_Rev00\SHINHWA_QM-001_품질경영매뉴얼_제3권_Rev00.pdf,00_QMS문서,QMS 문서(SH-/키워드),E:\SHINHWA\00_QMS문서\2026\SHINHWA_QM-001_품질경영매뉴얼_제3권_Rev00.pdf,334,2026-09-02,이미 있음(동일)
E:\신화에이치앤티 SQ인증심사 참고본\SHINHWA_QM-001_B01_출력용_문서패키지_Rev00\SHINHWA_QM-001_품질경영매뉴얼_제4권_Rev00.docx,00_QMS문서,QMS 문서(SH-/키워드),E:\SHINHWA\00_QMS문서\2026\SHINHWA_QM-001_품질경영매뉴얼_제4권_Rev00.docx,44,2026-09-02,이미 있음(동일)
E:\신화에이치앤티 SQ인증심사 참고본\SHINHWA_QM-001_B01_출력용_문서패키지_Rev00\SHINHWA_QM-001_품질경영매뉴얼_제4권_Rev00.pdf,00_QMS문서,QMS 문서(SH-/키워드),E:\SHINHWA\00_QMS문서\2026\SHINHWA_QM-001_품질경영매뉴얼_제4권_Rev00.pdf,322,2026-09-02,이미 있음(동일)
E:\신화에이치앤티 SQ인증심사 참고본\SHINHWA_QM-001_B01_출력용_제1-4권_통합_Rev00.pdf,00_QMS문서,QMS 문서(SH-/키워드),E:\SHINHWA\00_QMS문서\2026\SHINHWA_QM-001_B01_출력용_제1-4권_통합_Rev00.pdf,566,2026-09-02,복사 → E:\SHINHWA\00_QMS문서\2026\SHINHWA_QM-001_B01_출력용_제1-4권_통합_Rev00_v2.pdf
E:\신화에이치앤티 SQ인증심사 참고본\SHINHWA_QP_B02_QP001-QP010_출력용_문서패키지_Rev00\SHINHWA_QP_Vol1_QP001-QP005_Rev00.docx,00_QMS문서,QMS 문서(SH-/키워드),E:\SHINHWA\00_QMS문서\2026\SHINHWA_QP_Vol1_QP001-QP005_Rev00.docx,45,2026-09-02,이미 있음(동일)
E:\신화에이치앤티 SQ인증심사 참고본\SHINHWA_QP_B02_QP001-QP010_출력용_문서패키지_Rev00\SHINHWA_QP_Vol1_QP001-QP005_Rev00.pdf,00_QMS문서,QMS 문서(SH-/키워드),E:\SHINHWA\00_QMS문서\2026\SHINHWA_QP_Vol1_QP001-QP005_Rev00.pdf,417,2026-09-02,이미 있음(동일)
E:\신화에이치앤티 SQ인증심사 참고본\SHINHWA_QP_B02_QP001-QP010_출력용_문서패키지_Rev00\SHINHWA_QP_Vol2_QP006-QP010_Rev00.docx,00_QMS문서,QMS 문서(SH-/키워드),E:\SHINHWA\00_QMS문서\2026\SHINHWA_QP_Vol2_QP006-QP010_Rev00.docx,45,2026-09-02,이미 있음(동일)
E:\신화에이치앤티 SQ인증심사 참고본\SHINHWA_QP_B02_QP001-QP010_출력용_문서패키지_Rev00\SHINHWA_QP_Vol2_QP006-QP010_Rev00.pdf,00_QMS문서,QMS 문서(SH-/키워드),E:\SHINHWA\00_QMS문서\2026\SHINHWA_QP_Vol2_QP006-QP010_Rev00.pdf,394,2026-09-02,이미 있음(동일)
E:\신화에이치앤티 SQ인증심사 참고본\SHINHWA_QP_B02_출력용_QP001-QP010_A4통합_Rev00.pdf,00_QMS문서,QMS 문서(SH-/키워드),E:\SHINHWA\00_QMS문서\2026\SHINHWA_QP_B02_출력용_QP001-QP010_A4통합_Rev00.pdf,584,2026-09-02,이미 있음(동일)
E:\신화에이치앤티 SQ인증심사 참고본\SHINHWA_QP_B03_QP011-QP020_검토출력용_문서패키지_Rev00\SHINHWA_QP_Vol3_QP011-QP015_Rev00.pdf,00_QMS문서,QMS 문서(SH-/키워드),E:\SHINHWA\00_QMS문서\2026\SHINHWA_QP_Vol3_QP011-QP015_Rev00.pdf,363,2026-09-02,이미 있음(동일)
E:\신화에이치앤티 SQ인증심사 참고본\SHINHWA_QP_B03_QP011-QP020_검토출력용_문서패키지_Rev00\SHINHWA_QP_Vol4_QP016-QP020_Rev00.pdf,00_QMS문서,QMS 문서(SH-/키워드),E:\SHINHWA\00_QMS문서\2026\SHINHWA_QP_Vol4_QP016-QP020_Rev00.pdf,360,2026-09-02,이미 있음(동일)
E:\신화에이치앤티 SQ인증심사 참고본\SHINHWA_QP_B03_출력용_QP011-QP020_통합_Rev00_REFERENCE.pdf,00_QMS문서,QMS 문서(SH-/키워드),E:\SHINHWA\00_QMS문서\2026\SHINHWA_QP_B03_출력용_QP011-QP020_통합_Rev00_REFERENCE.pdf,287,2026-09-02,이미 있음(동일)
E:\신화에이치앤티 SQ인증심사 참고본\SHINHWA_WI_B05_WI001-WI010_출력용_문서패키지_Rev00\SHINHWA_WI_Vol1_WI001-WI005_Rev00.docx,00_QMS문서,QMS 문서(SH-/키워드),E:\SHINHWA\00_QMS문서\2026\SHINHWA_WI_Vol1_WI001-WI005_Rev00.docx,44,2026-09-02,이미 있음(동일)
E:\신화에이치앤티 SQ인증심사 참고본\SHINHWA_WI_B05_WI001-WI010_출력용_문서패키지_Rev00\SHINHWA_WI_Vol1_WI001-WI005_Rev00.pdf,00_QMS문서,QMS 문서(SH-/키워드),E:\SHINHWA\00_QMS문서\2026\SHINHWA_WI_Vol1_WI001-WI005_Rev00.pdf,362,2026-09-02,이미 있음(동일)
E:\신화에이치앤티 SQ인증심사 참고본\SHINHWA_WI_B05_WI001-WI010_출력용_문서패키지_Rev00\SHINHWA_WI_Vol2_WI006-WI010_Rev00.docx,00_QMS문서,QMS 문서(SH-/키워드),E:\SHINHWA\00_QMS문서\2026\SHINHWA_WI_Vol2_WI006-WI010_Rev00.docx,43,2026-09-02,이미 있음(동일)
E:\신화에이치앤티 SQ인증심사 참고본\SHINHWA_WI_B05_WI001-WI010_출력용_문서패키지_Rev00\SHINHWA_WI_Vol2_WI006-WI010_Rev00.pdf,00_QMS문서,QMS 문서(SH-/키워드),E:\SHINHWA\00_QMS문서\2026\SHINHWA_WI_Vol2_WI006-WI010_Rev00.pdf,311,2026-09-02,이미 있음(동일)
E:\신화에이치앤티 SQ인증심사 참고본\SHINHWA_WI_B05_출력용_WI001-WI010_통합_Rev00.pdf,00_QMS문서,QMS 문서(SH-/키워드),E:\SHINHWA\00_QMS문서\2026\SHINHWA_WI_B05_출력용_WI001-WI010_통합_Rev00.pdf,270,2026-09-02,이미 있음(동일)
E:\신화에이치앤티 SQ인증심사 참고본\SHINHWA_WI_B06_WI011-WI020_출력용_문서패키지_Rev00\SHINHWA_WI_Vol3_WI011-WI015_Rev00.docx,00_QMS문서,QMS 문서(SH-/키워드),E:\SHINHWA\00_QMS문서\2026\SHINHWA_WI_Vol3_WI011-WI015_Rev00.docx,43,2026-09-03,이미 있음(동일)
E:\신화에이치앤티 SQ인증심사 참고본\SHINHWA_WI_B06_WI011-WI020_출력용_문서패키지_Rev00\SHINHWA_WI_Vol3_WI011-WI015_Rev00.pdf,00_QMS문서,QMS 문서(SH-/키워드),E:\SHINHWA\00_QMS문서\2026\SHINHWA_WI_Vol3_WI011-WI015_Rev00.pdf,331,2026-09-03,이미 있음(동일)
E:\신화에이치앤티 SQ인증심사 참고본\SHINHWA_WI_B06_WI011-WI020_출력용_문서패키지_Rev00\SHINHWA_WI_Vol4_WI016-WI020_Rev00.docx,00_QMS문서,QMS 문서(SH-/키워드),E:\SHINHWA\00_QMS문서\2026\SHINHWA_WI_Vol4_WI016-WI020_Rev00.docx,43,2026-09-03,이미 있음(동일)
E:\신화에이치앤티 SQ인증심사 참고본\SHINHWA_WI_B06_WI011-WI020_출력용_문서패키지_Rev00\SHINHWA_WI_Vol4_WI016-WI020_Rev00.pdf,00_QMS문서,QMS 문서(SH-/키워드),E:\SHINHWA\00_QMS문서\2026\SHINHWA_WI_Vol4_WI016-WI020_Rev00.pdf,314,2026-09-03,이미 있음(동일)
E:\신화에이치앤티 SQ인증심사 참고본\SHINHWA_WI_B06_출력용_WI011-WI020_통합_Rev00.pdf,00_QMS문서,QMS 문서(SH-/키워드),E:\SHINHWA\00_QMS문서\2026\SHINHWA_WI_B06_출력용_WI011-WI020_통합_Rev00.pdf,270,2026-09-03,이미 있음(동일)
E:\신화에이치앤티 SQ인증심사 참고본\SHINHWA_WI_B07_WI021-WI030_출력용_문서패키지_Rev00\SHINHWA_WI_Vol5_WI021-WI025_Rev00.docx,00_QMS문서,QMS 문서(SH-/키워드),E:\SHINHWA\00_QMS문서\2026\SHINHWA_WI_Vol5_WI021-WI025_Rev00.docx,43,2026-09-03,이미 있음(동일)
E:\신화에이치앤티 SQ인증심사 참고본\SHINHWA_WI_B07_WI021-WI030_출력용_문서패키지_Rev00\SHINHWA_WI_Vol5_WI021-WI025_Rev00.pdf,00_QMS문서,QMS 문서(SH-/키워드),E:\SHINHWA\00_QMS문서\2026\SHINHWA_WI_Vol5_WI021-WI025_Rev00.pdf,319,2026-09-03,이미 있음(동일)
E:\신화에이치앤티 SQ인증심사 참고본\SHINHWA_WI_B07_WI021-WI030_출력용_문서패키지_Rev00\SHINHWA_WI_Vol6_WI026-WI030_Rev00.docx,00_QMS문서,QMS 문서(SH-/키워드),E:\SHINHWA\00_QMS문서\2026\SHINHWA_WI_Vol6_WI026-WI030_Rev00.docx,43,2026-09-03,이미 있음(동일)
E:\신화에이치앤티 SQ인증심사 참고본\SHINHWA_WI_B07_WI021-WI030_출력용_문서패키지_Rev00\SHINHWA_WI_Vol6_WI026-WI030_Rev00.pdf,00_QMS문서,QMS 문서(SH-/키워드),E:\SHINHWA\00_QMS문서\2026\SHINHWA_WI_Vol6_WI026-WI030_Rev00.pdf,319,2026-09-03,이미 있음(동일)
E:\신화에이치앤티 SQ인증심사 참고본\SHINHWA_WI_B07_출력용_WI021-WI030_통합_Rev00.pdf,00_QMS문서,QMS 문서(SH-/키워드),E:\SHINHWA\00_QMS문서\2026\SHINHWA_WI_B07_출력용_WI021-WI030_통합_Rev00.pdf,272,2026-09-03,이미 있음(동일)
E:\작성중\QMS 통합 문서 Master List + 인증심사 준비 체크리스트 Rev.00\SHINHWA_2027_IATF_사후심사_Evidence_Countdown_Rev00.xlsx,00_QMS문서,QMS 문서(SH-/키워드),E:\SHINHWA\00_QMS문서\2026\SHINHWA_2027_IATF_사후심사_Evidence_Countdown_Rev00.xlsx,36,2026-08-10,이미 있음(동일)
E:\작성중\QMS 통합 문서 Master List + 인증심사 준비 체크리스트 Rev.00\SHINHWA_2027_IATF_품질목표_사업계획_부서KPI_Rev00.xlsx,00_QMS문서,QMS 문서(SH-/키워드),E:\SHINHWA\00_QMS문서\2026\SHINHWA_2027_IATF_품질목표_사업계획_부서KPI_Rev00.xlsx,34,2026-08-10,이미 있음(동일)
E:\작성중\QMS 통합 문서 Master List + 인증심사 준비 체크리스트 Rev.00\SHINHWA_2027_QMS_월별운영_ActionTracker_경영실적Dashboard_Rev00.xlsx,00_QMS문서,QMS 문서(SH-/키워드),E:\SHINHWA\00_QMS문서\2026\SHINHWA_2027_QMS_월별운영_ActionTracker_경영실적Dashboard_Rev00.xlsx,36,2026-08-10,이미 있음(동일)
E:\작성중\QMS 통합 문서 Master List + 인증심사 준비 체크리스트 Rev.00\SHINHWA_CoreTools_APQP_PPAP_PFMEA_CP_MSA_SPC_Rev00.xlsx,00_QMS문서,QMS 문서(SH-/키워드),E:\SHINHWA\00_QMS문서\2026\SHINHWA_CoreTools_APQP_PPAP_PFMEA_CP_MSA_SPC_Rev00.xlsx,42,2026-08-10,이미 있음(동일)
E:\작성중\QMS 통합 문서 Master List + 인증심사 준비 체크리스트 Rev.00\SHINHWA_CoreTools_최종품질검증_EndToEnd_GapClosure_Rev00.xlsx,00_QMS문서,QMS 문서(SH-/키워드),E:\SHINHWA\00_QMS문서\2026\SHINHWA_CoreTools_최종품질검증_EndToEnd_GapClosure_Rev00.xlsx,20,2026-08-10,이미 있음(동일)
E:\작성중\QMS 통합 문서 Master List + 인증심사 준비 체크리스트 Rev.00\SHINHWA_FM001-FM100_최종품질검증_QP-WI연계_GapClosure_Rev00.xlsx,00_QMS문서,QMS 문서(SH-/키워드),E:\SHINHWA\00_QMS문서\2026\SHINHWA_FM001-FM100_최종품질검증_QP-WI연계_GapClosure_Rev00.xlsx,24,2026-08-10,이미 있음(동일)
E:\작성중\QMS 통합 문서 Master List + 인증심사 준비 체크리스트 Rev.00\SHINHWA_FM_누락양식_FM001-FM019_FM060-FM100_Rev00.xlsx,00_QMS문서,QMS 문서(SH-/키워드),E:\SHINHWA\00_QMS문서\2026\SHINHWA_FM_누락양식_FM001-FM019_FM060-FM100_Rev00.xlsx,117,2026-08-10,이미 있음(동일)
E:\작성중\QMS 통합 문서 Master List + 인증심사 준비 체크리스트 Rev.00\SHINHWA_IATF16949_PreAudit_최종준비도_Rev00.xlsx,00_QMS문서,QMS 문서(SH-/키워드),E:\SHINHWA\00_QMS문서\2026\SHINHWA_IATF16949_PreAudit_최종준비도_Rev00.xlsx,23,2026-08-10,이미 있음(동일)
E:\작성중\QMS 통합 문서 Master List + 인증심사 준비 체크리스트 Rev.00\SHINHWA_IATF16949_인증심사_Evidence_Matrix_Rev00.xlsx,00_QMS문서,QMS 문서(SH-/키워드),E:\SHINHWA\00_QMS문서\2026\SHINHWA_IATF16949_인증심사_Evidence_Matrix_Rev00.xlsx,20,2026-08-10,이미 있음(동일)
E:\작성중\QMS 통합 문서 Master List + 인증심사 준비 체크리스트 Rev.00\SHINHWA_IATF_2026-2027_QMS_통합운영_Master_Dashboard_Rev00.xlsx,00_QMS문서,QMS 문서(SH-/키워드),E:\SHINHWA\00_QMS문서\2026\SHINHWA_IATF_2026-2027_QMS_통합운영_Master_Dashboard_Rev00.xlsx,50,2026-08-10,이미 있음(동일)
E:\작성중\QMS 통합 문서 Master List + 인증심사 준비 체크리스트 Rev.00\SHINHWA_IATF_2026_2027_QMS_Annual_Operations_KPI_Dashboard_Rev00.xlsx,00_QMS문서,QMS 문서(SH-/키워드),E:\SHINHWA\00_QMS문서\2026\SHINHWA_IATF_2026_2027_QMS_Annual_Operations_KPI_Dashboard_Rev00.xlsx,16,2026-08-12,이미 있음(동일)
E:\작성중\QMS 통합 문서 Master List + 인증심사 준비 체크리스트 Rev.00\SHINHWA_IATF_2027-2029_인증유지_3개년_MasterPlan_Rev00.xlsx,00_QMS문서,QMS 문서(SH-/키워드),E:\SHINHWA\00_QMS문서\2026\SHINHWA_IATF_2027-2029_인증유지_3개년_MasterPlan_Rev00.xlsx,34,2026-08-10,이미 있음(동일)
E:\작성중\QMS 통합 문서 Master List + 인증심사 준비 체크리스트 Rev.00\SHINHWA_IATF_30_60_90일_CAPA_효과성_Surveillance_연간관리_Rev00.xlsx,00_QMS문서,QMS 문서(SH-/키워드),E:\SHINHWA\00_QMS문서\2026\SHINHWA_IATF_30_60_90일_CAPA_효과성_Surveillance_연간관리_Rev00.xlsx,26,2026-08-12,이미 있음(동일)
E:\작성중\QMS 통합 문서 Master List + 인증심사 준비 체크리스트 Rev.00\SHINHWA_IATF_Actual_Document_Release_Verification_Rev00.xlsx,00_QMS문서,QMS 문서(SH-/키워드),E:\SHINHWA\00_QMS문서\2026\SHINHWA_IATF_Actual_Document_Release_Verification_Rev00.xlsx,11,2026-08-12,이미 있음(동일)
E:\작성중\QMS 통합 문서 Master List + 인증심사 준비 체크리스트 Rev.00\SHINHWA_IATF_Actual_File_Readiness_Gap_Assessment_Rev00.xlsx,00_QMS문서,QMS 문서(SH-/키워드),E:\SHINHWA\00_QMS문서\2026\SHINHWA_IATF_Actual_File_Readiness_Gap_Assessment_Rev00.xlsx,10,2026-08-12,이미 있음(동일)
E:\작성중\QMS 통합 문서 Master List + 인증심사 준비 체크리스트 Rev.00\SHINHWA_IATF_Certification_Closure_Book_Rev00.xlsx,00_QMS문서,QMS 문서(SH-/키워드),E:\SHINHWA\00_QMS문서\2026\SHINHWA_IATF_Certification_Closure_Book_Rev00.xlsx,35,2026-08-12,이미 있음(동일)
E:\작성중\QMS 통합 문서 Master List + 인증심사 준비 체크리스트 Rev.00\SHINHWA_IATF_FM041_FM060_Baseline_Remapping_Decision_Rev01.xlsx,00_QMS문서,QMS 문서(SH-/키워드),E:\SHINHWA\00_QMS문서\2026\SHINHWA_IATF_FM041_FM060_Baseline_Remapping_Decision_Rev01.xlsx,16,2026-08-25,이미 있음(동일)
E:\작성중\QMS 통합 문서 Master List + 인증심사 준비 체크리스트 Rev.00\SHINHWA_IATF_FM_Master_Actual_Baseline_QP021_025_Remap_Rev02.xlsx,00_QMS문서,QMS 문서(SH-/키워드),E:\SHINHWA\00_QMS문서\2026\SHINHWA_IATF_FM_Master_Actual_Baseline_QP021_025_Remap_Rev02.xlsx,10,2026-08-25,이미 있음(동일)
E:\작성중\QMS 통합 문서 Master List + 인증심사 준비 체크리스트 Rev.00\SHINHWA_IATF_Final_Delivery_Release_AuditFolder_Master_Rev00.xlsx,00_QMS문서,QMS 문서(SH-/키워드),E:\SHINHWA\00_QMS문서\2026\SHINHWA_IATF_Final_Delivery_Release_AuditFolder_Master_Rev00.xlsx,18,2026-08-12,이미 있음(동일)
E:\작성중\QMS 통합 문서 Master List + 인증심사 준비 체크리스트 Rev.00\SHINHWA_IATF_MasterIndex_Evidence_CrossReference_Matrix_Rev00.xlsx,00_QMS문서,QMS 문서(SH-/키워드),E:\SHINHWA\00_QMS문서\2026\SHINHWA_IATF_MasterIndex_Evidence_CrossReference_Matrix_Rev00.xlsx,28,2026-08-12,이미 있음(동일)
E:\작성중\QMS 통합 문서 Master List + 인증심사 준비 체크리스트 Rev.00\SHINHWA_IATF_MockAudit_부서별인터뷰_심사대응_Rev00.xlsx,00_QMS문서,QMS 문서(SH-/키워드),E:\SHINHWA\00_QMS문서\2026\SHINHWA_IATF_MockAudit_부서별인터뷰_심사대응_Rev00.xlsx,34,2026-08-10,이미 있음(동일)
E:\작성중\QMS 통합 문서 Master List + 인증심사 준비 체크리스트 Rev.00\SHINHWA_IATF_PreAudit_NC대응_Certification_Readiness_Rev00.xlsx,00_QMS문서,QMS 문서(SH-/키워드),E:\SHINHWA\00_QMS문서\2026\SHINHWA_IATF_PreAudit_NC대응_Certification_Readiness_Rev00.xlsx,27,2026-08-10,이미 있음(동일)
E:\작성중\QMS 통합 문서 Master List + 인증심사 준비 체크리스트 Rev.00\SHINHWA_IATF_Priority1_Gap_Closure_Execution_Pack_Rev00.xlsx,00_QMS문서,QMS 문서(SH-/키워드),E:\SHINHWA\00_QMS문서\2026\SHINHWA_IATF_Priority1_Gap_Closure_Execution_Pack_Rev00.xlsx,53,2026-08-12,이미 있음(동일)
E:\작성중\QMS 통합 문서 Master List + 인증심사 준비 체크리스트 Rev.00\SHINHWA_IATF_QMS_Handover_Certification_Maintenance_Master_Rev00.xlsx,00_QMS문서,QMS 문서(SH-/키워드),E:\SHINHWA\00_QMS문서\2026\SHINHWA_IATF_QMS_Handover_Certification_Maintenance_Master_Rev00.xlsx,17,2026-08-12,이미 있음(동일)
E:\작성중\QMS 통합 문서 Master List + 인증심사 준비 체크리스트 Rev.00\SHINHWA_IATF_QMS_전체구축_Completion_Matrix_Rev00.xlsx,00_QMS문서,QMS 문서(SH-/키워드),E:\SHINHWA\00_QMS문서\2026\SHINHWA_IATF_QMS_전체구축_Completion_Matrix_Rev00.xlsx,39,2026-08-10,이미 있음(동일)
E:\작성중\QMS 통합 문서 Master List + 인증심사 준비 체크리스트 Rev.00\SHINHWA_IATF_QMS_최종납품_MasterPackage_Index_Rev00.xlsx,00_QMS문서,QMS 문서(SH-/키워드),E:\SHINHWA\00_QMS문서\2026\SHINHWA_IATF_QMS_최종납품_MasterPackage_Index_Rev00.xlsx,35,2026-08-12,이미 있음(동일)
E:\작성중\QMS 통합 문서 Master List + 인증심사 준비 체크리스트 Rev.00\SHINHWA_IATF_QMS_통합_GapClosure_Master_Rev00.xlsx,00_QMS문서,QMS 문서(SH-/키워드),E:\SHINHWA\00_QMS문서\2026\SHINHWA_IATF_QMS_통합_GapClosure_Master_Rev00.xlsx,22,2026-08-10,이미 있음(동일)
E:\작성중\QMS 통합 문서 Master List + 인증심사 준비 체크리스트 Rev.00\SHINHWA_IATF_QP001_QP025_Final_Master_QM_CrossReference_Amendment_Rev00.xlsx,00_QMS문서,QMS 문서(SH-/키워드),E:\SHINHWA\00_QMS문서\2026\SHINHWA_IATF_QP001_QP025_Final_Master_QM_CrossReference_Amendment_Rev00.xlsx,14,2026-08-24,이미 있음(동일)
E:\작성중\QMS 통합 문서 Master List + 인증심사 준비 체크리스트 Rev.00\SHINHWA_IATF_QP006_QP025_Actual_Release_Verification_Rev00.xlsx,00_QMS문서,QMS 문서(SH-/키워드),E:\SHINHWA\00_QMS문서\2026\SHINHWA_IATF_QP006_QP025_Actual_Release_Verification_Rev00.xlsx,11,2026-08-12,이미 있음(동일)
E:\작성중\QMS 통합 문서 Master List + 인증심사 준비 체크리스트 Rev.00\SHINHWA_IATF_QP_FM_WI_Actual_Linkage_Verification_Rev00.xlsx,00_QMS문서,QMS 문서(SH-/키워드),E:\SHINHWA\00_QMS문서\2026\SHINHWA_IATF_QP_FM_WI_Actual_Linkage_Verification_Rev00.xlsx,26,2026-08-25,이미 있음(동일)
E:\작성중\QMS 통합 문서 Master List + 인증심사 준비 체크리스트 Rev.00\SHINHWA_IATF_RACI_Countdown_경영Signoff_Rev00.xlsx,00_QMS문서,QMS 문서(SH-/키워드),E:\SHINHWA\00_QMS문서\2026\SHINHWA_IATF_RACI_Countdown_경영Signoff_Rev00.xlsx,22,2026-08-12,이미 있음(동일)
E:\작성중\QMS 통합 문서 Master List + 인증심사 준비 체크리스트 Rev.00\SHINHWA_IATF_Stage1_Stage2_AuditDay_Runbook_Escalation_Rev00.xlsx,00_QMS문서,QMS 문서(SH-/키워드),E:\SHINHWA\00_QMS문서\2026\SHINHWA_IATF_Stage1_Stage2_AuditDay_Runbook_Escalation_Rev00.xlsx,35,2026-08-12,이미 있음(동일)
E:\작성중\QMS 통합 문서 Master List + 인증심사 준비 체크리스트 Rev.00\SHINHWA_IATF_Stage1_Stage2_최종심사_운영패키지_Rev00.xlsx,00_QMS문서,QMS 문서(SH-/키워드),E:\SHINHWA\00_QMS문서\2026\SHINHWA_IATF_Stage1_Stage2_최종심사_운영패키지_Rev00.xlsx,27,2026-08-10,이미 있음(동일)
E:\작성중\QMS 통합 문서 Master List + 인증심사 준비 체크리스트 Rev.00\SHINHWA_IATF_WarRoom_실시간요청_NC_OFI_Closing_Rev00.xlsx,00_QMS문서,QMS 문서(SH-/키워드),E:\SHINHWA\00_QMS문서\2026\SHINHWA_IATF_WarRoom_실시간요청_NC_OFI_Closing_Rev00.xlsx,31,2026-08-12,이미 있음(동일)
E:\작성중\QMS 통합 문서 Master List + 인증심사 준비 체크리스트 Rev.00\SHINHWA_IATF_모의심사_결과보고_경영승인_Rev00.xlsx,00_QMS문서,QMS 문서(SH-/키워드),E:\SHINHWA\00_QMS문서\2026\SHINHWA_IATF_모의심사_결과보고_경영승인_Rev00.xlsx,21,2026-08-10,이미 있음(동일)
E:\작성중\QMS 통합 문서 Master List + 인증심사 준비 체크리스트 Rev.00\SHINHWA_IATF_부서별Evidence_제출관리_주간ActionTracker_Rev00.xlsx,00_QMS문서,QMS 문서(SH-/키워드),E:\SHINHWA\00_QMS문서\2026\SHINHWA_IATF_부서별Evidence_제출관리_주간ActionTracker_Rev00.xlsx,17,2026-08-12,이미 있음(동일)
E:\작성중\QMS 통합 문서 Master List + 인증심사 준비 체크리스트 Rev.00\SHINHWA_IATF_실제Evidence_수집검증_GapClosure_실행패키지_Rev00.xlsx,00_QMS문서,QMS 문서(SH-/키워드),E:\SHINHWA\00_QMS문서\2026\SHINHWA_IATF_실제Evidence_수집검증_GapClosure_실행패키지_Rev00.xlsx,23,2026-08-12,이미 있음(동일)
E:\작성중\QMS 통합 문서 Master List + 인증심사 준비 체크리스트 Rev.00\SHINHWA_IATF_실제운영_Evidence_Binder_심사Index_Rev00.xlsx,00_QMS문서,QMS 문서(SH-/키워드),E:\SHINHWA\00_QMS문서\2026\SHINHWA_IATF_실제운영_Evidence_Binder_심사Index_Rev00.xlsx,30,2026-08-10,이미 있음(동일)
E:\작성중\QMS 통합 문서 Master List + 인증심사 준비 체크리스트 Rev.00\SHINHWA_IATF_인증심사_Audit_Control_Room_Rev00.xlsx,00_QMS문서,QMS 문서(SH-/키워드),E:\SHINHWA\00_QMS문서\2026\SHINHWA_IATF_인증심사_Audit_Control_Room_Rev00.xlsx,32,2026-08-10,이미 있음(동일)
E:\작성중\QMS 통합 문서 Master List + 인증심사 준비 체크리스트 Rev.00\SHINHWA_IATF_인증유지_연간운영관리_Rev00.xlsx,00_QMS문서,QMS 문서(SH-/키워드),E:\SHINHWA\00_QMS문서\2026\SHINHWA_IATF_인증유지_연간운영관리_Rev00.xlsx,29,2026-08-10,이미 있음(동일)
E:\작성중\QMS 통합 문서 Master List + 인증심사 준비 체크리스트 Rev.00\SHINHWA_IATF_최종_MasterPackage_GapClosure_Rev00.xlsx,00_QMS문서,QMS 문서(SH-/키워드),E:\SHINHWA\00_QMS문서\2026\SHINHWA_IATF_최종_MasterPackage_GapClosure_Rev00.xlsx,31,2026-08-10,이미 있음(동일)
E:\작성중\QMS 통합 문서 Master List + 인증심사 준비 체크리스트 Rev.00\SHINHWA_IATF_최종_SelfAssessment_조항별적합성_TOPRisk_Rev00.xlsx,00_QMS문서,QMS 문서(SH-/키워드),E:\SHINHWA\00_QMS문서\2026\SHINHWA_IATF_최종_SelfAssessment_조항별적합성_TOPRisk_Rev00.xlsx,26,2026-08-12,이미 있음(동일)
E:\작성중\QMS 통합 문서 Master List + 인증심사 준비 체크리스트 Rev.00\SHINHWA_IATF_최종모의심사_문제은행_부서별인터뷰_Evidence_Rev00.xlsx,00_QMS문서,QMS 문서(SH-/키워드),E:\SHINHWA\00_QMS문서\2026\SHINHWA_IATF_최종모의심사_문제은행_부서별인터뷰_Evidence_Rev00.xlsx,43,2026-08-20,복사 → E:\SHINHWA\00_QMS문서\2026\SHINHWA_IATF_최종모의심사_문제은행_부서별인터뷰_Evidence_Rev00_v2.xlsx
E:\작성중\QMS 통합 문서 Master List + 인증심사 준비 체크리스트 Rev.00\SHINHWA_IATF_현장심사강화_CSR_제품안전_LPA_비상계획_Rev00.xlsx,00_QMS문서,QMS 문서(SH-/키워드),E:\SHINHWA\00_QMS문서\2026\SHINHWA_IATF_현장심사강화_CSR_제품안전_LPA_비상계획_Rev00.xlsx,21,2026-08-10,이미 있음(동일)
E:\작성중\QMS 통합 문서 Master List + 인증심사 준비 체크리스트 Rev.00\SHINHWA_QM001_4권_최종품질검증_GapClosure_Rev00.xlsx,00_QMS문서,QMS 문서(SH-/키워드),E:\SHINHWA\00_QMS문서\2026\SHINHWA_QM001_4권_최종품질검증_GapClosure_Rev00.xlsx,12,2026-08-10,이미 있음(동일)
E:\작성중\QMS 통합 문서 Master List + 인증심사 준비 체크리스트 Rev.00\SHINHWA_QMS_인증심사_Master_Package_Index_Rev00.xlsx,00_QMS문서,QMS 문서(SH-/키워드),E:\SHINHWA\00_QMS문서\2026\SHINHWA_QMS_인증심사_Master_Package_Index_Rev00.xlsx,25,2026-08-10,이미 있음(동일)
E:\작성중\QMS 통합 문서 Master List + 인증심사 준비 체크리스트 Rev.00\SHINHWA_QMS_최종_MasterList_통합추적Matrix_Rev00.xlsx,00_QMS문서,QMS 문서(SH-/키워드),E:\SHINHWA\00_QMS문서\2026\SHINHWA_QMS_최종_MasterList_통합추적Matrix_Rev00.xlsx,31,2026-08-12,이미 있음(동일)
E:\작성중\QMS 통합 문서 Master List + 인증심사 준비 체크리스트 Rev.00\SHINHWA_QMS_통합문서_MasterList_인증심사체크리스트_Rev00.xlsx,00_QMS문서,QMS 문서(SH-/키워드),E:\SHINHWA\00_QMS문서\2026\SHINHWA_QMS_통합문서_MasterList_인증심사체크리스트_Rev00.xlsx,28,2026-08-25,복사 → E:\SHINHWA\00_QMS문서\2026\SHINHWA_QMS_통합문서_MasterList_인증심사체크리스트_Rev00_v2.xlsx
E:\작성중\QMS 통합 문서 Master List + 인증심사 준비 체크리스트 Rev.00\SHINHWA_QP001-QP025_최종품질검증_QM연계_GapClosure_Rev00.xlsx,00_QMS문서,QMS 문서(SH-/키워드),E:\SHINHWA\00_QMS문서\2026\SHINHWA_QP001-QP025_최종품질검증_QM연계_GapClosure_Rev00.xlsx,20,2026-08-10,이미 있음(동일)
E:\작성중\QMS 통합 문서 Master List + 인증심사 준비 체크리스트 Rev.00\SHINHWA_QP_Vol5_QP021-QP025_Rev01_DRAFT.docx,00_QMS문서,QMS 문서(SH-/키워드),E:\SHINHWA\00_QMS문서\2026\SHINHWA_QP_Vol5_QP021-QP025_Rev01_DRAFT.docx,45,2026-08-25,이미 있음(동일)
E:\작성중\QMS 통합 문서 Master List + 인증심사 준비 체크리스트 Rev.00\SHINHWA_QP_Vol5_QP021-QP025_Rev01_DRAFT.pdf,00_QMS문서,QMS 문서(SH-/키워드),E:\SHINHWA\00_QMS문서\2026\SHINHWA_QP_Vol5_QP021-QP025_Rev01_DRAFT.pdf,402,2026-08-25,이미 있음(동일)
E:\작성중\QMS 통합 문서 Master List + 인증심사 준비 체크리스트 Rev.00\SHINHWA_QP_Vol5_QP021-QP025_Rev01_RELEASE_CANDIDATE.docx,00_QMS문서,QMS 문서(SH-/키워드),E:\SHINHWA\00_QMS문서\2026\SHINHWA_QP_Vol5_QP021-QP025_Rev01_RELEASE_CANDIDATE.docx,46,2026-08-25,이미 있음(동일)
E:\작성중\QMS 통합 문서 Master List + 인증심사 준비 체크리스트 Rev.00\SHINHWA_QP_Vol5_QP021-QP025_Rev01_RELEASE_CANDIDATE.pdf,00_QMS문서,QMS 문서(SH-/키워드),E:\SHINHWA\00_QMS문서\2026\SHINHWA_QP_Vol5_QP021-QP025_Rev01_RELEASE_CANDIDATE.pdf,449,2026-08-25,이미 있음(동일)
E:\작성중\QMS 통합 문서 Master List + 인증심사 준비 체크리스트 Rev.00\SHINHWA_QP_Vol5_Rev01_Document_Control_Approval_Package_Rev05.xlsx,00_QMS문서,QMS 문서(SH-/키워드),E:\SHINHWA\00_QMS문서\2026\SHINHWA_QP_Vol5_Rev01_Document_Control_Approval_Package_Rev05.xlsx,11,2026-08-25,이미 있음(동일)
E:\작성중\QMS 통합 문서 Master List + 인증심사 준비 체크리스트 Rev.00\SHINHWA_QP_Vol5_Rev01_Document_Control_and_FM_Master_Rev02_Draft_Rev06.xlsx,00_QMS문서,QMS 문서(SH-/키워드),E:\SHINHWA\00_QMS문서\2026\SHINHWA_QP_Vol5_Rev01_Document_Control_and_FM_Master_Rev02_Draft_Rev06.xlsx,13,2026-08-25,이미 있음(동일)
E:\작성중\QMS 통합 문서 Master List + 인증심사 준비 체크리스트 Rev.00\SHINHWA_QP_Vol5_Rev01_FM_Number_Approval_and_Release_Gate_Rev04 (1).xlsx,00_QMS문서,QMS 문서(SH-/키워드),E:\SHINHWA\00_QMS문서\2026\SHINHWA_QP_Vol5_Rev01_FM_Number_Approval_and_Release_Gate_Rev04 (1).xlsx,10,2026-08-25,이미 있음(동일)
E:\작성중\QMS 통합 문서 Master List + 인증심사 준비 체크리스트 Rev.00\SHINHWA_QP_Vol5_Rev01_FM_REMAP_Validation_Package.xlsx,00_QMS문서,QMS 문서(SH-/키워드),E:\SHINHWA\00_QMS문서\2026\SHINHWA_QP_Vol5_Rev01_FM_REMAP_Validation_Package.xlsx,10,2026-08-25,이미 있음(동일)
E:\작성중\QMS 통합 문서 Master List + 인증심사 준비 체크리스트 Rev.00\SHINHWA_QP_Vol5_Rev01_P0_Gate_Resolution_Rev02.xlsx,00_QMS문서,QMS 문서(SH-/키워드),E:\SHINHWA\00_QMS문서\2026\SHINHWA_QP_Vol5_Rev01_P0_Gate_Resolution_Rev02.xlsx,18,2026-08-25,이미 있음(동일)
E:\작성중\QMS 통합 문서 Master List + 인증심사 준비 체크리스트 Rev.00\SHINHWA_QP_Vol5_Rev01_Release_Decision_and_FM_Change_Request_Rev03 (1).xlsx,00_QMS문서,QMS 문서(SH-/키워드),E:\SHINHWA\00_QMS문서\2026\SHINHWA_QP_Vol5_Rev01_Release_Decision_and_FM_Change_Request_Rev03 (1).xlsx,11,2026-08-25,이미 있음(동일)
E:\작성중\QMS 통합 문서 Master List + 인증심사 준비 체크리스트 Rev.00\SHINHWA_WI001-WI030_최종품질검증_QP-FM연계_GapClosure_Rev00.xlsx,00_QMS문서,QMS 문서(SH-/키워드),E:\SHINHWA\00_QMS문서\2026\SHINHWA_WI001-WI030_최종품질검증_QP-FM연계_GapClosure_Rev00.xlsx,13,2026-08-10,이미 있음(동일)
E:\작성중\QMS 통합 문서 Master List + 인증심사 준비 체크리스트 Rev.00\SHINHWA_대표품번_EndToEnd_Traceability_실행패키지_Rev00.xlsx,00_QMS문서,QMS 문서(SH-/키워드),E:\SHINHWA\00_QMS문서\2026\SHINHWA_대표품번_EndToEnd_Traceability_실행패키지_Rev00.xlsx,31,2026-08-10,이미 있음(동일)
E:\작성중\QMS 통합 문서 Master List + 인증심사 준비 체크리스트 Rev.00\SHINHWA_제품안전_ProductSafety_HighRisk_GapClosure_Rev00.xlsx,00_QMS문서,QMS 문서(SH-/키워드),E:\SHINHWA\00_QMS문서\2026\SHINHWA_제품안전_ProductSafety_HighRisk_GapClosure_Rev00.xlsx,28,2026-08-10,이미 있음(동일)
E:\작성중\SHINHWA_IATF_QMS_단계별_진행현황_종합리스트_20260827 (1).xlsx,00_QMS문서,QMS 문서(SH-/키워드),E:\SHINHWA\00_QMS문서\2026\SHINHWA_IATF_QMS_단계별_진행현황_종합리스트_20260827 (1).xlsx,19,2026-08-28,이미 있음(동일)
E:\작성중\SHINHWA_QMS_단계별_진행현황_Rev40.xlsx,00_QMS문서,QMS 문서(SH-/키워드),E:\SHINHWA\00_QMS문서\2026\SHINHWA_QMS_단계별_진행현황_Rev40.xlsx,8,2026-08-28,이미 있음(동일)
E:\작성중\신화에이치앤티_QMS_단계별_진행현황_Rev17-Rev54.xlsx,00_QMS문서,QMS 문서(SH-/키워드),E:\SHINHWA\00_QMS문서\2026\신화에이치앤티_QMS_단계별_진행현황_Rev17-Rev54.xlsx,9,2026-08-28,이미 있음(동일)
E:\작성중\작업표준서\SHINHWA_WI_Vol1_WI001-WI005_Rev00.docx,00_QMS문서,QMS 문서(SH-/키워드),E:\SHINHWA\00_QMS문서\2026\SHINHWA_WI_Vol1_WI001-WI005_Rev00.docx,44,2026-08-10,이미 있음(동일)
E:\작성중\작업표준서\SHINHWA_WI_Vol1_WI001-WI005_Rev00.pdf,00_QMS문서,QMS 문서(SH-/키워드),E:\SHINHWA\00_QMS문서\2026\SHINHWA_WI_Vol1_WI001-WI005_Rev00.pdf,362,2026-08-10,이미 있음(동일)
E:\작성중\작업표준서\SHINHWA_WI_Vol2_WI006-WI010_Rev00.docx,00_QMS문서,QMS 문서(SH-/키워드),E:\SHINHWA\00_QMS문서\2026\SHINHWA_WI_Vol2_WI006-WI010_Rev00.docx,43,2026-08-10,이미 있음(동일)
E:\작성중\작업표준서\SHINHWA_WI_Vol2_WI006-WI010_Rev00.pdf,00_QMS문서,QMS 문서(SH-/키워드),E:\SHINHWA\00_QMS문서\2026\SHINHWA_WI_Vol2_WI006-WI010_Rev00.pdf,311,2026-08-10,이미 있음(동일)
E:\작성중\작업표준서\SHINHWA_WI_Vol3_WI011-WI015_Rev00.docx,00_QMS문서,QMS 문서(SH-/키워드),E:\SHINHWA\00_QMS문서\2026\SHINHWA_WI_Vol3_WI011-WI015_Rev00.docx,43,2026-08-10,이미 있음(동일)
E:\작성중\작업표준서\SHINHWA_WI_Vol3_WI011-WI015_Rev00.pdf,00_QMS문서,QMS 문서(SH-/키워드),E:\SHINHWA\00_QMS문서\2026\SHINHWA_WI_Vol3_WI011-WI015_Rev00.pdf,331,2026-08-10,이미 있음(동일)
E:\작성중\작업표준서\SHINHWA_WI_Vol4_WI016-WI020_Rev00.docx,00_QMS문서,QMS 문서(SH-/키워드),E:\SHINHWA\00_QMS문서\2026\SHINHWA_WI_Vol4_WI016-WI020_Rev00.docx,43,2026-08-10,이미 있음(동일)
E:\작성중\작업표준서\SHINHWA_WI_Vol4_WI016-WI020_Rev00.pdf,00_QMS문서,QMS 문서(SH-/키워드),E:\SHINHWA\00_QMS문서\2026\SHINHWA_WI_Vol4_WI016-WI020_Rev00.pdf,314,2026-08-10,이미 있음(동일)
E:\작성중\작업표준서\SHINHWA_WI_Vol5_WI021-WI025_Rev00.docx,00_QMS문서,QMS 문서(SH-/키워드),E:\SHINHWA\00_QMS문서\2026\SHINHWA_WI_Vol5_WI021-WI025_Rev00.docx,43,2026-08-10,이미 있음(동일)
E:\작성중\작업표준서\SHINHWA_WI_Vol5_WI021-WI025_Rev00.pdf,00_QMS문서,QMS 문서(SH-/키워드),E:\SHINHWA\00_QMS문서\2026\SHINHWA_WI_Vol5_WI021-WI025_Rev00.pdf,319,2026-08-10,이미 있음(동일)
E:\작성중\작업표준서\SHINHWA_WI_Vol6_WI026-WI030_Rev00.docx,00_QMS문서,QMS 문서(SH-/키워드),E:\SHINHWA\00_QMS문서\2026\SHINHWA_WI_Vol6_WI026-WI030_Rev00.docx,43,2026-08-10,이미 있음(동일)
E:\작성중\작업표준서\SHINHWA_WI_Vol6_WI026-WI030_Rev00.pdf,00_QMS문서,QMS 문서(SH-/키워드),E:\SHINHWA\00_QMS문서\2026\SHINHWA_WI_Vol6_WI026-WI030_Rev00.pdf,319,2026-08-10,이미 있음(동일)
E:\작성중\절차서\SHINHWA_QP_Vol1_QP001-QP005_Rev00(1).docx,00_QMS문서,QMS 문서(SH-/키워드),E:\SHINHWA\00_QMS문서\2026\SHINHWA_QP_Vol1_QP001-QP005_Rev00(1).docx,45,2026-08-10,이미 있음(동일)
E:\작성중\절차서\SHINHWA_QP_Vol1_QP001-QP005_Rev00(1).pdf,00_QMS문서,QMS 문서(SH-/키워드),E:\SHINHWA\00_QMS문서\2026\SHINHWA_QP_Vol1_QP001-QP005_Rev00(1).pdf,417,2026-08-10,이미 있음(동일)
E:\작성중\절차서\SHINHWA_QP_Vol2_Forms_FM020-FM029_Rev00.xlsx,00_QMS문서,QMS 문서(SH-/키워드),E:\SHINHWA\00_QMS문서\2026\SHINHWA_QP_Vol2_Forms_FM020-FM029_Rev00.xlsx,21,2026-08-10,이미 있음(동일)
E:\작성중\절차서\SHINHWA_QP_Vol2_QP006-QP010_Rev00(1).docx,00_QMS문서,QMS 문서(SH-/키워드),E:\SHINHWA\00_QMS문서\2026\SHINHWA_QP_Vol2_QP006-QP010_Rev00(1).docx,45,2026-08-10,이미 있음(동일)
E:\작성중\절차서\SHINHWA_QP_Vol2_QP006-QP010_Rev00.docx,00_QMS문서,QMS 문서(SH-/키워드),E:\SHINHWA\00_QMS문서\2026\SHINHWA_QP_Vol2_QP006-QP010_Rev00.docx,45,2026-08-10,이미 있음(동일)
E:\작성중\절차서\SHINHWA_QP_Vol2_QP006-QP010_Rev00.pdf,00_QMS문서,QMS 문서(SH-/키워드),E:\SHINHWA\00_QMS문서\2026\SHINHWA_QP_Vol2_QP006-QP010_Rev00.pdf,394,2026-08-10,이미 있음(동일)
E:\작성중\절차서\SHINHWA_QP_Vol3_Forms_FM030-FM039_Rev00.xlsx,00_QMS문서,QMS 문서(SH-/키워드),E:\SHINHWA\00_QMS문서\2026\SHINHWA_QP_Vol3_Forms_FM030-FM039_Rev00.xlsx,25,2026-08-10,이미 있음(동일)
E:\작성중\절차서\SHINHWA_QP_Vol3_QP011-QP015_Rev00.docx,00_QMS문서,QMS 문서(SH-/키워드),E:\SHINHWA\00_QMS문서\2026\SHINHWA_QP_Vol3_QP011-QP015_Rev00.docx,44,2026-08-10,이미 있음(동일)
E:\작성중\절차서\SHINHWA_QP_Vol3_QP011-QP015_Rev00.pdf,00_QMS문서,QMS 문서(SH-/키워드),E:\SHINHWA\00_QMS문서\2026\SHINHWA_QP_Vol3_QP011-QP015_Rev00.pdf,363,2026-08-10,이미 있음(동일)
E:\작성중\절차서\SHINHWA_QP_Vol4_Forms_FM040-FM049_Rev00.xlsx,00_QMS문서,QMS 문서(SH-/키워드),E:\SHINHWA\00_QMS문서\2026\SHINHWA_QP_Vol4_Forms_FM040-FM049_Rev00.xlsx,26,2026-08-10,이미 있음(동일)
E:\작성중\절차서\SHINHWA_QP_Vol4_QP016-QP020_Rev00.docx,00_QMS문서,QMS 문서(SH-/키워드),E:\SHINHWA\00_QMS문서\2026\SHINHWA_QP_Vol4_QP016-QP020_Rev00.docx,44,2026-08-10,이미 있음(동일)
E:\작성중\절차서\SHINHWA_QP_Vol4_QP016-QP020_Rev00.pdf,00_QMS문서,QMS 문서(SH-/키워드),E:\SHINHWA\00_QMS문서\2026\SHINHWA_QP_Vol4_QP016-QP020_Rev00.pdf,360,2026-08-10,이미 있음(동일)
E:\작성중\절차서\SHINHWA_QP_Vol5_Forms_FM050-FM059_Rev00.xlsx,00_QMS문서,QMS 문서(SH-/키워드),E:\SHINHWA\00_QMS문서\2026\SHINHWA_QP_Vol5_Forms_FM050-FM059_Rev00.xlsx,31,2026-08-10,이미 있음(동일)
E:\작성중\절차서\SHINHWA_QP_Vol5_QP021-QP025_Rev00.docx,00_QMS문서,QMS 문서(SH-/키워드),E:\SHINHWA\00_QMS문서\2026\SHINHWA_QP_Vol5_QP021-QP025_Rev00.docx,44,2026-08-10,이미 있음(동일)
E:\작성중\절차서\SHINHWA_QP_Vol5_QP021-QP025_Rev00.pdf,00_QMS문서,QMS 문서(SH-/키워드),E:\SHINHWA\00_QMS문서\2026\SHINHWA_QP_Vol5_QP021-QP025_Rev00.pdf,362,2026-08-10,이미 있음(동일)
E:\작성중\품질경영매뉴얼\SHINHWA_QM-001_품질경영매뉴얼_제1권_Rev00.docx,00_QMS문서,QMS 문서(SH-/키워드),E:\SHINHWA\00_QMS문서\2026\SHINHWA_QM-001_품질경영매뉴얼_제1권_Rev00.docx,45,2026-08-10,이미 있음(동일)
E:\작성중\품질경영매뉴얼\SHINHWA_QM-001_품질경영매뉴얼_제1권_Rev00.pdf,00_QMS문서,QMS 문서(SH-/키워드),E:\SHINHWA\00_QMS문서\2026\SHINHWA_QM-001_품질경영매뉴얼_제1권_Rev00.pdf,347,2026-08-10,이미 있음(동일)
E:\작성중\품질경영매뉴얼\SHINHWA_QM-001_품질경영매뉴얼_제2권_Rev00.docx,00_QMS문서,QMS 문서(SH-/키워드),E:\SHINHWA\00_QMS문서\2026\SHINHWA_QM-001_품질경영매뉴얼_제2권_Rev00.docx,45,2026-08-10,이미 있음(동일)
E:\작성중\품질경영매뉴얼\SHINHWA_QM-001_품질경영매뉴얼_제2권_Rev00.pdf,00_QMS문서,QMS 문서(SH-/키워드),E:\SHINHWA\00_QMS문서\2026\SHINHWA_QM-001_품질경영매뉴얼_제2권_Rev00.pdf,364,2026-08-10,이미 있음(동일)
E:\작성중\품질경영매뉴얼\SHINHWA_QM-001_품질경영매뉴얼_제3권_Rev00(1).docx,00_QMS문서,QMS 문서(SH-/키워드),E:\SHINHWA\00_QMS문서\2026\SHINHWA_QM-001_품질경영매뉴얼_제3권_Rev00(1).docx,44,2026-08-10,이미 있음(동일)
E:\작성중\품질경영매뉴얼\SHINHWA_QM-001_품질경영매뉴얼_제3권_Rev00.pdf,00_QMS문서,QMS 문서(SH-/키워드),E:\SHINHWA\00_QMS문서\2026\SHINHWA_QM-001_품질경영매뉴얼_제3권_Rev00.pdf,334,2026-08-10,이미 있음(동일)
E:\작성중\품질경영매뉴얼\SHINHWA_QM-001_품질경영매뉴얼_제4권_Rev00.docx,00_QMS문서,QMS 문서(SH-/키워드),E:\SHINHWA\00_QMS문서\2026\SHINHWA_QM-001_품질경영매뉴얼_제4권_Rev00.docx,44,2026-08-10,이미 있음(동일)
E:\작성중\품질경영매뉴얼\SHINHWA_QM-001_품질경영매뉴얼_제4권_Rev00.pdf,00_QMS문서,QMS 문서(SH-/키워드),E:\SHINHWA\00_QMS문서\2026\SHINHWA_QM-001_품질경영매뉴얼_제4권_Rev00.pdf,322,2026-08-10,이미 있음(동일)
E:\작성중\품질성과보고서\신화에이치앤티_품질경영_통합운영_Master_Rev27_QMS_CONTROL_CENTER.xlsx,00_QMS문서,QMS 문서(SH-/키워드),E:\SHINHWA\00_QMS문서\2026\신화에이치앤티_품질경영_통합운영_Master_Rev27_QMS_CONTROL_CENTER.xlsx,401,2026-08-10,이미 있음(동일)
E:\작성중\회사 소개서\SHINHWA_FM_Master_List_FM001-FM100_Rev01_Final_Complete.xlsx,00_QMS문서,QMS 문서(SH-/키워드),E:\SHINHWA\00_QMS문서\2026\SHINHWA_FM_Master_List_FM001-FM100_Rev01_Final_Complete.xlsx,12,2026-08-10,이미 있음(동일)
E:\작성중\회사 소개서\SHINHWA_QM-001_품질경영매뉴얼_Rev01.docx,00_QMS문서,QMS 문서(SH-/키워드),E:\SHINHWA\00_QMS문서\2026\SHINHWA_QM-001_품질경영매뉴얼_Rev01.docx,44,2026-08-10,이미 있음(동일)
E:\작성중\회사 소개서\SHINHWA_QMS_2026실적_2027KPI_경영검토_PerformancePackage_Rev01.xlsx,00_QMS문서,QMS 문서(SH-/키워드),E:\SHINHWA\00_QMS문서\2026\SHINHWA_QMS_2026실적_2027KPI_경영검토_PerformancePackage_Rev01.xlsx,133,2026-08-10,이미 있음(동일)
E:\작성중\회사 소개서\SHINHWA_QMS_3Year_Certification_Maintenance_Rev06.xlsx,00_QMS문서,QMS 문서(SH-/키워드),E:\SHINHWA\00_QMS문서\2026\SHINHWA_QMS_3Year_Certification_Maintenance_Rev06.xlsx,306,2026-08-10,이미 있음(동일)
E:\작성중\회사 소개서\SHINHWA_QMS_APQP_PPAP_Launch_Readiness_Rev29.xlsx,00_QMS문서,QMS 문서(SH-/키워드),E:\SHINHWA\00_QMS문서\2026\SHINHWA_QMS_APQP_PPAP_Launch_Readiness_Rev29.xlsx,1026,2026-08-24,이미 있음(동일)
E:\작성중\회사 소개서\SHINHWA_QMS_Actual_File_Verification_Release_Rev01 (1).xlsx,00_QMS문서,QMS 문서(SH-/키워드),E:\SHINHWA\00_QMS문서\2026\SHINHWA_QMS_Actual_File_Verification_Release_Rev01 (1).xlsx,192,2026-08-10,이미 있음(동일)
E:\작성중\회사 소개서\SHINHWA_QMS_Actual_File_Verification_Release_Rev01.xlsx,00_QMS문서,QMS 문서(SH-/키워드),E:\SHINHWA\00_QMS문서\2026\SHINHWA_QMS_Actual_File_Verification_Release_Rev01.xlsx,192,2026-08-10,이미 있음(동일)
E:\작성중\회사 소개서\SHINHWA_QMS_Annual_Operation_Calendar_Dashboard_Rev01.xlsx,00_QMS문서,QMS 문서(SH-/키워드),E:\SHINHWA\00_QMS문서\2026\SHINHWA_QMS_Annual_Operation_Calendar_Dashboard_Rev01.xlsx,127,2026-08-10,이미 있음(동일)
E:\작성중\회사 소개서\SHINHWA_QMS_Audit_Command_Center_Rev05.xlsx,00_QMS문서,QMS 문서(SH-/키워드),E:\SHINHWA\00_QMS문서\2026\SHINHWA_QMS_Audit_Command_Center_Rev05.xlsx,292,2026-08-10,이미 있음(동일)
E:\작성중\회사 소개서\SHINHWA_QMS_BCP_Emergency_Response_Rev25.xlsx,00_QMS문서,QMS 문서(SH-/키워드),E:\SHINHWA\00_QMS문서\2026\SHINHWA_QMS_BCP_Emergency_Response_Rev25.xlsx,887,2026-08-12,이미 있음(동일)
E:\작성중\회사 소개서\SHINHWA_QMS_Business_Plan_Strategy_Rev33.xlsx,00_QMS문서,QMS 문서(SH-/키워드),E:\SHINHWA\00_QMS문서\2026\SHINHWA_QMS_Business_Plan_Strategy_Rev33.xlsx,1142,2026-08-25,이미 있음(동일)
E:\작성중\회사 소개서\SHINHWA_QMS_CAPA_8D_Recurrence_Rev39.xlsx,00_QMS문서,QMS 문서(SH-/키워드),E:\SHINHWA\00_QMS문서\2026\SHINHWA_QMS_CAPA_8D_Recurrence_Rev39.xlsx,1301,2026-08-25,이미 있음(동일)
E:\작성중\회사 소개서\SHINHWA_QMS_COPQ_Quality_Cost_Executive_Rev30.xlsx,00_QMS문서,QMS 문서(SH-/키워드),E:\SHINHWA\00_QMS문서\2026\SHINHWA_QMS_COPQ_Quality_Cost_Executive_Rev30.xlsx,1055,2026-08-24,이미 있음(동일)
E:\작성중\회사 소개서\SHINHWA_QMS_CSR_Compliance_Matrix_Rev12.xlsx,00_QMS문서,QMS 문서(SH-/키워드),E:\SHINHWA\00_QMS문서\2026\SHINHWA_QMS_CSR_Compliance_Matrix_Rev12.xlsx,423,2026-08-12,이미 있음(동일)
E:\작성중\회사 소개서\SHINHWA_QMS_CSR_Legal_Regulatory_Compliance_Rev26.xlsx,00_QMS문서,QMS 문서(SH-/키워드),E:\SHINHWA\00_QMS문서\2026\SHINHWA_QMS_CSR_Legal_Regulatory_Compliance_Rev26.xlsx,924,2026-08-12,이미 있음(동일)
E:\작성중\회사 소개서\SHINHWA_QMS_Certification_Audit_Readiness_Rev03.xlsx,00_QMS문서,QMS 문서(SH-/키워드),E:\SHINHWA\00_QMS문서\2026\SHINHWA_QMS_Certification_Audit_Readiness_Rev03.xlsx,266,2026-08-10,이미 있음(동일)
E:\작성중\회사 소개서\SHINHWA_QMS_Certification_Lifecycle_Management_Rev01.xlsx,00_QMS문서,QMS 문서(SH-/키워드),E:\SHINHWA\00_QMS문서\2026\SHINHWA_QMS_Certification_Lifecycle_Management_Rev01.xlsx,214,2026-08-10,이미 있음(동일)
E:\작성중\회사 소개서\SHINHWA_QMS_Certification_PunchList_Gate_Rev01.xlsx,00_QMS문서,QMS 문서(SH-/키워드),E:\SHINHWA\00_QMS문서\2026\SHINHWA_QMS_Certification_PunchList_Gate_Rev01.xlsx,201,2026-08-10,이미 있음(동일)
E:\작성중\회사 소개서\SHINHWA_QMS_Change_Management_4M_Rev24.xlsx,00_QMS문서,QMS 문서(SH-/키워드),E:\SHINHWA\00_QMS문서\2026\SHINHWA_QMS_Change_Management_4M_Rev24.xlsx,853,2026-08-12,이미 있음(동일)
E:\작성중\회사 소개서\SHINHWA_QMS_Change_Management_Rev40.xlsx,00_QMS문서,QMS 문서(SH-/키워드),E:\SHINHWA\00_QMS문서\2026\SHINHWA_QMS_Change_Management_Rev40.xlsx,1328,2026-08-25,이미 있음(동일)
E:\작성중\회사 소개서\SHINHWA_QMS_Continuous_Improvement_Cost_Reduction_Rev09.xlsx,00_QMS문서,QMS 문서(SH-/키워드),E:\SHINHWA\00_QMS문서\2026\SHINHWA_QMS_Continuous_Improvement_Cost_Reduction_Rev09.xlsx,352,2026-08-10,이미 있음(동일)
E:\작성중\회사 소개서\SHINHWA_QMS_CoreTools_Integrated_Control_Rev14.xlsx,00_QMS문서,QMS 문서(SH-/키워드),E:\SHINHWA\00_QMS문서\2026\SHINHWA_QMS_CoreTools_Integrated_Control_Rev14.xlsx,477,2026-08-12,이미 있음(동일)
E:\작성중\회사 소개서\SHINHWA_QMS_Customer_8D_Warranty_Field_Quality_Rev16.xlsx,00_QMS문서,QMS 문서(SH-/키워드),E:\SHINHWA\00_QMS문서\2026\SHINHWA_QMS_Customer_8D_Warranty_Field_Quality_Rev16.xlsx,535,2026-08-12,이미 있음(동일)
E:\작성중\회사 소개서\SHINHWA_QMS_Customer_Performance_Claim_Warranty_Rev27.xlsx,00_QMS문서,QMS 문서(SH-/키워드),E:\SHINHWA\00_QMS문서\2026\SHINHWA_QMS_Customer_Performance_Claim_Warranty_Rev27.xlsx,964,2026-08-12,이미 있음(동일)
E:\작성중\회사 소개서\SHINHWA_QMS_DDay_Audit_Response_Package_Rev01.xlsx,00_QMS문서,QMS 문서(SH-/키워드),E:\SHINHWA\00_QMS문서\2026\SHINHWA_QMS_DDay_Audit_Response_Package_Rev01.xlsx,107,2026-08-10,이미 있음(동일)
E:\작성중\회사 소개서\SHINHWA_QMS_Document_Control_Certification_Master_Rev01.xlsx,00_QMS문서,QMS 문서(SH-/키워드),E:\SHINHWA\00_QMS문서\2026\SHINHWA_QMS_Document_Control_Certification_Master_Rev01.xlsx,156,2026-08-10,이미 있음(동일)
E:\작성중\회사 소개서\SHINHWA_QMS_Document_Record_Control_Rev38.xlsx,00_QMS문서,QMS 문서(SH-/키워드),E:\SHINHWA\00_QMS문서\2026\SHINHWA_QMS_Document_Record_Control_Rev38.xlsx,1276,2026-08-25,이미 있음(동일)
E:\작성중\회사 소개서\SHINHWA_QMS_Document_Record_Digital_Control_Rev11.xlsx,00_QMS문서,QMS 문서(SH-/키워드),E:\SHINHWA\00_QMS문서\2026\SHINHWA_QMS_Document_Record_Digital_Control_Rev11.xlsx,404,2026-08-10,이미 있음(동일)
E:\작성중\회사 소개서\SHINHWA_QMS_Equipment_Maintenance_Calibration_Rev17.xlsx,00_QMS문서,QMS 문서(SH-/키워드),E:\SHINHWA\00_QMS문서\2026\SHINHWA_QMS_Equipment_Maintenance_Calibration_Rev17.xlsx,577,2026-08-12,이미 있음(동일)
E:\작성중\회사 소개서\SHINHWA_QMS_Executive_Integrated_Cockpit_Rev32.xlsx,00_QMS문서,QMS 문서(SH-/키워드),E:\SHINHWA\00_QMS문서\2026\SHINHWA_QMS_Executive_Integrated_Cockpit_Rev32.xlsx,1118,2026-08-25,이미 있음(동일)
E:\작성중\회사 소개서\SHINHWA_QMS_Executive_Management_Package_Rev01.xlsx,00_QMS문서,QMS 문서(SH-/키워드),E:\SHINHWA\00_QMS문서\2026\SHINHWA_QMS_Executive_Management_Package_Rev01.xlsx,222,2026-08-10,이미 있음(동일)
E:\작성중\회사 소개서\SHINHWA_QMS_Executive_Performance_Cockpit_Rev07.xlsx,00_QMS문서,QMS 문서(SH-/키워드),E:\SHINHWA\00_QMS문서\2026\SHINHWA_QMS_Executive_Performance_Cockpit_Rev07.xlsx,320,2026-08-10,이미 있음(동일)
E:\작성중\회사 소개서\SHINHWA_QMS_FM_Linkage_Correction_Plan_Rev01_Final.xlsx,00_QMS문서,QMS 문서(SH-/키워드),E:\SHINHWA\00_QMS문서\2026\SHINHWA_QMS_FM_Linkage_Correction_Plan_Rev01_Final.xlsx,19,2026-08-10,이미 있음(동일)
E:\작성중\회사 소개서\SHINHWA_QMS_Final_Audit_Rehearsal_System_Rev04.xlsx,00_QMS문서,QMS 문서(SH-/키워드),E:\SHINHWA\00_QMS문서\2026\SHINHWA_QMS_Final_Audit_Rehearsal_System_Rev04.xlsx,278,2026-08-10,이미 있음(동일)
E:\작성중\회사 소개서\SHINHWA_QMS_Final_Deployment_Package_Rev02.xlsx,00_QMS문서,QMS 문서(SH-/키워드),E:\SHINHWA\00_QMS문서\2026\SHINHWA_QMS_Final_Deployment_Package_Rev02.xlsx,254,2026-08-10,이미 있음(동일)
E:\작성중\회사 소개서\SHINHWA_QMS_Final_Master_Package_Rev01.xlsx,00_QMS문서,QMS 문서(SH-/키워드),E:\SHINHWA\00_QMS문서\2026\SHINHWA_QMS_Final_Master_Package_Rev01.xlsx,165,2026-08-10,이미 있음(동일)
E:\작성중\회사 소개서\SHINHWA_QMS_Final_Release_Certification_Ready_Rev01.xlsx,00_QMS문서,QMS 문서(SH-/키워드),E:\SHINHWA\00_QMS문서\2026\SHINHWA_QMS_Final_Release_Certification_Ready_Rev01.xlsx,173,2026-08-10,이미 있음(동일)
E:\작성중\회사 소개서\SHINHWA_QMS_GapAnalysis_내부심사_CAPA_Rev01.xlsx,00_QMS문서,QMS 문서(SH-/키워드),E:\SHINHWA\00_QMS문서\2026\SHINHWA_QMS_GapAnalysis_내부심사_CAPA_Rev01.xlsx,87,2026-08-10,이미 있음(동일)
E:\작성중\회사 소개서\SHINHWA_QMS_Inspection_NCR_Nonconforming_Control_Rev20.xlsx,00_QMS문서,QMS 문서(SH-/키워드),E:\SHINHWA\00_QMS문서\2026\SHINHWA_QMS_Inspection_NCR_Nonconforming_Control_Rev20.xlsx,690,2026-08-12,이미 있음(동일)
E:\작성중\회사 소개서\SHINHWA_QMS_Integrated_Operations_System_Rev02.xlsx,00_QMS문서,QMS 문서(SH-/키워드),E:\SHINHWA\00_QMS문서\2026\SHINHWA_QMS_Integrated_Operations_System_Rev02.xlsx,241,2026-08-10,이미 있음(동일)
E:\작성중\회사 소개서\SHINHWA_QMS_Internal_Audit_CAPA_Rev23.xlsx,00_QMS문서,QMS 문서(SH-/키워드),E:\SHINHWA\00_QMS문서\2026\SHINHWA_QMS_Internal_Audit_CAPA_Rev23.xlsx,817,2026-08-12,이미 있음(동일)
E:\작성중\회사 소개서\SHINHWA_QMS_LPA_CQI_Special_Process_Control_Rev13.xlsx,00_QMS문서,QMS 문서(SH-/키워드),E:\SHINHWA\00_QMS문서\2026\SHINHWA_QMS_LPA_CQI_Special_Process_Control_Rev13.xlsx,444,2026-08-12,이미 있음(동일)
E:\작성중\회사 소개서\SHINHWA_QMS_Logistics_Delivery_Rev37.xlsx,00_QMS문서,QMS 문서(SH-/키워드),E:\SHINHWA\00_QMS문서\2026\SHINHWA_QMS_Logistics_Delivery_Rev37.xlsx,1253,2026-08-25,이미 있음(동일)
E:\작성중\회사 소개서\SHINHWA_QMS_Maintenance_Reliability_Rev35.xlsx,00_QMS문서,QMS 문서(SH-/키워드),E:\SHINHWA\00_QMS문서\2026\SHINHWA_QMS_Maintenance_Reliability_Rev35.xlsx,1189,2026-08-25,이미 있음(동일)
E:\작성중\회사 소개서\SHINHWA_QMS_Management_Review_Automation_Rev08.xlsx,00_QMS문서,QMS 문서(SH-/키워드),E:\SHINHWA\00_QMS문서\2026\SHINHWA_QMS_Management_Review_Automation_Rev08.xlsx,332,2026-08-10,이미 있음(동일)
E:\작성중\회사 소개서\SHINHWA_QMS_Management_Review_Executive_KPI_Rev22.xlsx,00_QMS문서,QMS 문서(SH-/키워드),E:\SHINHWA\00_QMS문서\2026\SHINHWA_QMS_Management_Review_Executive_KPI_Rev22.xlsx,780,2026-08-12,이미 있음(동일)
E:\작성중\회사 소개서\SHINHWA_QMS_Manufacturing_KPI_OEE_Rev31.xlsx,00_QMS문서,QMS 문서(SH-/키워드),E:\SHINHWA\00_QMS문서\2026\SHINHWA_QMS_Manufacturing_KPI_OEE_Rev31.xlsx,1097,2026-08-25,이미 있음(동일)
E:\작성중\회사 소개서\SHINHWA_QMS_Material_Inventory_Traceability_Rev36 (1).xlsx,00_QMS문서,QMS 문서(SH-/키워드),E:\SHINHWA\00_QMS문서\2026\SHINHWA_QMS_Material_Inventory_Traceability_Rev36 (1).xlsx,1223,2026-08-25,이미 있음(동일)
E:\작성중\회사 소개서\SHINHWA_QMS_OEE_Productivity_Process_Performance_Rev21.xlsx,00_QMS문서,QMS 문서(SH-/키워드),E:\SHINHWA\00_QMS문서\2026\SHINHWA_QMS_OEE_Productivity_Process_Performance_Rev21.xlsx,751,2026-08-12,이미 있음(동일)
E:\작성중\회사 소개서\SHINHWA_QMS_Production_Traceability_FIFO_Rev19.xlsx,00_QMS문서,QMS 문서(SH-/키워드),E:\SHINHWA\00_QMS문서\2026\SHINHWA_QMS_Production_Traceability_FIFO_Rev19.xlsx,652,2026-08-12,이미 있음(동일)
E:\작성중\회사 소개서\SHINHWA_QMS_QP-WI-FM_CrossReference_Matrix_Rev01.xlsx,00_QMS문서,QMS 문서(SH-/키워드),E:\SHINHWA\00_QMS문서\2026\SHINHWA_QMS_QP-WI-FM_CrossReference_Matrix_Rev01.xlsx,11,2026-08-10,이미 있음(동일)
E:\작성중\회사 소개서\SHINHWA_QMS_Risk_BCP_Management_Rev10.xlsx,00_QMS문서,QMS 문서(SH-/키워드),E:\SHINHWA\00_QMS문서\2026\SHINHWA_QMS_Risk_BCP_Management_Rev10.xlsx,369,2026-08-10,이미 있음(동일)
E:\작성중\회사 소개서\SHINHWA_QMS_Stage1_Stage2_EvidencePackage_Rev01.xlsx,00_QMS문서,QMS 문서(SH-/키워드),E:\SHINHWA\00_QMS문서\2026\SHINHWA_QMS_Stage1_Stage2_EvidencePackage_Rev01.xlsx,96,2026-08-10,이미 있음(동일)
E:\작성중\회사 소개서\SHINHWA_QMS_Supplier_APQP_PPAP_Development_Rev15.xlsx,00_QMS문서,QMS 문서(SH-/키워드),E:\SHINHWA\00_QMS문서\2026\SHINHWA_QMS_Supplier_APQP_PPAP_Development_Rev15.xlsx,507,2026-08-12,이미 있음(동일)
E:\작성중\회사 소개서\SHINHWA_QMS_Supplier_Quality_Development_Rev28.xlsx,00_QMS문서,QMS 문서(SH-/키워드),E:\SHINHWA\00_QMS문서\2026\SHINHWA_QMS_Supplier_Quality_Development_Rev28.xlsx,1009,2026-08-12,이미 있음(동일)
E:\작성중\회사 소개서\SHINHWA_QMS_Training_Competency_Qualification_Rev18.xlsx,00_QMS문서,QMS 문서(SH-/키워드),E:\SHINHWA\00_QMS문서\2026\SHINHWA_QMS_Training_Competency_Qualification_Rev18.xlsx,616,2026-08-12,이미 있음(동일)
E:\작성중\회사 소개서\SHINHWA_QMS_User_Operations_Control_System_Rev01.xlsx,00_QMS문서,QMS 문서(SH-/키워드),E:\SHINHWA\00_QMS문서\2026\SHINHWA_QMS_User_Operations_Control_System_Rev01.xlsx,231,2026-08-10,이미 있음(동일)
E:\작성중\회사 소개서\SHINHWA_QMS_Workforce_Competency_Rev34.xlsx,00_QMS문서,QMS 문서(SH-/키워드),E:\SHINHWA\00_QMS문서\2026\SHINHWA_QMS_Workforce_Competency_Rev34.xlsx,1160,2026-08-25,이미 있음(동일)
E:\작성중\회사 소개서\SHINHWA_QMS_인증심사_최종준비본_Rev01.xlsx,00_QMS문서,QMS 문서(SH-/키워드),E:\SHINHWA\00_QMS문서\2026\SHINHWA_QMS_인증심사_최종준비본_Rev01.xlsx,77,2026-08-10,이미 있음(동일)
E:\작성중\회사 소개서\SHINHWA_QMS_현장심사_최종대응패키지_Rev01.xlsx,00_QMS문서,QMS 문서(SH-/키워드),E:\SHINHWA\00_QMS문서\2026\SHINHWA_QMS_현장심사_최종대응패키지_Rev01.xlsx,117,2026-08-10,이미 있음(동일)
E:\작성중\회사 소개서\SHINHWA_QP_Vol1_QP001-QP005_Rev01.docx,00_QMS문서,QMS 문서(SH-/키워드),E:\SHINHWA\00_QMS문서\2026\SHINHWA_QP_Vol1_QP001-QP005_Rev01.docx,48,2026-08-10,이미 있음(동일)
E:\작성중\회사 소개서\SHINHWA_QP_Vol2_QP006-QP010_Rev01.docx,00_QMS문서,QMS 문서(SH-/키워드),E:\SHINHWA\00_QMS문서\2026\SHINHWA_QP_Vol2_QP006-QP010_Rev01.docx,42,2026-08-10,이미 있음(동일)
E:\작성중\회사 소개서\SHINHWA_QP_Vol3_QP011-QP015_Rev01_Final.docx,00_QMS문서,QMS 문서(SH-/키워드),E:\SHINHWA\00_QMS문서\2026\SHINHWA_QP_Vol3_QP011-QP015_Rev01_Final.docx,46,2026-08-10,이미 있음(동일)
E:\작성중\회사 소개서\SHINHWA_QP_Vol4_QP016-QP020_Rev01.docx,00_QMS문서,QMS 문서(SH-/키워드),E:\SHINHWA\00_QMS문서\2026\SHINHWA_QP_Vol4_QP016-QP020_Rev01.docx,42,2026-08-10,이미 있음(동일)
E:\작성중\회사 소개서\SHINHWA_QP_Vol5_QP021-QP025_Rev01_Final.docx,00_QMS문서,QMS 문서(SH-/키워드),E:\SHINHWA\00_QMS문서\2026\SHINHWA_QP_Vol5_QP021-QP025_Rev01_Final.docx,46,2026-08-10,이미 있음(동일)
E:\작성중\회사 소개서\SHINHWA_WI_Vol1_WI001-WI005_Rev01_Final.docx,00_QMS문서,QMS 문서(SH-/키워드),E:\SHINHWA\00_QMS문서\2026\SHINHWA_WI_Vol1_WI001-WI005_Rev01_Final.docx,42,2026-08-10,이미 있음(동일)
E:\작성중\회사 소개서\SHINHWA_WI_Vol2_WI006-WI010_Rev01_Final.docx,00_QMS문서,QMS 문서(SH-/키워드),E:\SHINHWA\00_QMS문서\2026\SHINHWA_WI_Vol2_WI006-WI010_Rev01_Final.docx,45,2026-08-10,이미 있음(동일)
E:\작성중\회사 소개서\SHINHWA_WI_Vol3_WI011-WI015_Rev01_Final.docx,00_QMS문서,QMS 문서(SH-/키워드),E:\SHINHWA\00_QMS문서\2026\SHINHWA_WI_Vol3_WI011-WI015_Rev01_Final.docx,45,2026-08-10,이미 있음(동일)
E:\작성중\회사 소개서\SHINHWA_WI_Vol4_WI016-WI020_Rev01_Final.docx,00_QMS문서,QMS 문서(SH-/키워드),E:\SHINHWA\00_QMS문서\2026\SHINHWA_WI_Vol4_WI016-WI020_Rev01_Final.docx,45,2026-08-10,이미 있음(동일)
E:\작성중\회사 소개서\SHINHWA_WI_Vol5_WI021-WI025_Rev01_Final.docx,00_QMS문서,QMS 문서(SH-/키워드),E:\SHINHWA\00_QMS문서\2026\SHINHWA_WI_Vol5_WI021-WI025_Rev01_Final.docx,45,2026-08-10,이미 있음(동일)
E:\작성중\회사 소개서\SHINHWA_WI_Vol6_WI026-WI030_Rev01_Final.docx,00_QMS문서,QMS 문서(SH-/키워드),E:\SHINHWA\00_QMS문서\2026\SHINHWA_WI_Vol6_WI026-WI030_Rev01_Final.docx,46,2026-08-10,이미 있음(동일)
E:\기존 서류\이광재 부장 서류\검사공정 자격 인증서 및 평가\2023 검사원 자격인증 평가표(2023년).xlsx,07_품질,폴더(검사공정 자격 인증서 및 평가),E:\SHINHWA\07_품질\2026\2023 검사원 자격인증 평가표(2023년).xlsx,48,2026-04-30,이미 있음(동일)
E:\기존 서류\이광재 부장 서류\검사공정 자격 인증서 및 평가\검사공정 자격 인증서(2023) (1팀).xlsx,07_품질,폴더(검사공정 자격 인증서 및 평가),E:\SHINHWA\07_품질\2026\검사공정 자격 인증서(2023) (1팀).xlsx,25181,2026-04-30,이미 있음(동일)
E:\기존 서류\이광재 부장 서류\검사공정 자격 인증서 및 평가\검사공정 자격 인증서(2023) (2팀).xlsx,07_품질,폴더(검사공정 자격 인증서 및 평가),E:\SHINHWA\07_품질\2026\검사공정 자격 인증서(2023) (2팀).xlsx,62235,2026-04-30,이미 있음(동일)
E:\기존 서류\이광재 부장 서류\검사공정 자격 인증서 및 평가\검사공정 자격 인증서(2023) (3팀).xlsx,07_품질,폴더(검사공정 자격 인증서 및 평가),E:\SHINHWA\07_품질\2026\검사공정 자격 인증서(2023) (3팀).xlsx,581,2026-04-30,이미 있음(동일)
E:\기존 서류\이광재 부장 서류\검사공정 자격 인증서 및 평가\검사공정 자격 인증서(2023) (거용접).xlsx,07_품질,폴더(검사공정 자격 인증서 및 평가),E:\SHINHWA\07_품질\2026\검사공정 자격 인증서(2023) (거용접).xlsx,2213,2026-04-30,이미 있음(동일)
E:\기존 서류\이광재 부장 서류\검사공정 자격 인증서 및 평가\특수공정 자격 인증서(2023) (용접팀).xls,07_품질,폴더(검사공정 자격 인증서 및 평가),E:\SHINHWA\07_품질\2026\특수공정 자격 인증서(2023) (용접팀).xls,11068,2026-04-30,이미 있음(동일)
E:\기존 서류\이광재 부장 서류\공정불량 집계표(1)\23년 월간 불량 현황.xlsx,07_품질,폴더(공정불량 집계표(1)),E:\SHINHWA\07_품질\2026\23년 월간 불량 현황.xlsx,88,2026-06-10,이미 있음(동일)
E:\기존 서류\이광재 부장 서류\공정불량 집계표(1)\24년 월간 불량 현황.xlsx,07_품질,폴더(공정불량 집계표(1)),E:\SHINHWA\07_품질\2026\24년 월간 불량 현황.xlsx,55,2026-06-10,이미 있음(동일)
E:\기존 서류\이광재 부장 서류\관리대장(1)\FMEA 관리대장.XLS,07_품질,파일명,E:\SHINHWA\07_품질\2026\FMEA 관리대장.XLS,44,2026-06-10,이미 있음(동일)
E:\기존 서류\이광재 부장 서류\관리대장(1)\검사기준서 관리대장.XLS,07_품질,파일명,E:\SHINHWA\07_품질\2026\검사기준서 관리대장.XLS,44,2026-06-10,이미 있음(동일)
E:\기존 서류\이광재 부장 서류\관리대장(1)\관리계획서 관리대장.XLS,07_품질,파일명,E:\SHINHWA\07_품질\2026\관리계획서 관리대장.XLS,44,2026-06-10,이미 있음(동일)
E:\기존 서류\이광재 부장 서류\관리대장(1)\관리대장\FMEA 관리대장.XLS,07_품질,파일명,E:\SHINHWA\07_품질\2026\FMEA 관리대장.XLS,45,2026-06-10,복사 → E:\SHINHWA\07_품질\2026\FMEA 관리대장_v2.XLS
E:\기존 서류\이광재 부장 서류\관리대장(1)\관리대장\검사기준서 관리대장.XLS,07_품질,파일명,E:\SHINHWA\07_품질\2026\검사기준서 관리대장.XLS,45,2026-06-10,복사 → E:\SHINHWA\07_품질\2026\검사기준서 관리대장_v2.XLS
E:\기존 서류\이광재 부장 서류\관리대장(1)\관리대장\관리계획서 관리대장.XLS,07_품질,파일명,E:\SHINHWA\07_품질\2026\관리계획서 관리대장.XLS,45,2026-06-10,복사 → E:\SHINHWA\07_품질\2026\관리계획서 관리대장_v2.XLS
E:\기존 서류\이광재 부장 서류\관리대장(1)\관리대장\협정서 관리대장.XLS,07_품질,파일명,E:\SHINHWA\07_품질\2026\협정서 관리대장.XLS,45,2026-06-10,이미 있음(동일)
E:\기존 서류\이광재 부장 서류\관리대장(1)\협정서 관리대장.XLS,07_품질,파일명,E:\SHINHWA\07_품질\2026\협정서 관리대장.XLS,44,2026-06-10,복사 → E:\SHINHWA\07_품질\2026\협정서 관리대장_v2.XLS
E:\기존 서류\이광재 부장 서류\관리대장\FMEA 관리대장.XLS,07_품질,파일명,E:\SHINHWA\07_품질\2026\FMEA 관리대장.XLS,44,2026-06-10,복사 → E:\SHINHWA\07_품질\2026\FMEA 관리대장_v3.XLS
E:\기존 서류\이광재 부장 서류\관리대장\검사기준서 관리대장.XLS,07_품질,파일명,E:\SHINHWA\07_품질\2026\검사기준서 관리대장.XLS,44,2026-06-10,복사 → E:\SHINHWA\07_품질\2026\검사기준서 관리대장_v3.XLS
E:\기존 서류\이광재 부장 서류\관리대장\관리계획서 관리대장.XLS,07_품질,파일명,E:\SHINHWA\07_품질\2026\관리계획서 관리대장.XLS,44,2026-06-10,복사 → E:\SHINHWA\07_품질\2026\관리계획서 관리대장_v3.XLS
E:\기존 서류\이광재 부장 서류\관리대장\관리대장\FMEA 관리대장.XLS,07_품질,파일명,E:\SHINHWA\07_품질\2026\FMEA 관리대장.XLS,45,2026-06-10,복사 → E:\SHINHWA\07_품질\2026\FMEA 관리대장_v4.XLS
E:\기존 서류\이광재 부장 서류\관리대장\관리대장\FMEA 관리대장.xlsx,07_품질,파일명,E:\SHINHWA\07_품질\2026\FMEA 관리대장.xlsx,20,2026-09-10,이미 있음(동일)
E:\기존 서류\이광재 부장 서류\관리대장\관리대장\검사기준서 관리대장.XLS,07_품질,파일명,E:\SHINHWA\07_품질\2026\검사기준서 관리대장.XLS,45,2026-06-10,복사 → E:\SHINHWA\07_품질\2026\검사기준서 관리대장_v4.XLS
E:\기존 서류\이광재 부장 서류\관리대장\관리대장\관리계획서 관리대장.XLS,07_품질,파일명,E:\SHINHWA\07_품질\2026\관리계획서 관리대장.XLS,45,2026-06-10,복사 → E:\SHINHWA\07_품질\2026\관리계획서 관리대장_v2.XLS
E:\기존 서류\이광재 부장 서류\관리대장\관리대장\협정서 관리대장.XLS,07_품질,파일명,E:\SHINHWA\07_품질\2026\협정서 관리대장.XLS,45,2026-06-10,이미 있음(동일)
E:\기존 서류\이광재 부장 서류\관리대장\협정서 관리대장.XLS,07_품질,파일명,E:\SHINHWA\07_품질\2026\협정서 관리대장.XLS,44,2026-06-10,복사 → E:\SHINHWA\07_품질\2026\협정서 관리대장_v2.XLS
E:\기존 서류\이광재 부장 서류\기존서류 2\ISIR 서류모음\고객사 ISIR 서류모음\대한냉열\2024.02.28 입고 성적서 AX EV.pdf,07_품질,폴더(고객사 ISIR 서류모음),E:\SHINHWA\07_품질\2026\2024.02.28 입고 성적서 AX EV.pdf,217,2026-06-10,이미 있음(동일)
E:\기존 서류\이광재 부장 서류\기존서류 2\ISIR 서류모음\고객사 ISIR 서류모음\대한냉열\CPK.xlsx,07_품질,폴더(고객사 ISIR 서류모음),E:\SHINHWA\07_품질\2026\CPK.xlsx,1838,2026-06-10,이미 있음(동일)
E:\기존 서류\이광재 부장 서류\기존서류 2\ISIR 서류모음\고객사 ISIR 서류모음\대한냉열\DHC05-PI-02053_Outer pipe_20221013.dwg,07_품질,폴더(고객사 ISIR 서류모음),E:\SHINHWA\07_품질\2026\DHC05-PI-02053_Outer pipe_20221013.dwg,251,2026-06-10,이미 있음(동일)
E:\기존 서류\이광재 부장 서류\기존서류 2\ISIR 서류모음\고객사 ISIR 서류모음\대한냉열\DHC05-PI-02053_Outer pipe_20221013.pdf,07_품질,폴더(고객사 ISIR 서류모음),E:\SHINHWA\07_품질\2026\DHC05-PI-02053_Outer pipe_20221013.pdf,59,2026-06-10,이미 있음(동일)
E:\기존 서류\이광재 부장 서류\기존서류 2\ISIR 서류모음\고객사 ISIR 서류모음\대한냉열\OUTER PIPE CHECKER 검사 성적서.xls,07_품질,폴더(고객사 ISIR 서류모음),E:\SHINHWA\07_품질\2026\OUTER PIPE CHECKER 검사 성적서.xls,6254,2026-06-10,이미 있음(동일)
E:\기존 서류\이광재 부장 서류\기존서류 2\ISIR 서류모음\고객사 ISIR 서류모음\대한냉열\OUTER PIPE_AXEV ACC_DHC05-PI-02054-000_231220 성적서도면.pdf,07_품질,폴더(고객사 ISIR 서류모음),E:\SHINHWA\07_품질\2026\OUTER PIPE_AXEV ACC_DHC05-PI-02054-000_231220 성적서도면.pdf,673,2026-06-10,이미 있음(동일)
E:\기존 서류\이광재 부장 서류\기존서류 2\ISIR 서류모음\고객사 ISIR 서류모음\대한냉열\Outer pipe_#1.txt,07_품질,폴더(고객사 ISIR 서류모음),E:\SHINHWA\07_품질\2026\Outer pipe_#1.txt,2,2026-06-10,이미 있음(동일)
E:\기존 서류\이광재 부장 서류\기존서류 2\ISIR 서류모음\고객사 ISIR 서류모음\대한냉열\Outer pipe_#2.txt,07_품질,폴더(고객사 ISIR 서류모음),E:\SHINHWA\07_품질\2026\Outer pipe_#2.txt,2,2026-06-10,이미 있음(동일)
E:\기존 서류\이광재 부장 서류\기존서류 2\ISIR 서류모음\고객사 ISIR 서류모음\대한냉열\Outer pipe_#3.txt,07_품질,폴더(고객사 ISIR 서류모음),E:\SHINHWA\07_품질\2026\Outer pipe_#3.txt,2,2026-06-10,이미 있음(동일)
E:\기존 서류\이광재 부장 서류\기존서류 2\ISIR 서류모음\고객사 ISIR 서류모음\대한냉열\Outer pipe_#4.txt,07_품질,폴더(고객사 ISIR 서류모음),E:\SHINHWA\07_품질\2026\Outer pipe_#4.txt,2,2026-06-10,이미 있음(동일)
E:\기존 서류\이광재 부장 서류\기존서류 2\ISIR 서류모음\고객사 ISIR 서류모음\대한냉열\Outer pipe_#5.txt,07_품질,폴더(고객사 ISIR 서류모음),E:\SHINHWA\07_품질\2026\Outer pipe_#5.txt,2,2026-06-10,이미 있음(동일)
E:\기존 서류\이광재 부장 서류\기존서류 2\ISIR 서류모음\고객사 ISIR 서류모음\대한냉열\대한냉열 AX EV ISIR.pdf,07_품질,폴더(고객사 ISIR 서류모음),E:\SHINHWA\07_품질\2026\대한냉열 AX EV ISIR.pdf,9922,2026-06-10,이미 있음(동일)
E:\기존 서류\이광재 부장 서류\기존서류 2\ISIR 서류모음\고객사 ISIR 서류모음\대한냉열\대한냉열 품 측정 data.zip,07_품질,폴더(고객사 ISIR 서류모음),E:\SHINHWA\07_품질\2026\대한냉열 품 측정 data.zip,3,2026-06-10,이미 있음(동일)
E:\기존 서류\이광재 부장 서류\기존서류 2\ISIR 서류모음\고객사 ISIR 서류모음\대한냉열\승인서류_신화에이치앤티_DHC05-PI-02054_Outer pipe 20240202.xls,07_품질,폴더(고객사 ISIR 서류모음),E:\SHINHWA\07_품질\2026\승인서류_신화에이치앤티_DHC05-PI-02054_Outer pipe 20240202.xls,8100,2026-06-10,이미 있음(동일)
E:\기존 서류\이광재 부장 서류\기존서류 2\ISIR 서류모음\고객사 ISIR 서류모음\대한냉열\승인서류_프리텍코리아_CV EV OUTER PIPE_DHC05-PI-02052_220812.xls,07_품질,폴더(고객사 ISIR 서류모음),E:\SHINHWA\07_품질\2026\승인서류_프리텍코리아_CV EV OUTER PIPE_DHC05-PI-02052_220812.xls,4999,2026-06-10,이미 있음(동일)
E:\기존 서류\이광재 부장 서류\기존서류 2\ISIR 서류모음\고객사 ISIR 서류모음\대한냉열\양식-협력업체 승인서류 (작성방법설명)-10차개정-2020년11월24일 (1).xlsx,07_품질,폴더(고객사 ISIR 서류모음),E:\SHINHWA\07_품질\2026\양식-협력업체 승인서류 (작성방법설명)-10차개정-2020년11월24일 (1).xlsx,412,2026-06-10,이미 있음(동일)
E:\기존 서류\이광재 부장 서류\기존서류 2\ISIR 서류모음\고객사 ISIR 서류모음\대한냉열\원소재 연동적용기준안(1Q근거자료)_240112 (1).xlsx,07_품질,폴더(고객사 ISIR 서류모음),E:\SHINHWA\07_품질\2026\원소재 연동적용기준안(1Q근거자료)_240112 (1).xlsx,178,2026-06-10,이미 있음(동일)
E:\기존 서류\이광재 부장 서류\기존서류 2\ISIR 서류모음\고객사 ISIR 서류모음\대한냉열\초중종물 체크시트.xls,07_품질,폴더(고객사 ISIR 서류모음),E:\SHINHWA\07_품질\2026\초중종물 체크시트.xls,338,2026-06-10,이미 있음(동일)
E:\기존 서류\이광재 부장 서류\기존서류 2\ISIR 서류모음\고객사 ISIR 서류모음\대한냉열\출하검사기준서.xlsx,07_품질,폴더(고객사 ISIR 서류모음),E:\SHINHWA\07_품질\2026\출하검사기준서.xlsx,123,2026-06-10,이미 있음(동일)
E:\기존 서류\이광재 부장 서류\기존서류 2\ISIR 서류모음\고객사 ISIR 서류모음\대한냉열\협력업체 공정감사 평가시트_신화 (1).xls,07_품질,폴더(고객사 ISIR 서류모음),E:\SHINHWA\07_품질\2026\협력업체 공정감사 평가시트_신화 (1).xls,3917,2026-06-10,이미 있음(동일)
E:\기존 서류\이광재 부장 서류\기존서류 2\ISIR 서류모음\고객사 ISIR 서류모음\세원\JA 12T TOX(WITH PIN) PIPE ASS`Y-ISIR(Rev.1)_221219.xlsx,07_품질,폴더(고객사 ISIR 서류모음),E:\SHINHWA\07_품질\2026\JA 12T TOX(WITH PIN) PIPE ASS`Y-ISIR(Rev.1)_221219.xlsx,853,2026-06-10,이미 있음(동일)
E:\기존 서류\이광재 부장 서류\기존서류 2\ISIR 서류모음\고객사 ISIR 서류모음\세원\KU  ISIR230915 (변경본).xlsx,07_품질,폴더(고객사 ISIR 서류모음),E:\SHINHWA\07_품질\2026\KU  ISIR230915 (변경본).xlsx,1013,2026-06-10,이미 있음(동일)
E:\기존 서류\이광재 부장 서류\기존서류 2\ISIR 서류모음\고객사 ISIR 서류모음\융진\융진 Y460\Y460_48105-602200 승인서.xlsm,07_품질,폴더(고객사 ISIR 서류모음),E:\SHINHWA\07_품질\2026\Y460_48105-602200 승인서.xlsm,3838,2026-06-10,이미 있음(동일)
E:\기존 서류\이광재 부장 서류\기존서류 2\ISIR 서류모음\고객사 ISIR 서류모음\융진\융진 Y460\Y460_48106-602200 승인서.xlsm,07_품질,폴더(고객사 ISIR 서류모음),E:\SHINHWA\07_품질\2026\Y460_48106-602200 승인서.xlsm,4820,2026-06-10,이미 있음(동일)
E:\기존 서류\이광재 부장 서류\기존서류 2\ISIR 서류모음\고객사 ISIR 서류모음\융진\융진 Y460\■외주부품 ISIR 승인서류 양식(KG 제조사 변경) 48106-602200 Y460 LOW.xlsx,07_품질,폴더(고객사 ISIR 서류모음),E:\SHINHWA\07_품질\2026\■외주부품 ISIR 승인서류 양식(KG 제조사 변경) 48106-602200 Y460 LOW.xlsx,5515,2026-06-10,이미 있음(동일)
E:\기존 서류\이광재 부장 서류\기존서류 2\ISIR 서류모음\고객사 ISIR 서류모음\융진\융진 Y460\■외주부품 ISIR 승인서류 양식(KG 제조사 변경).xlsx,07_품질,폴더(고객사 ISIR 서류모음),E:\SHINHWA\07_품질\2026\■외주부품 ISIR 승인서류 양식(KG 제조사 변경).xlsx,1095,2026-06-10,이미 있음(동일)
E:\기존 서류\이광재 부장 서류\기존서류 2\ISIR 서류모음\고객사 ISIR 서류모음\융진\융진 Y460\신화 Y460 HIGH ISIR 승인서류 2023.xlsm,07_품질,폴더(고객사 ISIR 서류모음),E:\SHINHWA\07_품질\2026\신화 Y460 HIGH ISIR 승인서류 2023.xlsm,10940,2026-06-10,이미 있음(동일)
E:\기존 서류\이광재 부장 서류\기존서류 2\ISIR 서류모음\고객사 ISIR 서류모음\융진\융진 Y460\신화 Y460 LOW ISIR 승인서류 2023.xlsm,07_품질,폴더(고객사 ISIR 서류모음),E:\SHINHWA\07_품질\2026\신화 Y460 LOW ISIR 승인서류 2023.xlsm,11803,2026-06-10,이미 있음(동일)
E:\기존 서류\이광재 부장 서류\기존서류 2\ISIR 서류모음\고객사 ISIR 서류모음\융진\융진 Y460\차종 현황.xlsx,07_품질,폴더(고객사 ISIR 서류모음),E:\SHINHWA\07_품질\2026\차종 현황.xlsx,16,2026-06-10,이미 있음(동일)
E:\기존 서류\이광재 부장 서류\기존서류 2\ISIR 서류모음\고객사 ISIR 서류모음\포레시아\PIPE ASS'Y DPR RR 2638409XF\00. 표지.xls,07_품질,폴더(고객사 ISIR 서류모음),E:\SHINHWA\07_품질\2026\00. 표지.xls,4326,2026-06-10,이미 있음(동일)
E:\기존 서류\이광재 부장 서류\기존서류 2\ISIR 서류모음\고객사 ISIR 서류모음\포레시아\PIPE ASS'Y DPR RR 2638409XF\1. 검사협정서_2638409XF.xls,07_품질,폴더(고객사 ISIR 서류모음),E:\SHINHWA\07_품질\2026\1. 검사협정서_2638409XF.xls,3324,2026-06-10,이미 있음(동일)
E:\기존 서류\이광재 부장 서류\기존서류 2\ISIR 서류모음\고객사 ISIR 서류모음\포레시아\PIPE ASS'Y DPR RR 2638409XF\10. 제조공정도-2638409XF.xls,07_품질,폴더(고객사 ISIR 서류모음),E:\SHINHWA\07_품질\2026\10. 제조공정도-2638409XF.xls,2524,2026-06-10,이미 있음(동일)
E:\기존 서류\이광재 부장 서류\기존서류 2\ISIR 서류모음\고객사 ISIR 서류모음\포레시아\PIPE ASS'Y DPR RR 2638409XF\12. 공정능력조사표2638409XF.xls,07_품질,폴더(고객사 ISIR 서류모음),E:\SHINHWA\07_품질\2026\12. 공정능력조사표2638409XF.xls,6460,2026-06-10,이미 있음(동일)
E:\기존 서류\이광재 부장 서류\기존서류 2\ISIR 서류모음\고객사 ISIR 서류모음\포레시아\PIPE ASS'Y DPR RR 2638409XF\18. 2차공급자현황2638409XF.xls,07_품질,폴더(고객사 ISIR 서류모음),E:\SHINHWA\07_품질\2026\18. 2차공급자현황2638409XF.xls,2596,2026-06-10,이미 있음(동일)
E:\기존 서류\이광재 부장 서류\기존서류 2\ISIR 서류모음\고객사 ISIR 서류모음\포레시아\PIPE ASS'Y DPR RR 2638409XF\19. 재질시험성적서-2638409XF.xls,07_품질,폴더(고객사 ISIR 서류모음),E:\SHINHWA\07_품질\2026\19. 재질시험성적서-2638409XF.xls,2962,2026-06-10,이미 있음(동일)
E:\기존 서류\이광재 부장 서류\기존서류 2\ISIR 서류모음\고객사 ISIR 서류모음\포레시아\PIPE ASS'Y DPR RR 2638409XF\2. 검사기준서_2638409XF.xls,07_품질,폴더(고객사 ISIR 서류모음),E:\SHINHWA\07_품질\2026\2. 검사기준서_2638409XF.xls,5488,2026-06-10,이미 있음(동일)
E:\기존 서류\이광재 부장 서류\기존서류 2\ISIR 서류모음\고객사 ISIR 서류모음\포레시아\PIPE ASS'Y DPR RR 2638409XF\20230818_28998-2r000_pipe_diff_rr.pdf,07_품질,폴더(고객사 ISIR 서류모음),E:\SHINHWA\07_품질\2026\20230818_28998-2r000_pipe_diff_rr.pdf,1939,2026-06-10,이미 있음(동일)
E:\기존 서류\이광재 부장 서류\기존서류 2\ISIR 서류모음\고객사 ISIR 서류모음\포레시아\PIPE ASS'Y DPR RR 2638409XF\20230818_28998-2r000_pipe_diff_rr.png,07_품질,폴더(고객사 ISIR 서류모음),E:\SHINHWA\07_품질\2026\20230818_28998-2r000_pipe_diff_rr.png,1493,2026-06-10,이미 있음(동일)
E:\기존 서류\이광재 부장 서류\기존서류 2\ISIR 서류모음\고객사 ISIR 서류모음\포레시아\PIPE ASS'Y DPR RR 2638409XF\20230818_28998-2r000_pipe_diff_rr.tif,07_품질,폴더(고객사 ISIR 서류모음),E:\SHINHWA\07_품질\2026\20230818_28998-2r000_pipe_diff_rr.tif,247,2026-06-10,이미 있음(동일)
E:\기존 서류\이광재 부장 서류\기존서류 2\ISIR 서류모음\고객사 ISIR 서류모음\포레시아\PIPE ASS'Y DPR RR 2638409XF\26. 공정감사대책서-2638409XF.ppt,07_품질,폴더(고객사 ISIR 서류모음),E:\SHINHWA\07_품질\2026\26. 공정감사대책서-2638409XF.ppt,1225,2026-06-10,이미 있음(동일)
E:\기존 서류\이광재 부장 서류\기존서류 2\ISIR 서류모음\고객사 ISIR 서류모음\포레시아\PIPE ASS'Y DPR RR 2638409XF\3. 초도품보증서_2638409XF.xls,07_품질,폴더(고객사 ISIR 서류모음),E:\SHINHWA\07_품질\2026\3. 초도품보증서_2638409XF.xls,2802,2026-06-10,이미 있음(동일)
E:\기존 서류\이광재 부장 서류\기존서류 2\ISIR 서류모음\고객사 ISIR 서류모음\포레시아\PIPE ASS'Y DPR RR 2638409XF\4. 검사성적서-2638409XF.xls,07_품질,폴더(고객사 ISIR 서류모음),E:\SHINHWA\07_품질\2026\4. 검사성적서-2638409XF.xls,3915,2026-06-10,이미 있음(동일)
E:\기존 서류\이광재 부장 서류\기존서류 2\ISIR 서류모음\고객사 ISIR 서류모음\포레시아\PIPE ASS'Y DPR RR 2638409XF\8. PFMEA-2638409XF.xls,07_품질,폴더(고객사 ISIR 서류모음),E:\SHINHWA\07_품질\2026\8. PFMEA-2638409XF.xls,1872,2026-06-10,이미 있음(동일)
E:\기존 서류\이광재 부장 서류\기존서류 2\ISIR 서류모음\고객사 ISIR 서류모음\포레시아\PIPE ASS'Y DPR RR 2638409XF\9. 관리계획서-2638409XF.xls,07_품질,폴더(고객사 ISIR 서류모음),E:\SHINHWA\07_품질\2026\9. 관리계획서-2638409XF.xls,3393,2026-06-10,이미 있음(동일)
E:\기존 서류\이광재 부장 서류\기존서류 2\ISIR 서류모음\고객사 ISIR 서류모음\포레시아\PIPE ASS'Y DPR RR 2638409XF\검사성적서_2638409XF-.xls,07_품질,폴더(고객사 ISIR 서류모음),E:\SHINHWA\07_품질\2026\검사성적서_2638409XF-.xls,4238,2026-06-10,이미 있음(동일)
E:\기존 서류\이광재 부장 서류\기존서류 2\ISIR 서류모음\고객사 ISIR 서류모음\포레시아\PIPE ASS'Y DPR RR 2638409XF\공정능력\11.0.jpg,07_품질,폴더(고객사 ISIR 서류모음),E:\SHINHWA\07_품질\2026\11.0.jpg,472,2026-06-10,이미 있음(동일)
E:\기존 서류\이광재 부장 서류\기존서류 2\ISIR 서류모음\고객사 ISIR 서류모음\포레시아\PIPE ASS'Y DPR RR 2638409XF\공정능력\27. 공정능력조사표(신규)-(9).xls,07_품질,폴더(고객사 ISIR 서류모음),E:\SHINHWA\07_품질\2026\27. 공정능력조사표(신규)-(9).xls,307,2026-06-10,이미 있음(동일)
E:\기존 서류\이광재 부장 서류\기존서류 2\ISIR 서류모음\고객사 ISIR 서류모음\포레시아\PIPE ASS'Y DPR RR 2638409XF\공정능력\9.0(1).jpg,07_품질,폴더(고객사 ISIR 서류모음),E:\SHINHWA\07_품질\2026\9.0(1).jpg,464,2026-06-10,이미 있음(동일)
E:\기존 서류\이광재 부장 서류\기존서류 2\ISIR 서류모음\고객사 ISIR 서류모음\포레시아\PIPE ASS'Y DPR RR 2638409XF\공정능력\9.0(2).jpg,07_품질,폴더(고객사 ISIR 서류모음),E:\SHINHWA\07_품질\2026\9.0(2).jpg,470,2026-06-10,이미 있음(동일)
E:\기존 서류\이광재 부장 서류\기존서류 2\ISIR 서류모음\고객사 ISIR 서류모음\포레시아\PIPE ASS'Y DPR RR 2638409XF\도면_28998-2r000_pipe_diff_rr.pdf,07_품질,폴더(고객사 ISIR 서류모음),E:\SHINHWA\07_품질\2026\도면_28998-2r000_pipe_diff_rr.pdf,1939,2026-06-10,이미 있음(동일)
E:\기존 서류\이광재 부장 서류\기존서류 2\ISIR 서류모음\고객사 ISIR 서류모음\포레시아\PIPE ASS'Y DPR RR 2638409XF\사양변경서\NEW-R엔진 DPF 차압파이프 사양변경서(포레시아).pptx,07_품질,폴더(고객사 ISIR 서류모음),E:\SHINHWA\07_품질\2026\NEW-R엔진 DPF 차압파이프 사양변경서(포레시아).pptx,1704,2026-06-10,이미 있음(동일)
E:\기존 서류\이광재 부장 서류\기존서류 2\ISIR 서류모음\고객사 ISIR 서류모음\포레시아\PIPE ASS'Y DPR RR 2638409XF\승인서류 PDF\9. 관리계획서-2638409XF.pdf,07_품질,폴더(고객사 ISIR 서류모음),E:\SHINHWA\07_품질\2026\9. 관리계획서-2638409XF.pdf,382,2026-06-10,이미 있음(동일)
E:\기존 서류\이광재 부장 서류\기존서류 2\ISIR 서류모음\고객사 ISIR 서류모음\포레시아\PIPE ASS'Y DPR RR 2638409XF\승인서류 PDF\검사기준서.pdf,07_품질,폴더(고객사 ISIR 서류모음),E:\SHINHWA\07_품질\2026\검사기준서.pdf,1041,2026-06-10,이미 있음(동일)
E:\기존 서류\이광재 부장 서류\기존서류 2\ISIR 서류모음\고객사 ISIR 서류모음\포레시아\PIPE ASS'Y DPR RR 2638409XF\승인서류 PDF\검사성적서.pdf,07_품질,폴더(고객사 ISIR 서류모음),E:\SHINHWA\07_품질\2026\검사성적서.pdf,521,2026-06-10,이미 있음(동일)
E:\기존 서류\이광재 부장 서류\기존서류 2\ISIR 서류모음\고객사 ISIR 서류모음\포레시아\PIPE ASS'Y DPR RR 2638409XF\승인서류 PDF\검사협정서.pdf,07_품질,폴더(고객사 ISIR 서류모음),E:\SHINHWA\07_품질\2026\검사협정서.pdf,854,2026-06-10,이미 있음(동일)
E:\기존 서류\이광재 부장 서류\기존서류 2\ISIR 서류모음\고객사 ISIR 서류모음\포레시아\PIPE ASS'Y DPR RR 2638409XF\승인서류 PDF\공정FMEA.pdf,07_품질,폴더(고객사 ISIR 서류모음),E:\SHINHWA\07_품질\2026\공정FMEA.pdf,1628,2026-06-10,이미 있음(동일)
E:\기존 서류\이광재 부장 서류\기존서류 2\ISIR 서류모음\고객사 ISIR 서류모음\포레시아\PIPE ASS'Y DPR RR 2638409XF\승인서류 PDF\관리계획서.pdf,07_품질,폴더(고객사 ISIR 서류모음),E:\SHINHWA\07_품질\2026\관리계획서.pdf,1807,2026-06-10,이미 있음(동일)
E:\기존 서류\이광재 부장 서류\기존서류 2\ISIR 서류모음\고객사 ISIR 서류모음\포레시아\PIPE ASS'Y DPR RR 2638409XF\승인서류 PDF\도면.pdf,07_품질,폴더(고객사 ISIR 서류모음),E:\SHINHWA\07_품질\2026\도면.pdf,459,2026-06-10,이미 있음(동일)
E:\기존 서류\이광재 부장 서류\기존서류 2\ISIR 서류모음\고객사 ISIR 서류모음\포레시아\PIPE ASS'Y DPR RR 2638409XF\승인서류 PDF\변경사유서.pdf,07_품질,폴더(고객사 ISIR 서류모음),E:\SHINHWA\07_품질\2026\변경사유서.pdf,1050,2026-06-10,이미 있음(동일)
E:\기존 서류\이광재 부장 서류\기존서류 2\ISIR 서류모음\고객사 ISIR 서류모음\포레시아\PIPE ASS'Y DPR RR 2638409XF\승인서류 PDF\용접품질성적서-2638409XF.pdf,07_품질,폴더(고객사 ISIR 서류모음),E:\SHINHWA\07_품질\2026\용접품질성적서-2638409XF.pdf,152,2026-06-10,이미 있음(동일)
E:\기존 서류\이광재 부장 서류\기존서류 2\ISIR 서류모음\고객사 ISIR 서류모음\포레시아\PIPE ASS'Y DPR RR 2638409XF\승인서류 PDF\용접품질성적서.pdf,07_품질,폴더(고객사 ISIR 서류모음),E:\SHINHWA\07_품질\2026\용접품질성적서.pdf,350,2026-06-10,이미 있음(동일)
"E:\기존 서류\이광재 부장 서류\기존서류 2\ISIR 서류모음\고객사 ISIR 서류모음\포레시아\PIPE ASS'Y DPR RR 2638409XF\승인서류 PDF\재질,중금속 성적서\200263001 C67S 재질).pdf",07_품질,"폴더(재질,중금속 성적서)",E:\SHINHWA\07_품질\2026\200263001 C67S 재질).pdf,675,2026-06-10,이미 있음(동일)
"E:\기존 서류\이광재 부장 서류\기존서류 2\ISIR 서류모음\고객사 ISIR 서류모음\포레시아\PIPE ASS'Y DPR RR 2638409XF\승인서류 PDF\재질,중금속 성적서\200263001 C67S 중금속.pdf",07_품질,"폴더(재질,중금속 성적서)",E:\SHINHWA\07_품질\2026\200263001 C67S 중금속.pdf,131,2026-06-10,이미 있음(동일)
"E:\기존 서류\이광재 부장 서류\기존서류 2\ISIR 서류모음\고객사 ISIR 서류모음\포레시아\PIPE ASS'Y DPR RR 2638409XF\승인서류 PDF\재질,중금속 성적서\SJ304-1.0T2302.pdf",07_품질,"폴더(재질,중금속 성적서)",E:\SHINHWA\07_품질\2026\SJ304-1.0T2302.pdf,560,2026-06-10,이미 있음(동일)
"E:\기존 서류\이광재 부장 서류\기존서류 2\ISIR 서류모음\고객사 ISIR 서류모음\포레시아\PIPE ASS'Y DPR RR 2638409XF\승인서류 PDF\재질,중금속 성적서\STS 304 중금속 성적서.pdf",07_품질,"폴더(재질,중금속 성적서)",E:\SHINHWA\07_품질\2026\STS 304 중금속 성적서.pdf,541,2026-06-10,이미 있음(동일)
"E:\기존 서류\이광재 부장 서류\기존서류 2\ISIR 서류모음\고객사 ISIR 서류모음\포레시아\PIPE ASS'Y DPR RR 2638409XF\승인서류 PDF\재질,중금속 성적서\STS304 2.0t 재질성적서_230427.pdf",07_품질,"폴더(재질,중금속 성적서)",E:\SHINHWA\07_품질\2026\STS304 2.0t 재질성적서_230427.pdf,254,2026-06-10,이미 있음(동일)
"E:\기존 서류\이광재 부장 서류\기존서류 2\ISIR 서류모음\고객사 ISIR 서류모음\포레시아\PIPE ASS'Y DPR RR 2638409XF\승인서류 PDF\재질,중금속 성적서\SUS303C 재질 성적서_육각봉.pdf",07_품질,"폴더(재질,중금속 성적서)",E:\SHINHWA\07_품질\2026\SUS303C 재질 성적서_육각봉.pdf,479,2026-06-10,이미 있음(동일)
"E:\기존 서류\이광재 부장 서류\기존서류 2\ISIR 서류모음\고객사 ISIR 서류모음\포레시아\PIPE ASS'Y DPR RR 2638409XF\승인서류 PDF\재질,중금속 성적서\SUS303C 중금속 성적서.pdf",07_품질,"폴더(재질,중금속 성적서)",E:\SHINHWA\07_품질\2026\SUS303C 중금속 성적서.pdf,467,2026-06-10,이미 있음(동일)
E:\기존 서류\이광재 부장 서류\기존서류 2\ISIR 서류모음\고객사 ISIR 서류모음\포레시아\PIPE ASS'Y DPR RR 2638409XF\승인서류 PDF\재질성적서및 중금속성적서.pdf,07_품질,폴더(고객사 ISIR 서류모음),E:\SHINHWA\07_품질\2026\재질성적서및 중금속성적서.pdf,5656,2026-06-10,이미 있음(동일)
E:\기존 서류\이광재 부장 서류\기존서류 2\ISIR 서류모음\고객사 ISIR 서류모음\포레시아\PIPE ASS'Y DPR RR 2638409XF\승인서류 PDF\초도품보증서.pdf,07_품질,폴더(고객사 ISIR 서류모음),E:\SHINHWA\07_품질\2026\초도품보증서.pdf,438,2026-06-10,이미 있음(동일)
E:\기존 서류\이광재 부장 서류\기존서류 2\ISIR 서류모음\고객사 ISIR 서류모음\포레시아\PIPE ASS'Y DPR RR 2638409XF\용접품질성적서-2638409XF.xlsx,07_품질,폴더(고객사 ISIR 서류모음),E:\SHINHWA\07_품질\2026\용접품질성적서-2638409XF.xlsx,764,2026-06-10,이미 있음(동일)
"E:\기존 서류\이광재 부장 서류\기존서류 2\ISIR 서류모음\고객사 ISIR 서류모음\포레시아\PIPE ASS'Y DPR RR 2638409XF\재질,중금속 성적서\200263001 C67S 재질).pdf",07_품질,"폴더(재질,중금속 성적서)",E:\SHINHWA\07_품질\2026\200263001 C67S 재질).pdf,675,2026-06-10,이미 있음(동일)
"E:\기존 서류\이광재 부장 서류\기존서류 2\ISIR 서류모음\고객사 ISIR 서류모음\포레시아\PIPE ASS'Y DPR RR 2638409XF\재질,중금속 성적서\200263001 C67S 중금속.pdf",07_품질,"폴더(재질,중금속 성적서)",E:\SHINHWA\07_품질\2026\200263001 C67S 중금속.pdf,131,2026-06-10,이미 있음(동일)
"E:\기존 서류\이광재 부장 서류\기존서류 2\ISIR 서류모음\고객사 ISIR 서류모음\포레시아\PIPE ASS'Y DPR RR 2638409XF\재질,중금속 성적서\SJ304-1.0T2302.pdf",07_품질,"폴더(재질,중금속 성적서)",E:\SHINHWA\07_품질\2026\SJ304-1.0T2302.pdf,560,2026-06-10,이미 있음(동일)
"E:\기존 서류\이광재 부장 서류\기존서류 2\ISIR 서류모음\고객사 ISIR 서류모음\포레시아\PIPE ASS'Y DPR RR 2638409XF\재질,중금속 성적서\STS 304 중금속 성적서.pdf",07_품질,"폴더(재질,중금속 성적서)",E:\SHINHWA\07_품질\2026\STS 304 중금속 성적서.pdf,541,2026-06-10,이미 있음(동일)
"E:\기존 서류\이광재 부장 서류\기존서류 2\ISIR 서류모음\고객사 ISIR 서류모음\포레시아\PIPE ASS'Y DPR RR 2638409XF\재질,중금속 성적서\STS304 2.0t 재질성적서_230427.pdf",07_품질,"폴더(재질,중금속 성적서)",E:\SHINHWA\07_품질\2026\STS304 2.0t 재질성적서_230427.pdf,254,2026-06-10,이미 있음(동일)
"E:\기존 서류\이광재 부장 서류\기존서류 2\ISIR 서류모음\고객사 ISIR 서류모음\포레시아\PIPE ASS'Y DPR RR 2638409XF\재질,중금속 성적서\SUS303C 재질 성적서_육각봉.pdf",07_품질,"폴더(재질,중금속 성적서)",E:\SHINHWA\07_품질\2026\SUS303C 재질 성적서_육각봉.pdf,479,2026-06-10,이미 있음(동일)
"E:\기존 서류\이광재 부장 서류\기존서류 2\ISIR 서류모음\고객사 ISIR 서류모음\포레시아\PIPE ASS'Y DPR RR 2638409XF\재질,중금속 성적서\SUS303C 중금속 성적서.pdf",07_품질,"폴더(재질,중금속 성적서)",E:\SHINHWA\07_품질\2026\SUS303C 중금속 성적서.pdf,467,2026-06-10,이미 있음(동일)
E:\기존 서류\이광재 부장 서류\기존서류 2\ISIR 서류모음\고객사 ISIR 서류모음\포레시아\PIPE ASS'Y DPR RR 2638409XF\협력사 공정감사-2638409XF.xls,07_품질,폴더(고객사 ISIR 서류모음),E:\SHINHWA\07_품질\2026\협력사 공정감사-2638409XF.xls,4298,2026-06-10,이미 있음(동일)
E:\기존 서류\이광재 부장 서류\기존서류 2\ISIR 서류모음\협력사 ISIR 서류모음\CUTTING 업체\아보텍\AB-KS-01_ISIR 서류 (12x1.2x218.5) _ A3103WH_21.06.25.xlsx,07_품질,폴더(협력사 ISIR 서류모음),E:\SHINHWA\07_품질\2026\AB-KS-01_ISIR 서류 (12x1.2x218.5) _ A3103WH_21.06.25.xlsx,4794,2026-06-10,이미 있음(동일)
E:\기존 서류\이광재 부장 서류\기존서류 2\ISIR 서류모음\협력사 ISIR 서류모음\CUTTING 업체\아보텍\ISIR (Ø14×1t×288.5L)_아보텍.xls,07_품질,폴더(협력사 ISIR 서류모음),E:\SHINHWA\07_품질\2026\ISIR (Ø14×1t×288.5L)_아보텍.xls,2685,2026-06-10,이미 있음(동일)
E:\기존 서류\이광재 부장 서류\기존서류 2\ISIR 서류모음\협력사 ISIR 서류모음\CUTTING 업체\아보텍\ISIR (Ø23×1t×280L)_아보텍.xls,07_품질,폴더(협력사 ISIR 서류모음),E:\SHINHWA\07_품질\2026\ISIR (Ø23×1t×280L)_아보텍.xls,2691,2026-06-10,이미 있음(동일)
E:\기존 서류\이광재 부장 서류\기존서류 2\ISIR 서류모음\협력사 ISIR 서류모음\CUTTING 업체\아보텍\ISIR 12X1.2X218.5 WH-AB-01.xlsx,07_품질,폴더(협력사 ISIR 서류모음),E:\SHINHWA\07_품질\2026\ISIR 12X1.2X218.5 WH-AB-01.xlsx,11585,2026-06-10,이미 있음(동일)
E:\기존 서류\이광재 부장 서류\기존서류 2\ISIR 서류모음\협력사 ISIR 서류모음\CUTTING 업체\아보텍\ISIR 8X1.0X532 WH-AB-02.xlsx,07_품질,폴더(협력사 ISIR 서류모음),E:\SHINHWA\07_품질\2026\ISIR 8X1.0X532 WH-AB-02.xlsx,11584,2026-06-10,이미 있음(동일)
E:\기존 서류\이광재 부장 서류\기존서류 2\ISIR 서류모음\협력사 ISIR 서류모음\CUTTING 업체\정종공업\ISIR (T1XX).xlsx,07_품질,폴더(협력사 ISIR 서류모음),E:\SHINHWA\07_품질\2026\ISIR (T1XX).xlsx,303,2026-06-10,이미 있음(동일)
E:\기존 서류\이광재 부장 서류\기존서류 2\ISIR 서류모음\협력사 ISIR 서류모음\FLANGE업체\다온텍\(주)다온이노베이션_(주)신화에이치앤티 DN8 N M8(핀有) JOINT FLANGE BLOCK ISIR.xlsx,07_품질,폴더(협력사 ISIR 서류모음),E:\SHINHWA\07_품질\2026\(주)다온이노베이션_(주)신화에이치앤티 DN8 N M8(핀有) JOINT FLANGE BLOCK ISIR.xlsx,1501,2026-06-10,이미 있음(동일)
E:\기존 서류\이광재 부장 서류\기존서류 2\ISIR 서류모음\협력사 ISIR 서류모음\FLANGE업체\다온텍\(주)다온이노베이션_(주)신화에이치앤티 DN8 N M8(핀無) JOINT FLANGE BLOCK ISIR.xlsx,07_품질,폴더(협력사 ISIR 서류모음),E:\SHINHWA\07_품질\2026\(주)다온이노베이션_(주)신화에이치앤티 DN8 N M8(핀無) JOINT FLANGE BLOCK ISIR.xlsx,1479,2026-06-10,이미 있음(동일)
E:\기존 서류\이광재 부장 서류\기존서류 2\ISIR 서류모음\협력사 ISIR 서류모음\FLANGE업체\다온텍\(주)다온이노베이션_(주)신화에이치앤티 DN8(HEV) M8(핀有) JOINT FLANGE BLOCK ISIR.xlsx,07_품질,폴더(협력사 ISIR 서류모음),E:\SHINHWA\07_품질\2026\(주)다온이노베이션_(주)신화에이치앤티 DN8(HEV) M8(핀有) JOINT FLANGE BLOCK ISIR.xlsx,1499,2026-06-10,이미 있음(동일)
E:\기존 서류\이광재 부장 서류\기존서류 2\ISIR 서류모음\협력사 ISIR 서류모음\FLANGE업체\다온텍\(주)다온이노베이션_(주)신화에이치앤티 DN8(HEV) M8(핀無) JOINT FLANGE BLOCK ISIR.xlsx,07_품질,폴더(협력사 ISIR 서류모음),E:\SHINHWA\07_품질\2026\(주)다온이노베이션_(주)신화에이치앤티 DN8(HEV) M8(핀無) JOINT FLANGE BLOCK ISIR.xlsx,1464,2026-06-10,이미 있음(동일)
E:\기존 서류\이광재 부장 서류\기존서류 2\ISIR 서류모음\협력사 ISIR 서류모음\FLANGE업체\다온텍\(주)다온이노베이션_(주)신화에이치앤티 DN8(TGDI) M8(핀無) JOINT FLANGE BLOCK ISIR.xlsx,07_품질,폴더(협력사 ISIR 서류모음),E:\SHINHWA\07_품질\2026\(주)다온이노베이션_(주)신화에이치앤티 DN8(TGDI) M8(핀無) JOINT FLANGE BLOCK ISIR.xlsx,1441,2026-06-10,이미 있음(동일)
E:\기존 서류\이광재 부장 서류\기존서류 2\ISIR 서류모음\협력사 ISIR 서류모음\FLANGE업체\다온텍\CD TGDI JOINT FLANGE ISIR(신냉매).xlsx,07_품질,폴더(협력사 ISIR 서류모음),E:\SHINHWA\07_품질\2026\CD TGDI JOINT FLANGE ISIR(신냉매).xlsx,975,2026-06-10,이미 있음(동일)
E:\기존 서류\이광재 부장 서류\기존서류 2\ISIR 서류모음\협력사 ISIR 서류모음\FLANGE업체\다온텍\DN8 N GSL JOINT FLANGE ISIR(구냉매).xlsx,07_품질,폴더(협력사 ISIR 서류모음),E:\SHINHWA\07_품질\2026\DN8 N GSL JOINT FLANGE ISIR(구냉매).xlsx,3478,2026-06-10,이미 있음(동일)
E:\기존 서류\이광재 부장 서류\기존서류 2\ISIR 서류모음\협력사 ISIR 서류모음\FLANGE업체\다온텍\DN8 N GSL JOINT FLANGE ISIR(신냉매).xlsx,07_품질,폴더(협력사 ISIR 서류모음),E:\SHINHWA\07_품질\2026\DN8 N GSL JOINT FLANGE ISIR(신냉매).xlsx,3475,2026-06-10,이미 있음(동일)
E:\기존 서류\이광재 부장 서류\기존서류 2\ISIR 서류모음\협력사 ISIR 서류모음\FLANGE업체\범원\CN7(TGDI)_구냉매 ISRI 서류.xlsx,07_품질,폴더(협력사 ISIR 서류모음),E:\SHINHWA\07_품질\2026\CN7(TGDI)_구냉매 ISRI 서류.xlsx,865,2026-06-10,이미 있음(동일)
E:\기존 서류\이광재 부장 서류\기존서류 2\ISIR 서류모음\협력사 ISIR 서류모음\FLANGE업체\범원\CN7(TGDI)_신냉매 ISRI 서류.xlsx,07_품질,폴더(협력사 ISIR 서류모음),E:\SHINHWA\07_품질\2026\CN7(TGDI)_신냉매 ISRI 서류.xlsx,965,2026-06-10,이미 있음(동일)
E:\기존 서류\이광재 부장 서류\기존서류 2\ISIR 서류모음\협력사 ISIR 서류모음\FLANGE업체\범원\DN8(HEV)_구냉매 ISRI 서류.xlsx,07_품질,폴더(협력사 ISIR 서류모음),E:\SHINHWA\07_품질\2026\DN8(HEV)_구냉매 ISRI 서류.xlsx,858,2026-06-10,이미 있음(동일)
E:\기존 서류\이광재 부장 서류\기존서류 2\ISIR 서류모음\협력사 ISIR 서류모음\FLANGE업체\범원\DN8(HEV)_신냉매 ISRI 서류.xlsx,07_품질,폴더(협력사 ISIR 서류모음),E:\SHINHWA\07_품질\2026\DN8(HEV)_신냉매 ISRI 서류.xlsx,919,2026-06-10,이미 있음(동일)
E:\기존 서류\이광재 부장 서류\기존서류 2\ISIR 서류모음\협력사 ISIR 서류모음\FLANGE업체\아이정밀\191010 ISIR_BD 구냉매.xlsx,07_품질,폴더(협력사 ISIR 서류모음),E:\SHINHWA\07_품질\2026\191010 ISIR_BD 구냉매.xlsx,2265,2026-06-10,이미 있음(동일)
E:\기존 서류\이광재 부장 서류\기존서류 2\ISIR 서류모음\협력사 ISIR 서류모음\FLANGE업체\아이정밀\191010 ISIR_BD 신냉매.xlsx,07_품질,폴더(협력사 ISIR 서류모음),E:\SHINHWA\07_품질\2026\191010 ISIR_BD 신냉매.xlsx,2537,2026-06-10,이미 있음(동일)
E:\기존 서류\이광재 부장 서류\기존서류 2\ISIR 서류모음\협력사 ISIR 서류모음\FLANGE업체\아이정밀\200923 ISIR_PDE 카파개선 신냉매.xlsx,07_품질,폴더(협력사 ISIR 서류모음),E:\SHINHWA\07_품질\2026\200923 ISIR_PDE 카파개선 신냉매.xlsx,2806,2026-06-10,이미 있음(동일)
E:\기존 서류\이광재 부장 서류\기존서류 2\ISIR 서류모음\협력사 ISIR 서류모음\FLANGE업체\아이정밀\200923 ISIR_PDEN PE 구냉매.xlsx,07_품질,폴더(협력사 ISIR 서류모음),E:\SHINHWA\07_품질\2026\200923 ISIR_PDEN PE 구냉매.xlsx,2570,2026-06-10,이미 있음(동일)
E:\기존 서류\이광재 부장 서류\기존서류 2\ISIR 서류모음\협력사 ISIR 서류모음\FLANGE업체\아이정밀\200923 ISIR_PDEN PE 신냉매.xlsx,07_품질,폴더(협력사 ISIR 서류모음),E:\SHINHWA\07_품질\2026\200923 ISIR_PDEN PE 신냉매.xlsx,2805,2026-06-10,이미 있음(동일)
E:\기존 서류\이광재 부장 서류\기존서류 2\ISIR 서류모음\협력사 ISIR 서류모음\FLANGE업체\아이정밀\MD ISIR서류 (1) (1) AS.xlsx,07_품질,폴더(협력사 ISIR 서류모음),E:\SHINHWA\07_품질\2026\MD ISIR서류 (1) (1) AS.xlsx,863,2026-06-10,이미 있음(동일)
E:\기존 서류\이광재 부장 서류\기존서류 2\ISIR 서류모음\협력사 ISIR 서류모음\FLANGE업체\아이정밀\MD ISIR서류 (2) (1) AS.xlsx,07_품질,폴더(협력사 ISIR 서류모음),E:\SHINHWA\07_품질\2026\MD ISIR서류 (2) (1) AS.xlsx,744,2026-06-10,이미 있음(동일)
E:\기존 서류\이광재 부장 서류\기존서류 2\ISIR 서류모음\협력사 ISIR 서류모음\FLANGE업체\아이정밀\PS-CAR ISIR(20150128-08) (1) AS.xlsx,07_품질,폴더(협력사 ISIR 서류모음),E:\SHINHWA\07_품질\2026\PS-CAR ISIR(20150128-08) (1) AS.xlsx,883,2026-06-10,이미 있음(동일)
E:\기존 서류\이광재 부장 서류\기존서류 2\ISIR 서류모음\협력사 ISIR 서류모음\FLANGE업체\아이정밀\SA-FL ISIR(20150128-05) (1) AS.xlsx,07_품질,폴더(협력사 ISIR 서류모음),E:\SHINHWA\07_품질\2026\SA-FL ISIR(20150128-05) (1) AS.xlsx,870,2026-06-10,이미 있음(동일)
E:\기존 서류\이광재 부장 서류\기존서류 2\ISIR 서류모음\협력사 ISIR 서류모음\FLANGE업체\아이정밀\YF-13MY ISIR(20150128-01) (1) AS.xlsx,07_품질,폴더(협력사 ISIR 서류모음),E:\SHINHWA\07_품질\2026\YF-13MY ISIR(20150128-01) (1) AS.xlsx,884,2026-06-10,이미 있음(동일)
E:\기존 서류\이광재 부장 서류\기존서류 2\ISIR 서류모음\협력사 ISIR 서류모음\FLANGE업체\주신정밀 SC\20160511_F841YTHAA01_ISIR승인서류[JS-52].xls,07_품질,폴더(협력사 ISIR 서류모음),E:\SHINHWA\07_품질\2026\20160511_F841YTHAA01_ISIR승인서류[JS-52].xls,9080,2026-06-10,이미 있음(동일)
E:\기존 서류\이광재 부장 서류\기존서류 2\ISIR 서류모음\협력사 ISIR 서류모음\FLANGE업체\주신정밀 SC\20160511_F842YTHAA01_ISIR승인서류[JS-53] (1).xls,07_품질,폴더(협력사 ISIR 서류모음),E:\SHINHWA\07_품질\2026\20160511_F842YTHAA01_ISIR승인서류[JS-53] (1).xls,9054,2026-06-10,이미 있음(동일)
E:\기존 서류\이광재 부장 서류\기존서류 2\ISIR 서류모음\협력사 ISIR 서류모음\FLANGE업체\주신정밀 SC\20160511_F842YTHAA01_ISIR승인서류[JS-53].xls,07_품질,폴더(협력사 ISIR 서류모음),E:\SHINHWA\07_품질\2026\20160511_F842YTHAA01_ISIR승인서류[JS-53].xls,9027,2026-06-10,이미 있음(동일)
E:\기존 서류\이광재 부장 서류\기존서류 2\ISIR 서류모음\협력사 ISIR 서류모음\FLANGE업체\주신정밀\20191014_CN7_HC830CNKAA01(구)_ISIR승인서류[JS-69].xlsx,07_품질,폴더(협력사 ISIR 서류모음),E:\SHINHWA\07_품질\2026\20191014_CN7_HC830CNKAA01(구)_ISIR승인서류[JS-69].xlsx,1945,2026-06-10,이미 있음(동일)
E:\기존 서류\이광재 부장 서류\기존서류 2\ISIR 서류모음\협력사 ISIR 서류모음\FLANGE업체\주신정밀\20191014_CN7_HC830CNKBA01(신)_ISIR승인서류[JS-70].xlsx,07_품질,폴더(협력사 ISIR 서류모음),E:\SHINHWA\07_품질\2026\20191014_CN7_HC830CNKBA01(신)_ISIR승인서류[JS-70].xlsx,1958,2026-06-10,이미 있음(동일)
E:\기존 서류\이광재 부장 서류\기존서류 2\ISIR 서류모음\협력사 ISIR 서류모음\FLANGE업체\주신정밀\20221216_HC830CXGAA-06_JA_TOX_ISIR승인서류.xlsx,07_품질,폴더(협력사 ISIR 서류모음),E:\SHINHWA\07_품질\2026\20221216_HC830CXGAA-06_JA_TOX_ISIR승인서류.xlsx,3291,2026-06-10,이미 있음(동일)
E:\기존 서류\이광재 부장 서류\기존서류 2\ISIR 서류모음\협력사 ISIR 서류모음\FLANGE업체\주신정밀\20221216_HC830CXGAC-03_JA_TOX_ISIR승인서류.xlsx,07_품질,폴더(협력사 ISIR 서류모음),E:\SHINHWA\07_품질\2026\20221216_HC830CXGAC-03_JA_TOX_ISIR승인서류.xlsx,3289,2026-06-10,이미 있음(동일)
E:\기존 서류\이광재 부장 서류\기존서류 2\ISIR 서류모음\협력사 ISIR 서류모음\FLANGE업체\주신정밀\20240206_HD__ISIR승인서류[JS-07].xlsx,07_품질,폴더(협력사 ISIR 서류모음),E:\SHINHWA\07_품질\2026\20240206_HD__ISIR승인서류[JS-07].xlsx,415,2026-06-10,이미 있음(동일)
E:\기존 서류\이광재 부장 서류\기존서류 2\ISIR 서류모음\협력사 ISIR 서류모음\FLANGE업체\주신정밀\20240206_TA-CAR_ISIR승인서류[JS-05].xls,07_품질,폴더(협력사 ISIR 서류모음),E:\SHINHWA\07_품질\2026\20240206_TA-CAR_ISIR승인서류[JS-05].xls,7402,2026-06-10,이미 있음(동일)
E:\기존 서류\이광재 부장 서류\기존서류 2\검사공정 자격 인증서 및 평가\2023 검사원 자격인증 평가표(2023년).xlsx,07_품질,폴더(검사공정 자격 인증서 및 평가),E:\SHINHWA\07_품질\2026\2023 검사원 자격인증 평가표(2023년).xlsx,48,2026-06-10,이미 있음(동일)
E:\기존 서류\이광재 부장 서류\기존서류 2\검사공정 자격 인증서 및 평가\검사공정 자격 인증서 및 평가.zip,07_품질,폴더(검사공정 자격 인증서 및 평가),E:\SHINHWA\07_품질\2026\검사공정 자격 인증서 및 평가.zip,101704,2026-06-10,이미 있음(동일)
E:\기존 서류\이광재 부장 서류\기존서류 2\검사공정 자격 인증서 및 평가\검사공정 자격 인증서(2023) (1팀).xlsx,07_품질,폴더(검사공정 자격 인증서 및 평가),E:\SHINHWA\07_품질\2026\검사공정 자격 인증서(2023) (1팀).xlsx,25181,2026-06-10,복사 → E:\SHINHWA\07_품질\2026\검사공정 자격 인증서(2023) (1팀)_v2.xlsx
E:\기존 서류\이광재 부장 서류\기존서류 2\검사공정 자격 인증서 및 평가\검사공정 자격 인증서(2023) (2팀).xlsx,07_품질,폴더(검사공정 자격 인증서 및 평가),E:\SHINHWA\07_품질\2026\검사공정 자격 인증서(2023) (2팀).xlsx,62235,2026-06-10,이미 있음(동일)
E:\기존 서류\이광재 부장 서류\기존서류 2\검사공정 자격 인증서 및 평가\검사공정 자격 인증서(2023) (3팀).xlsx,07_품질,폴더(검사공정 자격 인증서 및 평가),E:\SHINHWA\07_품질\2026\검사공정 자격 인증서(2023) (3팀).xlsx,581,2026-06-10,이미 있음(동일)
E:\기존 서류\이광재 부장 서류\기존서류 2\검사공정 자격 인증서 및 평가\검사공정 자격 인증서(2023) (거용접).xlsx,07_품질,폴더(검사공정 자격 인증서 및 평가),E:\SHINHWA\07_품질\2026\검사공정 자격 인증서(2023) (거용접).xlsx,2213,2026-06-10,이미 있음(동일)
E:\기존 서류\이광재 부장 서류\기존서류 2\검사공정 자격 인증서 및 평가\검사공정 자격 인증서(2023) (검사원).xlsx,07_품질,폴더(검사공정 자격 인증서 및 평가),E:\SHINHWA\07_품질\2026\검사공정 자격 인증서(2023) (검사원).xlsx,915,2026-06-10,이미 있음(동일)
E:\기존 서류\이광재 부장 서류\기존서류 2\검사공정 자격 인증서 및 평가\특수공정 자격 인증서(2023) (용접팀).xls,07_품질,폴더(검사공정 자격 인증서 및 평가),E:\SHINHWA\07_품질\2026\특수공정 자격 인증서(2023) (용접팀).xls,11068,2026-06-10,복사 → E:\SHINHWA\07_품질\2026\특수공정 자격 인증서(2023) (용접팀)_v2.xls
E:\기존 서류\이광재 부장 서류\기존서류 2\기타등등\사급품 검사완료.xlsx,07_품질,파일명,E:\SHINHWA\07_품질\2026\사급품 검사완료.xlsx,12,2026-06-10,이미 있음(동일)
E:\기존 서류\이광재 부장 서류\기존서류 2\세척검사\다인펜 구매처 (1).jpg,07_품질,폴더(세척검사),E:\SHINHWA\07_품질\2026\다인펜 구매처 (1).jpg,3515,2026-06-10,이미 있음(동일)
E:\기존 서류\이광재 부장 서류\기존서류 2\세척검사\세척 검사성적서(240226) (3).xls,07_품질,폴더(세척검사),E:\SHINHWA\07_품질\2026\세척 검사성적서(240226) (3).xls,285,2026-06-10,이미 있음(동일)
E:\기존 서류\이광재 부장 서류\기존서류 2\수입검사 LIST(유.무검사)\무검사대상 품목 지정 LIST.xlsx,07_품질,폴더(수입검사 LIST(유.무검사)),E:\SHINHWA\07_품질\2026\무검사대상 품목 지정 LIST.xlsx,16,2026-06-10,이미 있음(동일)
E:\기존 서류\이광재 부장 서류\기존서류 2\수입검사 LIST(유.무검사)\유검사대상 품목 지정 LIST.xlsx,07_품질,폴더(수입검사 LIST(유.무검사)),E:\SHINHWA\07_품질\2026\유검사대상 품목 지정 LIST.xlsx,18,2026-06-10,이미 있음(동일)
E:\기존 서류\이광재 부장 서류\기존서류 2\수입검사 양식\1. 수입검사지침서.xls,07_품질,폴더(수입검사 양식),E:\SHINHWA\07_품질\2026\1. 수입검사지침서.xls,5071,2026-06-10,이미 있음(동일)
E:\기존 서류\이광재 부장 서류\기존서류 2\수입검사 양식\2. 외관검사지침서.xls,07_품질,폴더(수입검사 양식),E:\SHINHWA\07_품질\2026\2. 외관검사지침서.xls,8593,2026-06-10,이미 있음(동일)
"E:\기존 서류\이광재 부장 서류\기존서류 2\수입검사 양식\검사기준서, 협정서 양식.xlsx",07_품질,폴더(수입검사 양식),"E:\SHINHWA\07_품질\2026\검사기준서, 협정서 양식.xlsx",157,2026-06-10,이미 있음(동일)
E:\기존 서류\이광재 부장 서류\기존서류 2\수입검사(1)\ISIR 서류모음\고객사 ISIR 서류모음\대한냉열\2024.02.28 입고 성적서 AX EV.pdf,07_품질,폴더(고객사 ISIR 서류모음),E:\SHINHWA\07_품질\2026\2024.02.28 입고 성적서 AX EV.pdf,217,2026-06-10,이미 있음(동일)
E:\기존 서류\이광재 부장 서류\기존서류 2\수입검사(1)\ISIR 서류모음\고객사 ISIR 서류모음\대한냉열\CPK.xlsx,07_품질,폴더(고객사 ISIR 서류모음),E:\SHINHWA\07_품질\2026\CPK.xlsx,1838,2026-06-10,이미 있음(동일)
E:\기존 서류\이광재 부장 서류\기존서류 2\수입검사(1)\ISIR 서류모음\고객사 ISIR 서류모음\대한냉열\DHC05-PI-02053_Outer pipe_20221013.dwg,07_품질,폴더(고객사 ISIR 서류모음),E:\SHINHWA\07_품질\2026\DHC05-PI-02053_Outer pipe_20221013.dwg,251,2026-06-10,이미 있음(동일)
E:\기존 서류\이광재 부장 서류\기존서류 2\수입검사(1)\ISIR 서류모음\고객사 ISIR 서류모음\대한냉열\DHC05-PI-02053_Outer pipe_20221013.pdf,07_품질,폴더(고객사 ISIR 서류모음),E:\SHINHWA\07_품질\2026\DHC05-PI-02053_Outer pipe_20221013.pdf,59,2026-06-10,이미 있음(동일)
E:\기존 서류\이광재 부장 서류\기존서류 2\수입검사(1)\ISIR 서류모음\고객사 ISIR 서류모음\대한냉열\OUTER PIPE CHECKER 검사 성적서.xls,07_품질,폴더(고객사 ISIR 서류모음),E:\SHINHWA\07_품질\2026\OUTER PIPE CHECKER 검사 성적서.xls,6254,2026-06-10,이미 있음(동일)
E:\기존 서류\이광재 부장 서류\기존서류 2\수입검사(1)\ISIR 서류모음\고객사 ISIR 서류모음\대한냉열\OUTER PIPE_AXEV ACC_DHC05-PI-02054-000_231220 성적서도면.pdf,07_품질,폴더(고객사 ISIR 서류모음),E:\SHINHWA\07_품질\2026\OUTER PIPE_AXEV ACC_DHC05-PI-02054-000_231220 성적서도면.pdf,673,2026-06-10,이미 있음(동일)
E:\기존 서류\이광재 부장 서류\기존서류 2\수입검사(1)\ISIR 서류모음\고객사 ISIR 서류모음\대한냉열\Outer pipe_#1.txt,07_품질,폴더(고객사 ISIR 서류모음),E:\SHINHWA\07_품질\2026\Outer pipe_#1.txt,2,2026-06-10,이미 있음(동일)
E:\기존 서류\이광재 부장 서류\기존서류 2\수입검사(1)\ISIR 서류모음\고객사 ISIR 서류모음\대한냉열\Outer pipe_#2.txt,07_품질,폴더(고객사 ISIR 서류모음),E:\SHINHWA\07_품질\2026\Outer pipe_#2.txt,2,2026-06-10,이미 있음(동일)
E:\기존 서류\이광재 부장 서류\기존서류 2\수입검사(1)\ISIR 서류모음\고객사 ISIR 서류모음\대한냉열\Outer pipe_#3.txt,07_품질,폴더(고객사 ISIR 서류모음),E:\SHINHWA\07_품질\2026\Outer pipe_#3.txt,2,2026-06-10,이미 있음(동일)
E:\기존 서류\이광재 부장 서류\기존서류 2\수입검사(1)\ISIR 서류모음\고객사 ISIR 서류모음\대한냉열\Outer pipe_#4.txt,07_품질,폴더(고객사 ISIR 서류모음),E:\SHINHWA\07_품질\2026\Outer pipe_#4.txt,2,2026-06-10,이미 있음(동일)
E:\기존 서류\이광재 부장 서류\기존서류 2\수입검사(1)\ISIR 서류모음\고객사 ISIR 서류모음\대한냉열\Outer pipe_#5.txt,07_품질,폴더(고객사 ISIR 서류모음),E:\SHINHWA\07_품질\2026\Outer pipe_#5.txt,2,2026-06-10,이미 있음(동일)
E:\기존 서류\이광재 부장 서류\기존서류 2\수입검사(1)\ISIR 서류모음\고객사 ISIR 서류모음\대한냉열\대한냉열 AX EV ISIR.pdf,07_품질,폴더(고객사 ISIR 서류모음),E:\SHINHWA\07_품질\2026\대한냉열 AX EV ISIR.pdf,9922,2026-06-10,이미 있음(동일)
E:\기존 서류\이광재 부장 서류\기존서류 2\수입검사(1)\ISIR 서류모음\고객사 ISIR 서류모음\대한냉열\대한냉열 품 측정 data.zip,07_품질,폴더(고객사 ISIR 서류모음),E:\SHINHWA\07_품질\2026\대한냉열 품 측정 data.zip,3,2026-06-10,이미 있음(동일)
E:\기존 서류\이광재 부장 서류\기존서류 2\수입검사(1)\ISIR 서류모음\고객사 ISIR 서류모음\대한냉열\승인서류_신화에이치앤티_DHC05-PI-02054_Outer pipe 20240202.xls,07_품질,폴더(고객사 ISIR 서류모음),E:\SHINHWA\07_품질\2026\승인서류_신화에이치앤티_DHC05-PI-02054_Outer pipe 20240202.xls,8100,2026-06-10,이미 있음(동일)
E:\기존 서류\이광재 부장 서류\기존서류 2\수입검사(1)\ISIR 서류모음\고객사 ISIR 서류모음\대한냉열\승인서류_프리텍코리아_CV EV OUTER PIPE_DHC05-PI-02052_220812.xls,07_품질,폴더(고객사 ISIR 서류모음),E:\SHINHWA\07_품질\2026\승인서류_프리텍코리아_CV EV OUTER PIPE_DHC05-PI-02052_220812.xls,4999,2026-06-10,이미 있음(동일)
E:\기존 서류\이광재 부장 서류\기존서류 2\수입검사(1)\ISIR 서류모음\고객사 ISIR 서류모음\대한냉열\양식-협력업체 승인서류 (작성방법설명)-10차개정-2020년11월24일 (1).xlsx,07_품질,폴더(고객사 ISIR 서류모음),E:\SHINHWA\07_품질\2026\양식-협력업체 승인서류 (작성방법설명)-10차개정-2020년11월24일 (1).xlsx,412,2026-06-10,이미 있음(동일)
E:\기존 서류\이광재 부장 서류\기존서류 2\수입검사(1)\ISIR 서류모음\고객사 ISIR 서류모음\대한냉열\원소재 연동적용기준안(1Q근거자료)_240112 (1).xlsx,07_품질,폴더(고객사 ISIR 서류모음),E:\SHINHWA\07_품질\2026\원소재 연동적용기준안(1Q근거자료)_240112 (1).xlsx,178,2026-06-10,이미 있음(동일)
E:\기존 서류\이광재 부장 서류\기존서류 2\수입검사(1)\ISIR 서류모음\고객사 ISIR 서류모음\대한냉열\초중종물 체크시트.xls,07_품질,폴더(고객사 ISIR 서류모음),E:\SHINHWA\07_품질\2026\초중종물 체크시트.xls,338,2026-06-10,이미 있음(동일)
E:\기존 서류\이광재 부장 서류\기존서류 2\수입검사(1)\ISIR 서류모음\고객사 ISIR 서류모음\대한냉열\출하검사기준서.xlsx,07_품질,폴더(고객사 ISIR 서류모음),E:\SHINHWA\07_품질\2026\출하검사기준서.xlsx,123,2026-06-10,이미 있음(동일)
E:\기존 서류\이광재 부장 서류\기존서류 2\수입검사(1)\ISIR 서류모음\고객사 ISIR 서류모음\대한냉열\협력업체 공정감사 평가시트_신화 (1).xls,07_품질,폴더(고객사 ISIR 서류모음),E:\SHINHWA\07_품질\2026\협력업체 공정감사 평가시트_신화 (1).xls,3917,2026-06-10,이미 있음(동일)
E:\기존 서류\이광재 부장 서류\기존서류 2\수입검사(1)\ISIR 서류모음\고객사 ISIR 서류모음\세원\JA 12T TOX(WITH PIN) PIPE ASS`Y-ISIR(Rev.1)_221219.xlsx,07_품질,폴더(고객사 ISIR 서류모음),E:\SHINHWA\07_품질\2026\JA 12T TOX(WITH PIN) PIPE ASS`Y-ISIR(Rev.1)_221219.xlsx,853,2026-06-10,이미 있음(동일)
E:\기존 서류\이광재 부장 서류\기존서류 2\수입검사(1)\ISIR 서류모음\고객사 ISIR 서류모음\세원\KU  ISIR230915 (변경본).xlsx,07_품질,폴더(고객사 ISIR 서류모음),E:\SHINHWA\07_품질\2026\KU  ISIR230915 (변경본).xlsx,1013,2026-06-10,이미 있음(동일)
E:\기존 서류\이광재 부장 서류\기존서류 2\수입검사(1)\ISIR 서류모음\고객사 ISIR 서류모음\융진\융진 Y460\Y460_48105-602200 승인서.xlsm,07_품질,폴더(고객사 ISIR 서류모음),E:\SHINHWA\07_품질\2026\Y460_48105-602200 승인서.xlsm,3838,2026-06-10,이미 있음(동일)
E:\기존 서류\이광재 부장 서류\기존서류 2\수입검사(1)\ISIR 서류모음\고객사 ISIR 서류모음\융진\융진 Y460\Y460_48106-602200 승인서.xlsm,07_품질,폴더(고객사 ISIR 서류모음),E:\SHINHWA\07_품질\2026\Y460_48106-602200 승인서.xlsm,4820,2026-06-10,이미 있음(동일)
E:\기존 서류\이광재 부장 서류\기존서류 2\수입검사(1)\ISIR 서류모음\고객사 ISIR 서류모음\융진\융진 Y460\■외주부품 ISIR 승인서류 양식(KG 제조사 변경) 48106-602200 Y460 LOW.xlsx,07_품질,폴더(고객사 ISIR 서류모음),E:\SHINHWA\07_품질\2026\■외주부품 ISIR 승인서류 양식(KG 제조사 변경) 48106-602200 Y460 LOW.xlsx,5515,2026-06-10,이미 있음(동일)
E:\기존 서류\이광재 부장 서류\기존서류 2\수입검사(1)\ISIR 서류모음\고객사 ISIR 서류모음\융진\융진 Y460\■외주부품 ISIR 승인서류 양식(KG 제조사 변경).xlsx,07_품질,폴더(고객사 ISIR 서류모음),E:\SHINHWA\07_품질\2026\■외주부품 ISIR 승인서류 양식(KG 제조사 변경).xlsx,1095,2026-06-10,이미 있음(동일)
E:\기존 서류\이광재 부장 서류\기존서류 2\수입검사(1)\ISIR 서류모음\고객사 ISIR 서류모음\융진\융진 Y460\신화 Y460 HIGH ISIR 승인서류 2023.xlsm,07_품질,폴더(고객사 ISIR 서류모음),E:\SHINHWA\07_품질\2026\신화 Y460 HIGH ISIR 승인서류 2023.xlsm,10940,2026-06-10,복사 → E:\SHINHWA\07_품질\2026\신화 Y460 HIGH ISIR 승인서류 2023_v2.xlsm
E:\기존 서류\이광재 부장 서류\기존서류 2\수입검사(1)\ISIR 서류모음\고객사 ISIR 서류모음\융진\융진 Y460\신화 Y460 LOW ISIR 승인서류 2023.xlsm,07_품질,폴더(고객사 ISIR 서류모음),E:\SHINHWA\07_품질\2026\신화 Y460 LOW ISIR 승인서류 2023.xlsm,11803,2026-06-10,복사 → E:\SHINHWA\07_품질\2026\신화 Y460 LOW ISIR 승인서류 2023_v2.xlsm
E:\기존 서류\이광재 부장 서류\기존서류 2\수입검사(1)\ISIR 서류모음\고객사 ISIR 서류모음\융진\융진 Y460\차종 현황.xlsx,07_품질,폴더(고객사 ISIR 서류모음),E:\SHINHWA\07_품질\2026\차종 현황.xlsx,16,2026-06-10,이미 있음(동일)
E:\기존 서류\이광재 부장 서류\기존서류 2\수입검사(1)\ISIR 서류모음\고객사 ISIR 서류모음\포레시아\PIPE ASS'Y DPR RR 2638409XF\00. 표지.xls,07_품질,폴더(고객사 ISIR 서류모음),E:\SHINHWA\07_품질\2026\00. 표지.xls,4326,2026-06-10,이미 있음(동일)
E:\기존 서류\이광재 부장 서류\기존서류 2\수입검사(1)\ISIR 서류모음\고객사 ISIR 서류모음\포레시아\PIPE ASS'Y DPR RR 2638409XF\1. 검사협정서_2638409XF.xls,07_품질,폴더(고객사 ISIR 서류모음),E:\SHINHWA\07_품질\2026\1. 검사협정서_2638409XF.xls,3324,2026-06-10,이미 있음(동일)
E:\기존 서류\이광재 부장 서류\기존서류 2\수입검사(1)\ISIR 서류모음\고객사 ISIR 서류모음\포레시아\PIPE ASS'Y DPR RR 2638409XF\10. 제조공정도-2638409XF.xls,07_품질,폴더(고객사 ISIR 서류모음),E:\SHINHWA\07_품질\2026\10. 제조공정도-2638409XF.xls,2524,2026-06-10,이미 있음(동일)
E:\기존 서류\이광재 부장 서류\기존서류 2\수입검사(1)\ISIR 서류모음\고객사 ISIR 서류모음\포레시아\PIPE ASS'Y DPR RR 2638409XF\12. 공정능력조사표2638409XF.xls,07_품질,폴더(고객사 ISIR 서류모음),E:\SHINHWA\07_품질\2026\12. 공정능력조사표2638409XF.xls,6460,2026-06-10,이미 있음(동일)
E:\기존 서류\이광재 부장 서류\기존서류 2\수입검사(1)\ISIR 서류모음\고객사 ISIR 서류모음\포레시아\PIPE ASS'Y DPR RR 2638409XF\18. 2차공급자현황2638409XF.xls,07_품질,폴더(고객사 ISIR 서류모음),E:\SHINHWA\07_품질\2026\18. 2차공급자현황2638409XF.xls,2596,2026-06-10,이미 있음(동일)
E:\기존 서류\이광재 부장 서류\기존서류 2\수입검사(1)\ISIR 서류모음\고객사 ISIR 서류모음\포레시아\PIPE ASS'Y DPR RR 2638409XF\19. 재질시험성적서-2638409XF.xls,07_품질,폴더(고객사 ISIR 서류모음),E:\SHINHWA\07_품질\2026\19. 재질시험성적서-2638409XF.xls,2962,2026-06-10,이미 있음(동일)
E:\기존 서류\이광재 부장 서류\기존서류 2\수입검사(1)\ISIR 서류모음\고객사 ISIR 서류모음\포레시아\PIPE ASS'Y DPR RR 2638409XF\2. 검사기준서_2638409XF.xls,07_품질,폴더(고객사 ISIR 서류모음),E:\SHINHWA\07_품질\2026\2. 검사기준서_2638409XF.xls,5488,2026-06-10,이미 있음(동일)
E:\기존 서류\이광재 부장 서류\기존서류 2\수입검사(1)\ISIR 서류모음\고객사 ISIR 서류모음\포레시아\PIPE ASS'Y DPR RR 2638409XF\20230818_28998-2r000_pipe_diff_rr.pdf,07_품질,폴더(고객사 ISIR 서류모음),E:\SHINHWA\07_품질\2026\20230818_28998-2r000_pipe_diff_rr.pdf,1939,2026-06-10,이미 있음(동일)
E:\기존 서류\이광재 부장 서류\기존서류 2\수입검사(1)\ISIR 서류모음\고객사 ISIR 서류모음\포레시아\PIPE ASS'Y DPR RR 2638409XF\20230818_28998-2r000_pipe_diff_rr.png,07_품질,폴더(고객사 ISIR 서류모음),E:\SHINHWA\07_품질\2026\20230818_28998-2r000_pipe_diff_rr.png,1493,2026-06-10,이미 있음(동일)
E:\기존 서류\이광재 부장 서류\기존서류 2\수입검사(1)\ISIR 서류모음\고객사 ISIR 서류모음\포레시아\PIPE ASS'Y DPR RR 2638409XF\20230818_28998-2r000_pipe_diff_rr.tif,07_품질,폴더(고객사 ISIR 서류모음),E:\SHINHWA\07_품질\2026\20230818_28998-2r000_pipe_diff_rr.tif,247,2026-06-10,이미 있음(동일)
E:\기존 서류\이광재 부장 서류\기존서류 2\수입검사(1)\ISIR 서류모음\고객사 ISIR 서류모음\포레시아\PIPE ASS'Y DPR RR 2638409XF\26. 공정감사대책서-2638409XF.ppt,07_품질,폴더(고객사 ISIR 서류모음),E:\SHINHWA\07_품질\2026\26. 공정감사대책서-2638409XF.ppt,1225,2026-06-10,이미 있음(동일)
E:\기존 서류\이광재 부장 서류\기존서류 2\수입검사(1)\ISIR 서류모음\고객사 ISIR 서류모음\포레시아\PIPE ASS'Y DPR RR 2638409XF\3. 초도품보증서_2638409XF.xls,07_품질,폴더(고객사 ISIR 서류모음),E:\SHINHWA\07_품질\2026\3. 초도품보증서_2638409XF.xls,2802,2026-06-10,이미 있음(동일)
E:\기존 서류\이광재 부장 서류\기존서류 2\수입검사(1)\ISIR 서류모음\고객사 ISIR 서류모음\포레시아\PIPE ASS'Y DPR RR 2638409XF\4. 검사성적서-2638409XF.xls,07_품질,폴더(고객사 ISIR 서류모음),E:\SHINHWA\07_품질\2026\4. 검사성적서-2638409XF.xls,3915,2026-06-10,이미 있음(동일)
E:\기존 서류\이광재 부장 서류\기존서류 2\수입검사(1)\ISIR 서류모음\고객사 ISIR 서류모음\포레시아\PIPE ASS'Y DPR RR 2638409XF\8. PFMEA-2638409XF.xls,07_품질,폴더(고객사 ISIR 서류모음),E:\SHINHWA\07_품질\2026\8. PFMEA-2638409XF.xls,1872,2026-06-10,이미 있음(동일)
E:\기존 서류\이광재 부장 서류\기존서류 2\수입검사(1)\ISIR 서류모음\고객사 ISIR 서류모음\포레시아\PIPE ASS'Y DPR RR 2638409XF\9. 관리계획서-2638409XF.xls,07_품질,폴더(고객사 ISIR 서류모음),E:\SHINHWA\07_품질\2026\9. 관리계획서-2638409XF.xls,3393,2026-06-10,이미 있음(동일)
E:\기존 서류\이광재 부장 서류\기존서류 2\수입검사(1)\ISIR 서류모음\고객사 ISIR 서류모음\포레시아\PIPE ASS'Y DPR RR 2638409XF\검사성적서_2638409XF-.xls,07_품질,폴더(고객사 ISIR 서류모음),E:\SHINHWA\07_품질\2026\검사성적서_2638409XF-.xls,4238,2026-06-10,이미 있음(동일)
E:\기존 서류\이광재 부장 서류\기존서류 2\수입검사(1)\ISIR 서류모음\고객사 ISIR 서류모음\포레시아\PIPE ASS'Y DPR RR 2638409XF\공정능력\11.0.jpg,07_품질,폴더(고객사 ISIR 서류모음),E:\SHINHWA\07_품질\2026\11.0.jpg,472,2026-06-10,이미 있음(동일)
E:\기존 서류\이광재 부장 서류\기존서류 2\수입검사(1)\ISIR 서류모음\고객사 ISIR 서류모음\포레시아\PIPE ASS'Y DPR RR 2638409XF\공정능력\27. 공정능력조사표(신규)-(9).xls,07_품질,폴더(고객사 ISIR 서류모음),E:\SHINHWA\07_품질\2026\27. 공정능력조사표(신규)-(9).xls,307,2026-06-10,이미 있음(동일)
E:\기존 서류\이광재 부장 서류\기존서류 2\수입검사(1)\ISIR 서류모음\고객사 ISIR 서류모음\포레시아\PIPE ASS'Y DPR RR 2638409XF\공정능력\9.0(1).jpg,07_품질,폴더(고객사 ISIR 서류모음),E:\SHINHWA\07_품질\2026\9.0(1).jpg,464,2026-06-10,이미 있음(동일)
E:\기존 서류\이광재 부장 서류\기존서류 2\수입검사(1)\ISIR 서류모음\고객사 ISIR 서류모음\포레시아\PIPE ASS'Y DPR RR 2638409XF\공정능력\9.0(2).jpg,07_품질,폴더(고객사 ISIR 서류모음),E:\SHINHWA\07_품질\2026\9.0(2).jpg,470,2026-06-10,이미 있음(동일)
E:\기존 서류\이광재 부장 서류\기존서류 2\수입검사(1)\ISIR 서류모음\고객사 ISIR 서류모음\포레시아\PIPE ASS'Y DPR RR 2638409XF\도면_28998-2r000_pipe_diff_rr.pdf,07_품질,폴더(고객사 ISIR 서류모음),E:\SHINHWA\07_품질\2026\도면_28998-2r000_pipe_diff_rr.pdf,1939,2026-06-10,이미 있음(동일)
E:\기존 서류\이광재 부장 서류\기존서류 2\수입검사(1)\ISIR 서류모음\고객사 ISIR 서류모음\포레시아\PIPE ASS'Y DPR RR 2638409XF\사양변경서\NEW-R엔진 DPF 차압파이프 사양변경서(포레시아).pptx,07_품질,폴더(고객사 ISIR 서류모음),E:\SHINHWA\07_품질\2026\NEW-R엔진 DPF 차압파이프 사양변경서(포레시아).pptx,1704,2026-06-10,이미 있음(동일)
E:\기존 서류\이광재 부장 서류\기존서류 2\수입검사(1)\ISIR 서류모음\고객사 ISIR 서류모음\포레시아\PIPE ASS'Y DPR RR 2638409XF\승인서류 PDF\9. 관리계획서-2638409XF.pdf,07_품질,폴더(고객사 ISIR 서류모음),E:\SHINHWA\07_품질\2026\9. 관리계획서-2638409XF.pdf,382,2026-06-10,이미 있음(동일)
E:\기존 서류\이광재 부장 서류\기존서류 2\수입검사(1)\ISIR 서류모음\고객사 ISIR 서류모음\포레시아\PIPE ASS'Y DPR RR 2638409XF\승인서류 PDF\검사기준서.pdf,07_품질,폴더(고객사 ISIR 서류모음),E:\SHINHWA\07_품질\2026\검사기준서.pdf,1041,2026-06-10,이미 있음(동일)
E:\기존 서류\이광재 부장 서류\기존서류 2\수입검사(1)\ISIR 서류모음\고객사 ISIR 서류모음\포레시아\PIPE ASS'Y DPR RR 2638409XF\승인서류 PDF\검사성적서.pdf,07_품질,폴더(고객사 ISIR 서류모음),E:\SHINHWA\07_품질\2026\검사성적서.pdf,521,2026-06-10,이미 있음(동일)
E:\기존 서류\이광재 부장 서류\기존서류 2\수입검사(1)\ISIR 서류모음\고객사 ISIR 서류모음\포레시아\PIPE ASS'Y DPR RR 2638409XF\승인서류 PDF\검사협정서.pdf,07_품질,폴더(고객사 ISIR 서류모음),E:\SHINHWA\07_품질\2026\검사협정서.pdf,854,2026-06-10,이미 있음(동일)
E:\기존 서류\이광재 부장 서류\기존서류 2\수입검사(1)\ISIR 서류모음\고객사 ISIR 서류모음\포레시아\PIPE ASS'Y DPR RR 2638409XF\승인서류 PDF\공정FMEA.pdf,07_품질,폴더(고객사 ISIR 서류모음),E:\SHINHWA\07_품질\2026\공정FMEA.pdf,1628,2026-06-10,이미 있음(동일)
E:\기존 서류\이광재 부장 서류\기존서류 2\수입검사(1)\ISIR 서류모음\고객사 ISIR 서류모음\포레시아\PIPE ASS'Y DPR RR 2638409XF\승인서류 PDF\관리계획서.pdf,07_품질,폴더(고객사 ISIR 서류모음),E:\SHINHWA\07_품질\2026\관리계획서.pdf,1807,2026-06-10,이미 있음(동일)
E:\기존 서류\이광재 부장 서류\기존서류 2\수입검사(1)\ISIR 서류모음\고객사 ISIR 서류모음\포레시아\PIPE ASS'Y DPR RR 2638409XF\승인서류 PDF\도면.pdf,07_품질,폴더(고객사 ISIR 서류모음),E:\SHINHWA\07_품질\2026\도면.pdf,459,2026-06-10,이미 있음(동일)
E:\기존 서류\이광재 부장 서류\기존서류 2\수입검사(1)\ISIR 서류모음\고객사 ISIR 서류모음\포레시아\PIPE ASS'Y DPR RR 2638409XF\승인서류 PDF\변경사유서.pdf,07_품질,폴더(고객사 ISIR 서류모음),E:\SHINHWA\07_품질\2026\변경사유서.pdf,1050,2026-06-10,이미 있음(동일)
E:\기존 서류\이광재 부장 서류\기존서류 2\수입검사(1)\ISIR 서류모음\고객사 ISIR 서류모음\포레시아\PIPE ASS'Y DPR RR 2638409XF\승인서류 PDF\용접품질성적서-2638409XF.pdf,07_품질,폴더(고객사 ISIR 서류모음),E:\SHINHWA\07_품질\2026\용접품질성적서-2638409XF.pdf,152,2026-06-10,이미 있음(동일)
E:\기존 서류\이광재 부장 서류\기존서류 2\수입검사(1)\ISIR 서류모음\고객사 ISIR 서류모음\포레시아\PIPE ASS'Y DPR RR 2638409XF\승인서류 PDF\용접품질성적서.pdf,07_품질,폴더(고객사 ISIR 서류모음),E:\SHINHWA\07_품질\2026\용접품질성적서.pdf,350,2026-06-10,이미 있음(동일)
"E:\기존 서류\이광재 부장 서류\기존서류 2\수입검사(1)\ISIR 서류모음\고객사 ISIR 서류모음\포레시아\PIPE ASS'Y DPR RR 2638409XF\승인서류 PDF\재질,중금속 성적서\200263001 C67S 재질).pdf",07_품질,"폴더(재질,중금속 성적서)",E:\SHINHWA\07_품질\2026\200263001 C67S 재질).pdf,675,2026-06-10,이미 있음(동일)
"E:\기존 서류\이광재 부장 서류\기존서류 2\수입검사(1)\ISIR 서류모음\고객사 ISIR 서류모음\포레시아\PIPE ASS'Y DPR RR 2638409XF\승인서류 PDF\재질,중금속 성적서\200263001 C67S 중금속.pdf",07_품질,"폴더(재질,중금속 성적서)",E:\SHINHWA\07_품질\2026\200263001 C67S 중금속.pdf,131,2026-06-10,이미 있음(동일)
"E:\기존 서류\이광재 부장 서류\기존서류 2\수입검사(1)\ISIR 서류모음\고객사 ISIR 서류모음\포레시아\PIPE ASS'Y DPR RR 2638409XF\승인서류 PDF\재질,중금속 성적서\SJ304-1.0T2302.pdf",07_품질,"폴더(재질,중금속 성적서)",E:\SHINHWA\07_품질\2026\SJ304-1.0T2302.pdf,560,2026-06-10,이미 있음(동일)
"E:\기존 서류\이광재 부장 서류\기존서류 2\수입검사(1)\ISIR 서류모음\고객사 ISIR 서류모음\포레시아\PIPE ASS'Y DPR RR 2638409XF\승인서류 PDF\재질,중금속 성적서\STS 304 중금속 성적서.pdf",07_품질,"폴더(재질,중금속 성적서)",E:\SHINHWA\07_품질\2026\STS 304 중금속 성적서.pdf,541,2026-06-10,이미 있음(동일)
"E:\기존 서류\이광재 부장 서류\기존서류 2\수입검사(1)\ISIR 서류모음\고객사 ISIR 서류모음\포레시아\PIPE ASS'Y DPR RR 2638409XF\승인서류 PDF\재질,중금속 성적서\STS304 2.0t 재질성적서_230427.pdf",07_품질,"폴더(재질,중금속 성적서)",E:\SHINHWA\07_품질\2026\STS304 2.0t 재질성적서_230427.pdf,254,2026-06-10,이미 있음(동일)
"E:\기존 서류\이광재 부장 서류\기존서류 2\수입검사(1)\ISIR 서류모음\고객사 ISIR 서류모음\포레시아\PIPE ASS'Y DPR RR 2638409XF\승인서류 PDF\재질,중금속 성적서\SUS303C 재질 성적서_육각봉.pdf",07_품질,"폴더(재질,중금속 성적서)",E:\SHINHWA\07_품질\2026\SUS303C 재질 성적서_육각봉.pdf,479,2026-06-10,이미 있음(동일)
"E:\기존 서류\이광재 부장 서류\기존서류 2\수입검사(1)\ISIR 서류모음\고객사 ISIR 서류모음\포레시아\PIPE ASS'Y DPR RR 2638409XF\승인서류 PDF\재질,중금속 성적서\SUS303C 중금속 성적서.pdf",07_품질,"폴더(재질,중금속 성적서)",E:\SHINHWA\07_품질\2026\SUS303C 중금속 성적서.pdf,467,2026-06-10,이미 있음(동일)
E:\기존 서류\이광재 부장 서류\기존서류 2\수입검사(1)\ISIR 서류모음\고객사 ISIR 서류모음\포레시아\PIPE ASS'Y DPR RR 2638409XF\승인서류 PDF\재질성적서및 중금속성적서.pdf,07_품질,폴더(고객사 ISIR 서류모음),E:\SHINHWA\07_품질\2026\재질성적서및 중금속성적서.pdf,5656,2026-06-10,이미 있음(동일)
E:\기존 서류\이광재 부장 서류\기존서류 2\수입검사(1)\ISIR 서류모음\고객사 ISIR 서류모음\포레시아\PIPE ASS'Y DPR RR 2638409XF\승인서류 PDF\초도품보증서.pdf,07_품질,폴더(고객사 ISIR 서류모음),E:\SHINHWA\07_품질\2026\초도품보증서.pdf,438,2026-06-10,이미 있음(동일)
E:\기존 서류\이광재 부장 서류\기존서류 2\수입검사(1)\ISIR 서류모음\고객사 ISIR 서류모음\포레시아\PIPE ASS'Y DPR RR 2638409XF\용접품질성적서-2638409XF.xlsx,07_품질,폴더(고객사 ISIR 서류모음),E:\SHINHWA\07_품질\2026\용접품질성적서-2638409XF.xlsx,764,2026-06-10,이미 있음(동일)
"E:\기존 서류\이광재 부장 서류\기존서류 2\수입검사(1)\ISIR 서류모음\고객사 ISIR 서류모음\포레시아\PIPE ASS'Y DPR RR 2638409XF\재질,중금속 성적서\200263001 C67S 재질).pdf",07_품질,"폴더(재질,중금속 성적서)",E:\SHINHWA\07_품질\2026\200263001 C67S 재질).pdf,675,2026-06-10,이미 있음(동일)
"E:\기존 서류\이광재 부장 서류\기존서류 2\수입검사(1)\ISIR 서류모음\고객사 ISIR 서류모음\포레시아\PIPE ASS'Y DPR RR 2638409XF\재질,중금속 성적서\200263001 C67S 중금속.pdf",07_품질,"폴더(재질,중금속 성적서)",E:\SHINHWA\07_품질\2026\200263001 C67S 중금속.pdf,131,2026-06-10,이미 있음(동일)
"E:\기존 서류\이광재 부장 서류\기존서류 2\수입검사(1)\ISIR 서류모음\고객사 ISIR 서류모음\포레시아\PIPE ASS'Y DPR RR 2638409XF\재질,중금속 성적서\SJ304-1.0T2302.pdf",07_품질,"폴더(재질,중금속 성적서)",E:\SHINHWA\07_품질\2026\SJ304-1.0T2302.pdf,560,2026-06-10,이미 있음(동일)
"E:\기존 서류\이광재 부장 서류\기존서류 2\수입검사(1)\ISIR 서류모음\고객사 ISIR 서류모음\포레시아\PIPE ASS'Y DPR RR 2638409XF\재질,중금속 성적서\STS 304 중금속 성적서.pdf",07_품질,"폴더(재질,중금속 성적서)",E:\SHINHWA\07_품질\2026\STS 304 중금속 성적서.pdf,541,2026-06-10,이미 있음(동일)
"E:\기존 서류\이광재 부장 서류\기존서류 2\수입검사(1)\ISIR 서류모음\고객사 ISIR 서류모음\포레시아\PIPE ASS'Y DPR RR 2638409XF\재질,중금속 성적서\STS304 2.0t 재질성적서_230427.pdf",07_품질,"폴더(재질,중금속 성적서)",E:\SHINHWA\07_품질\2026\STS304 2.0t 재질성적서_230427.pdf,254,2026-06-10,이미 있음(동일)
"E:\기존 서류\이광재 부장 서류\기존서류 2\수입검사(1)\ISIR 서류모음\고객사 ISIR 서류모음\포레시아\PIPE ASS'Y DPR RR 2638409XF\재질,중금속 성적서\SUS303C 재질 성적서_육각봉.pdf",07_품질,"폴더(재질,중금속 성적서)",E:\SHINHWA\07_품질\2026\SUS303C 재질 성적서_육각봉.pdf,479,2026-06-10,이미 있음(동일)
"E:\기존 서류\이광재 부장 서류\기존서류 2\수입검사(1)\ISIR 서류모음\고객사 ISIR 서류모음\포레시아\PIPE ASS'Y DPR RR 2638409XF\재질,중금속 성적서\SUS303C 중금속 성적서.pdf",07_품질,"폴더(재질,중금속 성적서)",E:\SHINHWA\07_품질\2026\SUS303C 중금속 성적서.pdf,467,2026-06-10,이미 있음(동일)
E:\기존 서류\이광재 부장 서류\기존서류 2\수입검사(1)\ISIR 서류모음\고객사 ISIR 서류모음\포레시아\PIPE ASS'Y DPR RR 2638409XF\협력사 공정감사-2638409XF.xls,07_품질,폴더(고객사 ISIR 서류모음),E:\SHINHWA\07_품질\2026\협력사 공정감사-2638409XF.xls,4298,2026-06-10,이미 있음(동일)
E:\기존 서류\이광재 부장 서류\기존서류 2\수입검사(1)\ISIR 서류모음\협력사 ISIR 서류모음\CUTTING 업체\아보텍\AB-KS-01_ISIR 서류 (12x1.2x218.5) _ A3103WH_21.06.25.xlsx,07_품질,폴더(협력사 ISIR 서류모음),E:\SHINHWA\07_품질\2026\AB-KS-01_ISIR 서류 (12x1.2x218.5) _ A3103WH_21.06.25.xlsx,4794,2026-06-10,이미 있음(동일)
E:\기존 서류\이광재 부장 서류\기존서류 2\수입검사(1)\ISIR 서류모음\협력사 ISIR 서류모음\CUTTING 업체\아보텍\ISIR (Ø14×1t×288.5L)_아보텍.xls,07_품질,폴더(협력사 ISIR 서류모음),E:\SHINHWA\07_품질\2026\ISIR (Ø14×1t×288.5L)_아보텍.xls,2685,2026-06-10,이미 있음(동일)
E:\기존 서류\이광재 부장 서류\기존서류 2\수입검사(1)\ISIR 서류모음\협력사 ISIR 서류모음\CUTTING 업체\아보텍\ISIR (Ø23×1t×280L)_아보텍.xls,07_품질,폴더(협력사 ISIR 서류모음),E:\SHINHWA\07_품질\2026\ISIR (Ø23×1t×280L)_아보텍.xls,2691,2026-06-10,이미 있음(동일)
E:\기존 서류\이광재 부장 서류\기존서류 2\수입검사(1)\ISIR 서류모음\협력사 ISIR 서류모음\CUTTING 업체\아보텍\ISIR 12X1.2X218.5 WH-AB-01.xlsx,07_품질,폴더(협력사 ISIR 서류모음),E:\SHINHWA\07_품질\2026\ISIR 12X1.2X218.5 WH-AB-01.xlsx,11585,2026-06-10,이미 있음(동일)
E:\기존 서류\이광재 부장 서류\기존서류 2\수입검사(1)\ISIR 서류모음\협력사 ISIR 서류모음\CUTTING 업체\아보텍\ISIR 8X1.0X532 WH-AB-02.xlsx,07_품질,폴더(협력사 ISIR 서류모음),E:\SHINHWA\07_품질\2026\ISIR 8X1.0X532 WH-AB-02.xlsx,11584,2026-06-10,이미 있음(동일)
E:\기존 서류\이광재 부장 서류\기존서류 2\수입검사(1)\ISIR 서류모음\협력사 ISIR 서류모음\CUTTING 업체\정종공업\ISIR (T1XX).xlsx,07_품질,폴더(협력사 ISIR 서류모음),E:\SHINHWA\07_품질\2026\ISIR (T1XX).xlsx,303,2026-06-10,이미 있음(동일)
E:\기존 서류\이광재 부장 서류\기존서류 2\수입검사(1)\ISIR 서류모음\협력사 ISIR 서류모음\FLANGE업체\다온텍\(주)다온이노베이션_(주)신화에이치앤티 DN8 N M8(핀有) JOINT FLANGE BLOCK ISIR.xlsx,07_품질,폴더(협력사 ISIR 서류모음),E:\SHINHWA\07_품질\2026\(주)다온이노베이션_(주)신화에이치앤티 DN8 N M8(핀有) JOINT FLANGE BLOCK ISIR.xlsx,1501,2026-06-10,이미 있음(동일)
E:\기존 서류\이광재 부장 서류\기존서류 2\수입검사(1)\ISIR 서류모음\협력사 ISIR 서류모음\FLANGE업체\다온텍\(주)다온이노베이션_(주)신화에이치앤티 DN8 N M8(핀無) JOINT FLANGE BLOCK ISIR.xlsx,07_품질,폴더(협력사 ISIR 서류모음),E:\SHINHWA\07_품질\2026\(주)다온이노베이션_(주)신화에이치앤티 DN8 N M8(핀無) JOINT FLANGE BLOCK ISIR.xlsx,1479,2026-06-10,이미 있음(동일)
E:\기존 서류\이광재 부장 서류\기존서류 2\수입검사(1)\ISIR 서류모음\협력사 ISIR 서류모음\FLANGE업체\다온텍\(주)다온이노베이션_(주)신화에이치앤티 DN8(HEV) M8(핀有) JOINT FLANGE BLOCK ISIR.xlsx,07_품질,폴더(협력사 ISIR 서류모음),E:\SHINHWA\07_품질\2026\(주)다온이노베이션_(주)신화에이치앤티 DN8(HEV) M8(핀有) JOINT FLANGE BLOCK ISIR.xlsx,1499,2026-06-10,이미 있음(동일)
E:\기존 서류\이광재 부장 서류\기존서류 2\수입검사(1)\ISIR 서류모음\협력사 ISIR 서류모음\FLANGE업체\다온텍\(주)다온이노베이션_(주)신화에이치앤티 DN8(HEV) M8(핀無) JOINT FLANGE BLOCK ISIR.xlsx,07_품질,폴더(협력사 ISIR 서류모음),E:\SHINHWA\07_품질\2026\(주)다온이노베이션_(주)신화에이치앤티 DN8(HEV) M8(핀無) JOINT FLANGE BLOCK ISIR.xlsx,1464,2026-06-10,이미 있음(동일)
E:\기존 서류\이광재 부장 서류\기존서류 2\수입검사(1)\ISIR 서류모음\협력사 ISIR 서류모음\FLANGE업체\다온텍\(주)다온이노베이션_(주)신화에이치앤티 DN8(TGDI) M8(핀無) JOINT FLANGE BLOCK ISIR.xlsx,07_품질,폴더(협력사 ISIR 서류모음),E:\SHINHWA\07_품질\2026\(주)다온이노베이션_(주)신화에이치앤티 DN8(TGDI) M8(핀無) JOINT FLANGE BLOCK ISIR.xlsx,1441,2026-06-10,이미 있음(동일)
E:\기존 서류\이광재 부장 서류\기존서류 2\수입검사(1)\ISIR 서류모음\협력사 ISIR 서류모음\FLANGE업체\다온텍\CD TGDI JOINT FLANGE ISIR(신냉매).xlsx,07_품질,폴더(협력사 ISIR 서류모음),E:\SHINHWA\07_품질\2026\CD TGDI JOINT FLANGE ISIR(신냉매).xlsx,975,2026-06-10,이미 있음(동일)
E:\기존 서류\이광재 부장 서류\기존서류 2\수입검사(1)\ISIR 서류모음\협력사 ISIR 서류모음\FLANGE업체\다온텍\DN8 N GSL JOINT FLANGE ISIR(구냉매).xlsx,07_품질,폴더(협력사 ISIR 서류모음),E:\SHINHWA\07_품질\2026\DN8 N GSL JOINT FLANGE ISIR(구냉매).xlsx,3478,2026-06-10,이미 있음(동일)
E:\기존 서류\이광재 부장 서류\기존서류 2\수입검사(1)\ISIR 서류모음\협력사 ISIR 서류모음\FLANGE업체\다온텍\DN8 N GSL JOINT FLANGE ISIR(신냉매).xlsx,07_품질,폴더(협력사 ISIR 서류모음),E:\SHINHWA\07_품질\2026\DN8 N GSL JOINT FLANGE ISIR(신냉매).xlsx,3475,2026-06-10,이미 있음(동일)
E:\기존 서류\이광재 부장 서류\기존서류 2\수입검사(1)\ISIR 서류모음\협력사 ISIR 서류모음\FLANGE업체\범원\CN7(TGDI)_구냉매 ISRI 서류.xlsx,07_품질,폴더(협력사 ISIR 서류모음),E:\SHINHWA\07_품질\2026\CN7(TGDI)_구냉매 ISRI 서류.xlsx,865,2026-06-10,이미 있음(동일)
E:\기존 서류\이광재 부장 서류\기존서류 2\수입검사(1)\ISIR 서류모음\협력사 ISIR 서류모음\FLANGE업체\범원\CN7(TGDI)_신냉매 ISRI 서류.xlsx,07_품질,폴더(협력사 ISIR 서류모음),E:\SHINHWA\07_품질\2026\CN7(TGDI)_신냉매 ISRI 서류.xlsx,965,2026-06-10,이미 있음(동일)
E:\기존 서류\이광재 부장 서류\기존서류 2\수입검사(1)\ISIR 서류모음\협력사 ISIR 서류모음\FLANGE업체\범원\DN8(HEV)_구냉매 ISRI 서류.xlsx,07_품질,폴더(협력사 ISIR 서류모음),E:\SHINHWA\07_품질\2026\DN8(HEV)_구냉매 ISRI 서류.xlsx,858,2026-06-10,이미 있음(동일)
E:\기존 서류\이광재 부장 서류\기존서류 2\수입검사(1)\ISIR 서류모음\협력사 ISIR 서류모음\FLANGE업체\범원\DN8(HEV)_신냉매 ISRI 서류.xlsx,07_품질,폴더(협력사 ISIR 서류모음),E:\SHINHWA\07_품질\2026\DN8(HEV)_신냉매 ISRI 서류.xlsx,919,2026-06-10,이미 있음(동일)
E:\기존 서류\이광재 부장 서류\기존서류 2\수입검사(1)\ISIR 서류모음\협력사 ISIR 서류모음\FLANGE업체\아이정밀\191010 ISIR_BD 구냉매.xlsx,07_품질,폴더(협력사 ISIR 서류모음),E:\SHINHWA\07_품질\2026\191010 ISIR_BD 구냉매.xlsx,2265,2026-06-10,이미 있음(동일)
E:\기존 서류\이광재 부장 서류\기존서류 2\수입검사(1)\ISIR 서류모음\협력사 ISIR 서류모음\FLANGE업체\아이정밀\191010 ISIR_BD 신냉매.xlsx,07_품질,폴더(협력사 ISIR 서류모음),E:\SHINHWA\07_품질\2026\191010 ISIR_BD 신냉매.xlsx,2537,2026-06-10,이미 있음(동일)
E:\기존 서류\이광재 부장 서류\기존서류 2\수입검사(1)\ISIR 서류모음\협력사 ISIR 서류모음\FLANGE업체\아이정밀\200923 ISIR_PDE 카파개선 신냉매.xlsx,07_품질,폴더(협력사 ISIR 서류모음),E:\SHINHWA\07_품질\2026\200923 ISIR_PDE 카파개선 신냉매.xlsx,2806,2026-06-10,이미 있음(동일)
E:\기존 서류\이광재 부장 서류\기존서류 2\수입검사(1)\ISIR 서류모음\협력사 ISIR 서류모음\FLANGE업체\아이정밀\200923 ISIR_PDEN PE 구냉매.xlsx,07_품질,폴더(협력사 ISIR 서류모음),E:\SHINHWA\07_품질\2026\200923 ISIR_PDEN PE 구냉매.xlsx,2570,2026-06-10,이미 있음(동일)
E:\기존 서류\이광재 부장 서류\기존서류 2\수입검사(1)\ISIR 서류모음\협력사 ISIR 서류모음\FLANGE업체\아이정밀\200923 ISIR_PDEN PE 신냉매.xlsx,07_품질,폴더(협력사 ISIR 서류모음),E:\SHINHWA\07_품질\2026\200923 ISIR_PDEN PE 신냉매.xlsx,2805,2026-06-10,이미 있음(동일)
E:\기존 서류\이광재 부장 서류\기존서류 2\수입검사(1)\ISIR 서류모음\협력사 ISIR 서류모음\FLANGE업체\아이정밀\MD ISIR서류 (1) (1) AS.xlsx,07_품질,폴더(협력사 ISIR 서류모음),E:\SHINHWA\07_품질\2026\MD ISIR서류 (1) (1) AS.xlsx,863,2026-06-10,이미 있음(동일)
E:\기존 서류\이광재 부장 서류\기존서류 2\수입검사(1)\ISIR 서류모음\협력사 ISIR 서류모음\FLANGE업체\아이정밀\MD ISIR서류 (2) (1) AS.xlsx,07_품질,폴더(협력사 ISIR 서류모음),E:\SHINHWA\07_품질\2026\MD ISIR서류 (2) (1) AS.xlsx,744,2026-06-10,이미 있음(동일)
E:\기존 서류\이광재 부장 서류\기존서류 2\수입검사(1)\ISIR 서류모음\협력사 ISIR 서류모음\FLANGE업체\아이정밀\PS-CAR ISIR(20150128-08) (1) AS.xlsx,07_품질,폴더(협력사 ISIR 서류모음),E:\SHINHWA\07_품질\2026\PS-CAR ISIR(20150128-08) (1) AS.xlsx,883,2026-06-10,이미 있음(동일)
E:\기존 서류\이광재 부장 서류\기존서류 2\수입검사(1)\ISIR 서류모음\협력사 ISIR 서류모음\FLANGE업체\아이정밀\SA-FL ISIR(20150128-05) (1) AS.xlsx,07_품질,폴더(협력사 ISIR 서류모음),E:\SHINHWA\07_품질\2026\SA-FL ISIR(20150128-05) (1) AS.xlsx,870,2026-06-10,이미 있음(동일)
E:\기존 서류\이광재 부장 서류\기존서류 2\수입검사(1)\ISIR 서류모음\협력사 ISIR 서류모음\FLANGE업체\아이정밀\YF-13MY ISIR(20150128-01) (1) AS.xlsx,07_품질,폴더(협력사 ISIR 서류모음),E:\SHINHWA\07_품질\2026\YF-13MY ISIR(20150128-01) (1) AS.xlsx,884,2026-06-10,이미 있음(동일)
E:\기존 서류\이광재 부장 서류\기존서류 2\수입검사(1)\ISIR 서류모음\협력사 ISIR 서류모음\FLANGE업체\주신정밀 SC\20160511_F841YTHAA01_ISIR승인서류[JS-52].xls,07_품질,폴더(협력사 ISIR 서류모음),E:\SHINHWA\07_품질\2026\20160511_F841YTHAA01_ISIR승인서류[JS-52].xls,9080,2026-06-10,이미 있음(동일)
E:\기존 서류\이광재 부장 서류\기존서류 2\수입검사(1)\ISIR 서류모음\협력사 ISIR 서류모음\FLANGE업체\주신정밀 SC\20160511_F842YTHAA01_ISIR승인서류[JS-53] (1).xls,07_품질,폴더(협력사 ISIR 서류모음),E:\SHINHWA\07_품질\2026\20160511_F842YTHAA01_ISIR승인서류[JS-53] (1).xls,9054,2026-06-10,이미 있음(동일)
E:\기존 서류\이광재 부장 서류\기존서류 2\수입검사(1)\ISIR 서류모음\협력사 ISIR 서류모음\FLANGE업체\주신정밀 SC\20160511_F842YTHAA01_ISIR승인서류[JS-53].xls,07_품질,폴더(협력사 ISIR 서류모음),E:\SHINHWA\07_품질\2026\20160511_F842YTHAA01_ISIR승인서류[JS-53].xls,9027,2026-06-10,이미 있음(동일)
E:\기존 서류\이광재 부장 서류\기존서류 2\수입검사(1)\ISIR 서류모음\협력사 ISIR 서류모음\FLANGE업체\주신정밀\20191014_CN7_HC830CNKAA01(구)_ISIR승인서류[JS-69].xlsx,07_품질,폴더(협력사 ISIR 서류모음),E:\SHINHWA\07_품질\2026\20191014_CN7_HC830CNKAA01(구)_ISIR승인서류[JS-69].xlsx,1945,2026-06-10,이미 있음(동일)
E:\기존 서류\이광재 부장 서류\기존서류 2\수입검사(1)\ISIR 서류모음\협력사 ISIR 서류모음\FLANGE업체\주신정밀\20191014_CN7_HC830CNKBA01(신)_ISIR승인서류[JS-70].xlsx,07_품질,폴더(협력사 ISIR 서류모음),E:\SHINHWA\07_품질\2026\20191014_CN7_HC830CNKBA01(신)_ISIR승인서류[JS-70].xlsx,1958,2026-06-10,이미 있음(동일)
E:\기존 서류\이광재 부장 서류\기존서류 2\수입검사(1)\ISIR 서류모음\협력사 ISIR 서류모음\FLANGE업체\주신정밀\20221216_HC830CXGAA-06_JA_TOX_ISIR승인서류.xlsx,07_품질,폴더(협력사 ISIR 서류모음),E:\SHINHWA\07_품질\2026\20221216_HC830CXGAA-06_JA_TOX_ISIR승인서류.xlsx,3291,2026-06-10,이미 있음(동일)
E:\기존 서류\이광재 부장 서류\기존서류 2\수입검사(1)\ISIR 서류모음\협력사 ISIR 서류모음\FLANGE업체\주신정밀\20221216_HC830CXGAC-03_JA_TOX_ISIR승인서류.xlsx,07_품질,폴더(협력사 ISIR 서류모음),E:\SHINHWA\07_품질\2026\20221216_HC830CXGAC-03_JA_TOX_ISIR승인서류.xlsx,3289,2026-06-10,이미 있음(동일)
E:\기존 서류\이광재 부장 서류\기존서류 2\수입검사(1)\ISIR 서류모음\협력사 ISIR 서류모음\FLANGE업체\주신정밀\20240206_HD__ISIR승인서류[JS-07].xlsx,07_품질,폴더(협력사 ISIR 서류모음),E:\SHINHWA\07_품질\2026\20240206_HD__ISIR승인서류[JS-07].xlsx,415,2026-06-10,이미 있음(동일)
E:\기존 서류\이광재 부장 서류\기존서류 2\수입검사(1)\ISIR 서류모음\협력사 ISIR 서류모음\FLANGE업체\주신정밀\20240206_TA-CAR_ISIR승인서류[JS-05].xls,07_품질,폴더(협력사 ISIR 서류모음),E:\SHINHWA\07_품질\2026\20240206_TA-CAR_ISIR승인서류[JS-05].xls,7402,2026-06-10,이미 있음(동일)
E:\기존 서류\이광재 부장 서류\기존서류 2\수입검사(1)\검사공정 자격 인증서 및 평가\2023 검사원 자격인증 평가표(2023년).xlsx,07_품질,폴더(검사공정 자격 인증서 및 평가),E:\SHINHWA\07_품질\2026\2023 검사원 자격인증 평가표(2023년).xlsx,48,2026-06-10,이미 있음(동일)
E:\기존 서류\이광재 부장 서류\기존서류 2\수입검사(1)\검사공정 자격 인증서 및 평가\검사공정 자격 인증서 및 평가.zip,07_품질,폴더(검사공정 자격 인증서 및 평가),E:\SHINHWA\07_품질\2026\검사공정 자격 인증서 및 평가.zip,101704,2026-06-10,이미 있음(동일)
E:\기존 서류\이광재 부장 서류\기존서류 2\수입검사(1)\검사공정 자격 인증서 및 평가\검사공정 자격 인증서(2023) (1팀).xlsx,07_품질,폴더(검사공정 자격 인증서 및 평가),E:\SHINHWA\07_품질\2026\검사공정 자격 인증서(2023) (1팀).xlsx,25181,2026-06-10,복사 → E:\SHINHWA\07_품질\2026\검사공정 자격 인증서(2023) (1팀)_v2.xlsx
E:\기존 서류\이광재 부장 서류\기존서류 2\수입검사(1)\검사공정 자격 인증서 및 평가\검사공정 자격 인증서(2023) (2팀).xlsx,07_품질,폴더(검사공정 자격 인증서 및 평가),E:\SHINHWA\07_품질\2026\검사공정 자격 인증서(2023) (2팀).xlsx,62235,2026-06-10,이미 있음(동일)
E:\기존 서류\이광재 부장 서류\기존서류 2\수입검사(1)\검사공정 자격 인증서 및 평가\검사공정 자격 인증서(2023) (3팀).xlsx,07_품질,폴더(검사공정 자격 인증서 및 평가),E:\SHINHWA\07_품질\2026\검사공정 자격 인증서(2023) (3팀).xlsx,581,2026-06-10,이미 있음(동일)
E:\기존 서류\이광재 부장 서류\기존서류 2\수입검사(1)\검사공정 자격 인증서 및 평가\검사공정 자격 인증서(2023) (거용접).xlsx,07_품질,폴더(검사공정 자격 인증서 및 평가),E:\SHINHWA\07_품질\2026\검사공정 자격 인증서(2023) (거용접).xlsx,2213,2026-06-10,이미 있음(동일)
E:\기존 서류\이광재 부장 서류\기존서류 2\수입검사(1)\검사공정 자격 인증서 및 평가\검사공정 자격 인증서(2023) (검사원).xlsx,07_품질,폴더(검사공정 자격 인증서 및 평가),E:\SHINHWA\07_품질\2026\검사공정 자격 인증서(2023) (검사원).xlsx,915,2026-06-10,이미 있음(동일)
E:\기존 서류\이광재 부장 서류\기존서류 2\수입검사(1)\검사공정 자격 인증서 및 평가\특수공정 자격 인증서(2023) (용접팀).xls,07_품질,폴더(검사공정 자격 인증서 및 평가),E:\SHINHWA\07_품질\2026\특수공정 자격 인증서(2023) (용접팀).xls,11068,2026-06-10,복사 → E:\SHINHWA\07_품질\2026\특수공정 자격 인증서(2023) (용접팀)_v2.xls
E:\기존 서류\이광재 부장 서류\기존서류 2\수입검사(1)\기타등등\사급품 검사완료.xlsx,07_품질,폴더(수입검사(1)),E:\SHINHWA\07_품질\2026\사급품 검사완료.xlsx,12,2026-06-10,이미 있음(동일)
E:\기존 서류\이광재 부장 서류\기존서류 2\수입검사(1)\세척검사\다인펜 구매처 (1).jpg,07_품질,폴더(세척검사),E:\SHINHWA\07_품질\2026\다인펜 구매처 (1).jpg,3515,2026-06-10,이미 있음(동일)
E:\기존 서류\이광재 부장 서류\기존서류 2\수입검사(1)\세척검사\세척 검사성적서(240226) (3).xls,07_품질,폴더(세척검사),E:\SHINHWA\07_품질\2026\세척 검사성적서(240226) (3).xls,285,2026-06-10,이미 있음(동일)
E:\기존 서류\이광재 부장 서류\기존서류 2\수입검사(1)\수입검사 LIST(유.무검사)\무검사대상 품목 지정 LIST.xlsx,07_품질,폴더(수입검사 LIST(유.무검사)),E:\SHINHWA\07_품질\2026\무검사대상 품목 지정 LIST.xlsx,16,2026-06-10,이미 있음(동일)
E:\기존 서류\이광재 부장 서류\기존서류 2\수입검사(1)\수입검사 LIST(유.무검사)\유검사대상 품목 지정 LIST.xlsx,07_품질,폴더(수입검사 LIST(유.무검사)),E:\SHINHWA\07_품질\2026\유검사대상 품목 지정 LIST.xlsx,18,2026-06-10,이미 있음(동일)
"E:\기존 서류\이광재 부장 서류\기존서류 2\수입검사(1)\수입검사 기준서,절차서\검사 LIST\무검사대상 품목 지정 LIST.xlsx",07_품질,폴더(검사 LIST),E:\SHINHWA\07_품질\2026\무검사대상 품목 지정 LIST.xlsx,16,2026-06-10,이미 있음(동일)
"E:\기존 서류\이광재 부장 서류\기존서류 2\수입검사(1)\수입검사 기준서,절차서\검사 LIST\유검사대상 품목 지정 LIST.xlsx",07_품질,폴더(검사 LIST),E:\SHINHWA\07_품질\2026\유검사대상 품목 지정 LIST.xlsx,18,2026-06-10,이미 있음(동일)
"E:\기존 서류\이광재 부장 서류\기존서류 2\수입검사(1)\수입검사 기준서,절차서\검사기준서, 협정서 양식.xlsx",07_품질,"폴더(수입검사 기준서,절차서)","E:\SHINHWA\07_품질\2026\검사기준서, 협정서 양식.xlsx",157,2026-06-10,이미 있음(동일)
"E:\기존 서류\이광재 부장 서류\기존서류 2\수입검사(1)\수입검사 기준서,절차서\기타등등\사급품 검사완료.xlsx",07_품질,"폴더(수입검사 기준서,절차서)",E:\SHINHWA\07_품질\2026\사급품 검사완료.xlsx,12,2026-06-10,이미 있음(동일)
"E:\기존 서류\이광재 부장 서류\기존서류 2\수입검사(1)\수입검사 기준서,절차서\세척검사\다인펜 구매처 (1).jpg",07_품질,폴더(세척검사),E:\SHINHWA\07_품질\2026\다인펜 구매처 (1).jpg,3515,2026-06-10,이미 있음(동일)
"E:\기존 서류\이광재 부장 서류\기존서류 2\수입검사(1)\수입검사 기준서,절차서\세척검사\세척 검사성적서(240226) (3).xls",07_품질,폴더(세척검사),E:\SHINHWA\07_품질\2026\세척 검사성적서(240226) (3).xls,310,2026-06-10,복사 → E:\SHINHWA\07_품질\2026\세척 검사성적서(240226) (3)_v2.xls
"E:\기존 서류\이광재 부장 서류\기존서류 2\수입검사(1)\수입검사 기준서,절차서\수입검사 리스트 검사품 & 무검사품 선정기준.xlsx",07_품질,"폴더(수입검사 기준서,절차서)",E:\SHINHWA\07_품질\2026\수입검사 리스트 검사품 & 무검사품 선정기준.xlsx,58,2026-06-10,이미 있음(동일)
"E:\기존 서류\이광재 부장 서류\기존서류 2\수입검사(1)\수입검사 기준서,절차서\수입검사 리스트.xlsx",07_품질,"폴더(수입검사 기준서,절차서)",E:\SHINHWA\07_품질\2026\수입검사 리스트.xlsx,63,2026-06-10,이미 있음(동일)
"E:\기존 서류\이광재 부장 서류\기존서류 2\수입검사(1)\수입검사 기준서,절차서\수입검사기준서 JOINT FLANGE\다온텍\수입검사기준서 CD-TGDI(신).xlsx",07_품질,폴더(수입검사기준서 JOINT FLANGE),E:\SHINHWA\07_품질\2026\수입검사기준서 CD-TGDI(신).xlsx,328,2026-06-10,이미 있음(동일)
"E:\기존 서류\이광재 부장 서류\기존서류 2\수입검사(1)\수입검사 기준서,절차서\수입검사기준서 JOINT FLANGE\다온텍\수입검사기준서 DN8 N GSL(구).xlsx",07_품질,폴더(수입검사기준서 JOINT FLANGE),E:\SHINHWA\07_품질\2026\수입검사기준서 DN8 N GSL(구).xlsx,457,2026-06-10,이미 있음(동일)
"E:\기존 서류\이광재 부장 서류\기존서류 2\수입검사(1)\수입검사 기준서,절차서\수입검사기준서 JOINT FLANGE\다온텍\수입검사기준서 DN8 N GSL(신).xlsx",07_품질,폴더(수입검사기준서 JOINT FLANGE),E:\SHINHWA\07_품질\2026\수입검사기준서 DN8 N GSL(신).xlsx,457,2026-06-10,이미 있음(동일)
"E:\기존 서류\이광재 부장 서류\기존서류 2\수입검사(1)\수입검사 기준서,절차서\수입검사기준서 JOINT FLANGE\다온텍\수입검사기준서 DN8-HEV M8(구).xlsx",07_품질,폴더(수입검사기준서 JOINT FLANGE),E:\SHINHWA\07_품질\2026\수입검사기준서 DN8-HEV M8(구).xlsx,402,2026-06-10,이미 있음(동일)
"E:\기존 서류\이광재 부장 서류\기존서류 2\수입검사(1)\수입검사 기준서,절차서\수입검사기준서 JOINT FLANGE\다온텍\수입검사기준서 DN8-HEV M8(신).xlsx",07_품질,폴더(수입검사기준서 JOINT FLANGE),E:\SHINHWA\07_품질\2026\수입검사기준서 DN8-HEV M8(신).xlsx,423,2026-06-10,이미 있음(동일)
"E:\기존 서류\이광재 부장 서류\기존서류 2\수입검사(1)\수입검사 기준서,절차서\수입검사기준서 JOINT FLANGE\다온텍\수입검사기준서 DN8-N M8(구).xlsx",07_품질,폴더(수입검사기준서 JOINT FLANGE),E:\SHINHWA\07_품질\2026\수입검사기준서 DN8-N M8(구).xlsx,421,2026-06-10,이미 있음(동일)
"E:\기존 서류\이광재 부장 서류\기존서류 2\수입검사(1)\수입검사 기준서,절차서\수입검사기준서 JOINT FLANGE\다온텍\수입검사기준서 DN8-N M8(신).xlsx",07_품질,폴더(수입검사기준서 JOINT FLANGE),E:\SHINHWA\07_품질\2026\수입검사기준서 DN8-N M8(신).xlsx,421,2026-06-10,이미 있음(동일)
"E:\기존 서류\이광재 부장 서류\기존서류 2\수입검사(1)\수입검사 기준서,절차서\수입검사기준서 JOINT FLANGE\다온텍\수입검사기준서 DN8-TGDI M8(구).xlsx",07_품질,폴더(수입검사기준서 JOINT FLANGE),E:\SHINHWA\07_품질\2026\수입검사기준서 DN8-TGDI M8(구).xlsx,402,2026-06-10,이미 있음(동일)
"E:\기존 서류\이광재 부장 서류\기존서류 2\수입검사(1)\수입검사 기준서,절차서\수입검사기준서 JOINT FLANGE\범원\수입검사기준서 CN7-TGDI(구).xlsx",07_품질,폴더(수입검사기준서 JOINT FLANGE),E:\SHINHWA\07_품질\2026\수입검사기준서 CN7-TGDI(구).xlsx,121,2026-06-10,이미 있음(동일)
"E:\기존 서류\이광재 부장 서류\기존서류 2\수입검사(1)\수입검사 기준서,절차서\수입검사기준서 JOINT FLANGE\범원\수입검사기준서 CN7-TGDI(신).xlsx",07_품질,폴더(수입검사기준서 JOINT FLANGE),E:\SHINHWA\07_품질\2026\수입검사기준서 CN7-TGDI(신).xlsx,173,2026-06-10,이미 있음(동일)
"E:\기존 서류\이광재 부장 서류\기존서류 2\수입검사(1)\수입검사 기준서,절차서\수입검사기준서 JOINT FLANGE\범원\수입검사기준서 DN8 HEV M6(구).xlsx",07_품질,폴더(수입검사기준서 JOINT FLANGE),E:\SHINHWA\07_품질\2026\수입검사기준서 DN8 HEV M6(구).xlsx,170,2026-06-10,이미 있음(동일)
"E:\기존 서류\이광재 부장 서류\기존서류 2\수입검사(1)\수입검사 기준서,절차서\수입검사기준서 JOINT FLANGE\범원\수입검사기준서 DN8 HEV M6(신).xlsx",07_품질,폴더(수입검사기준서 JOINT FLANGE),E:\SHINHWA\07_품질\2026\수입검사기준서 DN8 HEV M6(신).xlsx,173,2026-06-10,이미 있음(동일)
"E:\기존 서류\이광재 부장 서류\기존서류 2\수입검사(1)\수입검사 기준서,절차서\수입검사기준서 JOINT FLANGE\수입검사 기준서 JOINT FLANGE 예전꺼.xlsx",07_품질,폴더(수입검사기준서 JOINT FLANGE),E:\SHINHWA\07_품질\2026\수입검사 기준서 JOINT FLANGE 예전꺼.xlsx,243,2026-06-10,이미 있음(동일)
"E:\기존 서류\이광재 부장 서류\기존서류 2\수입검사(1)\수입검사 기준서,절차서\수입검사기준서 JOINT FLANGE\수입검사기준서 JOINT FLANGE 개정.xlsx",07_품질,폴더(수입검사기준서 JOINT FLANGE),E:\SHINHWA\07_품질\2026\수입검사기준서 JOINT FLANGE 개정.xlsx,458,2026-06-10,이미 있음(동일)
"E:\기존 서류\이광재 부장 서류\기존서류 2\수입검사(1)\수입검사 기준서,절차서\수입검사기준서 JOINT FLANGE\아이정밀1\수입검사기준서 BD-GSL(구).xlsx",07_품질,폴더(수입검사기준서 JOINT FLANGE),E:\SHINHWA\07_품질\2026\수입검사기준서 BD-GSL(구).xlsx,124,2026-06-10,이미 있음(동일)
"E:\기존 서류\이광재 부장 서류\기존서류 2\수입검사(1)\수입검사 기준서,절차서\수입검사기준서 JOINT FLANGE\아이정밀1\수입검사기준서 BD-GSL(신).xlsx",07_품질,폴더(수입검사기준서 JOINT FLANGE),E:\SHINHWA\07_품질\2026\수입검사기준서 BD-GSL(신).xlsx,837,2026-06-10,이미 있음(동일)
"E:\기존 서류\이광재 부장 서류\기존서류 2\수입검사(1)\수입검사 기준서,절차서\수입검사기준서 JOINT FLANGE\아이정밀1\수입검사기준서 PDE 카파개선(신).xlsx",07_품질,폴더(수입검사기준서 JOINT FLANGE),E:\SHINHWA\07_품질\2026\수입검사기준서 PDE 카파개선(신).xlsx,468,2026-06-10,이미 있음(동일)
"E:\기존 서류\이광재 부장 서류\기존서류 2\수입검사(1)\수입검사 기준서,절차서\수입검사기준서 JOINT FLANGE\아이정밀1\수입검사기준서 PDEN PE(구).xlsx",07_품질,폴더(수입검사기준서 JOINT FLANGE),E:\SHINHWA\07_품질\2026\수입검사기준서 PDEN PE(구).xlsx,474,2026-06-10,이미 있음(동일)
"E:\기존 서류\이광재 부장 서류\기존서류 2\수입검사(1)\수입검사 기준서,절차서\수입검사기준서 JOINT FLANGE\아이정밀1\수입검사기준서 PDEN PE(신).xlsx",07_품질,폴더(수입검사기준서 JOINT FLANGE),E:\SHINHWA\07_품질\2026\수입검사기준서 PDEN PE(신).xlsx,468,2026-06-10,이미 있음(동일)
"E:\기존 서류\이광재 부장 서류\기존서류 2\수입검사(1)\수입검사 기준서,절차서\수입검사기준서 JOINT FLANGE\주신정밀\수입검사기준서 CN7(구).xlsx",07_품질,폴더(수입검사기준서 JOINT FLANGE),E:\SHINHWA\07_품질\2026\수입검사기준서 CN7(구).xlsx,471,2026-06-10,이미 있음(동일)
"E:\기존 서류\이광재 부장 서류\기존서류 2\수입검사(1)\수입검사 기준서,절차서\수입검사기준서 JOINT FLANGE\주신정밀\수입검사기준서 CN7(신).xlsx",07_품질,폴더(수입검사기준서 JOINT FLANGE),E:\SHINHWA\07_품질\2026\수입검사기준서 CN7(신).xlsx,472,2026-06-10,이미 있음(동일)
"E:\기존 서류\이광재 부장 서류\기존서류 2\수입검사(1)\수입검사 기준서,절차서\수입검사기준서 JOINT FLANGE\주신정밀\수입검사기준서 HD.xlsx",07_품질,폴더(수입검사기준서 JOINT FLANGE),E:\SHINHWA\07_품질\2026\수입검사기준서 HD.xlsx,125,2026-06-10,이미 있음(동일)
"E:\기존 서류\이광재 부장 서류\기존서류 2\수입검사(1)\수입검사 기준서,절차서\수입검사기준서 JOINT FLANGE\주신정밀\수입검사기준서 JA-TOX(구).xlsx",07_품질,폴더(수입검사기준서 JOINT FLANGE),E:\SHINHWA\07_품질\2026\수입검사기준서 JA-TOX(구).xlsx,148,2026-06-10,이미 있음(동일)
"E:\기존 서류\이광재 부장 서류\기존서류 2\수입검사(1)\수입검사 기준서,절차서\수입검사기준서 JOINT FLANGE\주신정밀\수입검사기준서 JA-TOX(신).xlsx",07_품질,폴더(수입검사기준서 JOINT FLANGE),E:\SHINHWA\07_품질\2026\수입검사기준서 JA-TOX(신).xlsx,144,2026-06-10,이미 있음(동일)
"E:\기존 서류\이광재 부장 서류\기존서류 2\수입검사(1)\수입검사 기준서,절차서\수입검사기준서 JOINT FLANGE\주신정밀\수입검사기준서 TA.xlsx",07_품질,폴더(수입검사기준서 JOINT FLANGE),E:\SHINHWA\07_품질\2026\수입검사기준서 TA.xlsx,138,2026-06-10,이미 있음(동일)
"E:\기존 서류\이광재 부장 서류\기존서류 2\수입검사(1)\수입검사 기준서,절차서\수입검사기준서 PIPE\수입검사기준서 PIPE.xlsx",07_품질,폴더(수입검사기준서 PIPE),E:\SHINHWA\07_품질\2026\수입검사기준서 PIPE.xlsx,354,2026-06-10,이미 있음(동일)
"E:\기존 서류\이광재 부장 서류\기존서류 2\수입검사(1)\수입검사 기준서,절차서\수입검사일지(품질관리)\수입검사일지 2023 11월.xlsx",07_품질,폴더(수입검사일지(품질관리)),E:\SHINHWA\07_품질\2026\수입검사일지 2023 11월.xlsx,49,2026-06-10,이미 있음(동일)
"E:\기존 서류\이광재 부장 서류\기존서류 2\수입검사(1)\수입검사 기준서,절차서\수입검사일지(품질관리)\수입검사일지 2023 12월.xlsx",07_품질,폴더(수입검사일지(품질관리)),E:\SHINHWA\07_품질\2026\수입검사일지 2023 12월.xlsx,50,2026-06-10,이미 있음(동일)
"E:\기존 서류\이광재 부장 서류\기존서류 2\수입검사(1)\수입검사 기준서,절차서\수입검사일지(품질관리)\수입검사일지 2024 1월.xlsx",07_품질,폴더(수입검사일지(품질관리)),E:\SHINHWA\07_품질\2026\수입검사일지 2024 1월.xlsx,50,2026-06-10,이미 있음(동일)
"E:\기존 서류\이광재 부장 서류\기존서류 2\수입검사(1)\수입검사 기준서,절차서\수입검사일지(품질관리)\수입검사일지 2024 2월.xlsx",07_품질,폴더(수입검사일지(품질관리)),E:\SHINHWA\07_품질\2026\수입검사일지 2024 2월.xlsx,49,2026-06-10,이미 있음(동일)
"E:\기존 서류\이광재 부장 서류\기존서류 2\수입검사(1)\수입검사 기준서,절차서\수입검사일지(품질관리)\수입검사일지 2024 3월.xlsx",07_품질,폴더(수입검사일지(품질관리)),E:\SHINHWA\07_품질\2026\수입검사일지 2024 3월.xlsx,49,2026-06-10,이미 있음(동일)
"E:\기존 서류\이광재 부장 서류\기존서류 2\수입검사(1)\수입검사 기준서,절차서\수입검사일지(품질관리)\수입검사일지(모차장님 인수인계건).xlsx",07_품질,폴더(수입검사일지(품질관리)),E:\SHINHWA\07_품질\2026\수입검사일지(모차장님 인수인계건).xlsx,41,2026-06-10,이미 있음(동일)
"E:\기존 서류\이광재 부장 서류\기존서류 2\수입검사(1)\수입검사 기준서,절차서\양식모음\1. 수입검사지침서.xls",07_품질,"폴더(수입검사 기준서,절차서)",E:\SHINHWA\07_품질\2026\1. 수입검사지침서.xls,5071,2026-06-10,이미 있음(동일)
"E:\기존 서류\이광재 부장 서류\기존서류 2\수입검사(1)\수입검사 기준서,절차서\양식모음\2. 외관검사지침서.xls",07_품질,"폴더(수입검사 기준서,절차서)",E:\SHINHWA\07_품질\2026\2. 외관검사지침서.xls,8593,2026-06-10,이미 있음(동일)
"E:\기존 서류\이광재 부장 서류\기존서류 2\수입검사(1)\수입검사 기준서,절차서\양식모음\검사기준서, 협정서 양식.xlsx",07_품질,"폴더(수입검사 기준서,절차서)","E:\SHINHWA\07_품질\2026\검사기준서, 협정서 양식.xlsx",157,2026-06-10,이미 있음(동일)
"E:\기존 서류\이광재 부장 서류\기존서류 2\수입검사(1)\수입검사 기준서,절차서\외관검사지침서.xls",07_품질,"폴더(수입검사 기준서,절차서)",E:\SHINHWA\07_품질\2026\외관검사지침서.xls,8593,2026-06-10,이미 있음(동일)
E:\기존 서류\이광재 부장 서류\기존서류 2\수입검사(1)\수입검사 양식\1. 수입검사지침서.xls,07_품질,폴더(수입검사 양식),E:\SHINHWA\07_품질\2026\1. 수입검사지침서.xls,5071,2026-06-10,이미 있음(동일)
E:\기존 서류\이광재 부장 서류\기존서류 2\수입검사(1)\수입검사 양식\2. 외관검사지침서.xls,07_품질,폴더(수입검사 양식),E:\SHINHWA\07_품질\2026\2. 외관검사지침서.xls,8593,2026-06-10,이미 있음(동일)
"E:\기존 서류\이광재 부장 서류\기존서류 2\수입검사(1)\수입검사 양식\검사기준서, 협정서 양식.xlsx",07_품질,폴더(수입검사 양식),"E:\SHINHWA\07_품질\2026\검사기준서, 협정서 양식.xlsx",157,2026-06-10,이미 있음(동일)
E:\기존 서류\이광재 부장 서류\기존서류 2\수입검사(1)\수입검사일지(품질관리)\수입검사일지 2023 11월.xlsx,07_품질,폴더(수입검사일지(품질관리)),E:\SHINHWA\07_품질\2026\수입검사일지 2023 11월.xlsx,49,2026-06-10,이미 있음(동일)
E:\기존 서류\이광재 부장 서류\기존서류 2\수입검사(1)\수입검사일지(품질관리)\수입검사일지 2023 12월.xlsx,07_품질,폴더(수입검사일지(품질관리)),E:\SHINHWA\07_품질\2026\수입검사일지 2023 12월.xlsx,50,2026-06-10,이미 있음(동일)
E:\기존 서류\이광재 부장 서류\기존서류 2\수입검사(1)\수입검사일지(품질관리)\수입검사일지 2024 1월.xlsx,07_품질,폴더(수입검사일지(품질관리)),E:\SHINHWA\07_품질\2026\수입검사일지 2024 1월.xlsx,50,2026-06-10,이미 있음(동일)
E:\기존 서류\이광재 부장 서류\기존서류 2\수입검사(1)\수입검사일지(품질관리)\수입검사일지 2024 2월.xlsx,07_품질,폴더(수입검사일지(품질관리)),E:\SHINHWA\07_품질\2026\수입검사일지 2024 2월.xlsx,49,2026-06-10,이미 있음(동일)
E:\기존 서류\이광재 부장 서류\기존서류 2\수입검사(1)\수입검사일지(품질관리)\수입검사일지 2024 3월.xlsx,07_품질,폴더(수입검사일지(품질관리)),E:\SHINHWA\07_품질\2026\수입검사일지 2024 3월.xlsx,49,2026-06-10,이미 있음(동일)
E:\기존 서류\이광재 부장 서류\기존서류 2\수입검사(1)\수입검사일지(품질관리)\품질관리 수입검사 2023년.xlsx,07_품질,폴더(수입검사일지(품질관리)),E:\SHINHWA\07_품질\2026\품질관리 수입검사 2023년.xlsx,798,2026-06-10,이미 있음(동일)
E:\기존 서류\이광재 부장 서류\기존서류 2\수입검사(1)\수입검사일지(품질관리)\품질관리 수입검사 2024년.xlsx,07_품질,폴더(수입검사일지(품질관리)),E:\SHINHWA\07_품질\2026\품질관리 수입검사 2024년.xlsx,156,2026-06-10,이미 있음(동일)
E:\기존 서류\이광재 부장 서류\기존서류 2\수입검사(1)\수입검사지침서\0. 계측기_사용법.xls,07_품질,폴더(수입검사지침서),E:\SHINHWA\07_품질\2026\0. 계측기_사용법.xls,725,2026-06-10,이미 있음(동일)
E:\기존 서류\이광재 부장 서류\기존서류 2\수입검사(1)\수입검사지침서\1. 수입검사지침서.xls,07_품질,폴더(수입검사지침서),E:\SHINHWA\07_품질\2026\1. 수입검사지침서.xls,787,2026-06-10,복사 → E:\SHINHWA\07_품질\2026\1. 수입검사지침서_v2.xls
E:\기존 서류\이광재 부장 서류\기존서류 2\수입검사(1)\수입검사지침서\2. 외관검사지침서.xls,07_품질,폴더(수입검사지침서),E:\SHINHWA\07_품질\2026\2. 외관검사지침서.xls,8623,2026-06-10,복사 → E:\SHINHWA\07_품질\2026\2. 외관검사지침서_v2.xls
E:\기존 서류\이광재 부장 서류\기존서류 2\수입검사(1)\수입검사지침서\3. 치수검사지침서_부품.xls,07_품질,폴더(수입검사지침서),E:\SHINHWA\07_품질\2026\3. 치수검사지침서_부품.xls,32453,2026-06-10,이미 있음(동일)
E:\기존 서류\이광재 부장 서류\기존서류 2\수입검사(1)\수입검사지침서\4. 콘티테크_TOC_수입검사(Q160).xlsx,07_품질,폴더(수입검사지침서),E:\SHINHWA\07_품질\2026\4. 콘티테크_TOC_수입검사(Q160).xlsx,14852,2026-06-10,이미 있음(동일)
E:\기존 서류\이광재 부장 서류\기존서류 2\수입검사(1)\수입검사지침서\부품_검사구사진\1458695477307.jpeg,07_품질,폴더(부품_검사구사진),E:\SHINHWA\07_품질\2026\1458695477307.jpeg,200,2026-06-10,이미 있음(동일)
E:\기존 서류\이광재 부장 서류\기존서류 2\수입검사(1)\수입검사지침서\부품_검사구사진\1458695482327.jpeg,07_품질,폴더(부품_검사구사진),E:\SHINHWA\07_품질\2026\1458695482327.jpeg,157,2026-06-10,이미 있음(동일)
E:\기존 서류\이광재 부장 서류\기존서류 2\수입검사(1)\수입검사지침서\부품_검사구사진\1458695486601.jpeg,07_품질,폴더(부품_검사구사진),E:\SHINHWA\07_품질\2026\1458695486601.jpeg,268,2026-06-10,이미 있음(동일)
E:\기존 서류\이광재 부장 서류\기존서류 2\수입검사(1)\수입검사지침서\부품_검사구사진\1458695491431.jpeg,07_품질,폴더(부품_검사구사진),E:\SHINHWA\07_품질\2026\1458695491431.jpeg,268,2026-06-10,이미 있음(동일)
E:\기존 서류\이광재 부장 서류\기존서류 2\수입검사(1)\수입검사지침서\부품_검사구사진\1458695496646.jpeg,07_품질,폴더(부품_검사구사진),E:\SHINHWA\07_품질\2026\1458695496646.jpeg,382,2026-06-10,이미 있음(동일)
E:\기존 서류\이광재 부장 서류\기존서류 2\수입검사(1)\수입검사지침서\부품_검사구사진\1458695500258.jpeg,07_품질,폴더(부품_검사구사진),E:\SHINHWA\07_품질\2026\1458695500258.jpeg,380,2026-06-10,이미 있음(동일)
E:\기존 서류\이광재 부장 서류\기존서류 2\수입검사(1)\수입검사지침서\부품_검사구사진\1458695503565.jpeg,07_품질,폴더(부품_검사구사진),E:\SHINHWA\07_품질\2026\1458695503565.jpeg,389,2026-06-10,이미 있음(동일)
E:\기존 서류\이광재 부장 서류\기존서류 2\수입검사(1)\수입검사지침서\부품_검사구사진\1458695506399.jpeg,07_품질,폴더(부품_검사구사진),E:\SHINHWA\07_품질\2026\1458695506399.jpeg,420,2026-06-10,이미 있음(동일)
E:\기존 서류\이광재 부장 서류\기존서류 2\수입검사(1)\수입검사지침서\부품_검사구사진\20160129_105152.jpg,07_품질,폴더(부품_검사구사진),E:\SHINHWA\07_품질\2026\20160129_105152.jpg,2789,2026-06-10,이미 있음(동일)
E:\기존 서류\이광재 부장 서류\기존서류 2\수입검사(1)\수입검사지침서\부품_검사구사진\20160129_105218.jpg,07_품질,폴더(부품_검사구사진),E:\SHINHWA\07_품질\2026\20160129_105218.jpg,2823,2026-06-10,이미 있음(동일)
E:\기존 서류\이광재 부장 서류\기존서류 2\수입검사(1)\수입검사지침서\수입검사지침서\0. PIPE_ 치수검사 지침서.xlsx,07_품질,폴더(수입검사지침서),E:\SHINHWA\07_품질\2026\0. PIPE_ 치수검사 지침서.xlsx,3116,2026-06-10,이미 있음(동일)
E:\기존 서류\이광재 부장 서류\기존서류 2\수입검사(1)\수입검사지침서\치수검사 지침서(상은).xlsx,07_품질,폴더(수입검사지침서),E:\SHINHWA\07_품질\2026\치수검사 지침서(상은).xlsx,900,2026-06-10,이미 있음(동일)
E:\기존 서류\이광재 부장 서류\기존서류 2\수입검사(1)\수입검사지침서\포레시아 수입검사 지침서\(신화)20191120_수입검사지침서_rev6 - 복사본.xlsx,07_품질,폴더(포레시아 수입검사 지침서),E:\SHINHWA\07_품질\2026\(신화)20191120_수입검사지침서_rev6 - 복사본.xlsx,737,2026-06-10,이미 있음(동일)
E:\기존 서류\이광재 부장 서류\기존서류 2\수입검사(1)\수입검사지침서\포레시아 수입검사 지침서\(신화)YPI-CVE 수입검사지침서(20200122).xlsx,07_품질,폴더(포레시아 수입검사 지침서),E:\SHINHWA\07_품질\2026\(신화)YPI-CVE 수입검사지침서(20200122).xlsx,1568,2026-06-10,이미 있음(동일)
E:\기존 서류\이광재 부장 서류\기존서류 2\수입검사(1)\수입검사지침서\포레시아 수입검사 지침서\두산 사진\20200122_101318_HDR.jpg,07_품질,폴더(포레시아 수입검사 지침서),E:\SHINHWA\07_품질\2026\20200122_101318_HDR.jpg,1711,2026-06-10,이미 있음(동일)
E:\기존 서류\이광재 부장 서류\기존서류 2\수입검사(1)\수입검사지침서\포레시아 수입검사 지침서\두산 사진\20200122_101324.jpg,07_품질,폴더(포레시아 수입검사 지침서),E:\SHINHWA\07_품질\2026\20200122_101324.jpg,1467,2026-06-10,이미 있음(동일)
E:\기존 서류\이광재 부장 서류\기존서류 2\수입검사(1)\수입검사지침서\포레시아 수입검사 지침서\두산 사진\20200122_101340.jpg,07_품질,폴더(포레시아 수입검사 지침서),E:\SHINHWA\07_품질\2026\20200122_101340.jpg,1442,2026-06-10,이미 있음(동일)
E:\기존 서류\이광재 부장 서류\기존서류 2\수입검사(1)\수입검사지침서\포레시아 수입검사 지침서\두산 사진\20200122_101347.jpg,07_품질,폴더(포레시아 수입검사 지침서),E:\SHINHWA\07_품질\2026\20200122_101347.jpg,1416,2026-06-10,이미 있음(동일)
E:\기존 서류\이광재 부장 서류\기존서류 2\수입검사(1)\수입검사지침서\포레시아 수입검사 지침서\두산 사진\20200122_101354.jpg,07_품질,폴더(포레시아 수입검사 지침서),E:\SHINHWA\07_품질\2026\20200122_101354.jpg,1538,2026-06-10,이미 있음(동일)
E:\기존 서류\이광재 부장 서류\기존서류 2\수입검사(1)\수입검사지침서\포레시아 수입검사 지침서\두산 사진\20200122_101400.jpg,07_품질,폴더(포레시아 수입검사 지침서),E:\SHINHWA\07_품질\2026\20200122_101400.jpg,1673,2026-06-10,이미 있음(동일)
E:\기존 서류\이광재 부장 서류\기존서류 2\수입검사(1)\수입검사지침서\포레시아 수입검사 지침서\두산 사진\20200122_101422.jpg,07_품질,폴더(포레시아 수입검사 지침서),E:\SHINHWA\07_품질\2026\20200122_101422.jpg,1561,2026-06-10,이미 있음(동일)
E:\기존 서류\이광재 부장 서류\기존서류 2\수입검사(1)\수입검사지침서\포레시아 수입검사 지침서\두산 사진\20200122_101428.jpg,07_품질,폴더(포레시아 수입검사 지침서),E:\SHINHWA\07_품질\2026\20200122_101428.jpg,1486,2026-06-10,이미 있음(동일)
E:\기존 서류\이광재 부장 서류\기존서류 2\수입검사(1)\수입검사지침서\포레시아 수입검사 지침서\두산 사진\20200122_101444.jpg,07_품질,폴더(포레시아 수입검사 지침서),E:\SHINHWA\07_품질\2026\20200122_101444.jpg,1890,2026-06-10,이미 있음(동일)
E:\기존 서류\이광재 부장 서류\기존서류 2\수입검사(1)\수입검사지침서\포레시아 수입검사 지침서\두산 사진\20200122_101450.jpg,07_품질,폴더(포레시아 수입검사 지침서),E:\SHINHWA\07_품질\2026\20200122_101450.jpg,1594,2026-06-10,이미 있음(동일)
E:\기존 서류\이광재 부장 서류\기존서류 2\수입검사(1)\수입검사지침서\포레시아 수입검사 지침서\두산 사진\20200122_101458.jpg,07_품질,폴더(포레시아 수입검사 지침서),E:\SHINHWA\07_품질\2026\20200122_101458.jpg,1684,2026-06-10,이미 있음(동일)
E:\기존 서류\이광재 부장 서류\기존서류 2\수입검사(1)\수입검사지침서\포레시아 수입검사 지침서\두산 사진\20200122_101514.jpg,07_품질,폴더(포레시아 수입검사 지침서),E:\SHINHWA\07_품질\2026\20200122_101514.jpg,1571,2026-06-10,이미 있음(동일)
E:\기존 서류\이광재 부장 서류\기존서류 2\수입검사(1)\수입검사지침서\포레시아 수입검사 지침서\장안\조재길(H_E)\0_FW_ ___중요___ 협력사별 수입검사 지침서 작성 제출 요청 건(기본틀).zip,07_품질,폴더(포레시아 수입검사 지침서),E:\SHINHWA\07_품질\2026\0_FW_ ___중요___ 협력사별 수입검사 지침서 작성 제출 요청 건(기본틀).zip,1106,2026-06-10,이미 있음(동일)
E:\기존 서류\이광재 부장 서류\기존서류 2\수입검사(1)\수입검사지침서\포레시아 수입검사 지침서\장안\조재길(H_E)\6_신화 H&T 수입검사 지침서 송부건(4종)_180515.zip,07_품질,폴더(포레시아 수입검사 지침서),E:\SHINHWA\07_품질\2026\6_신화 H&T 수입검사 지침서 송부건(4종)_180515.zip,2077,2026-06-10,이미 있음(동일)
E:\기존 서류\이광재 부장 서류\기존서류 2\수입검사(1)\중금속 및 재질 성적서 AL\23년도 3분기 A3003 공인기관 중금속성적서_국문.pdf,07_품질,폴더(중금속 및 재질 성적서 AL),E:\SHINHWA\07_품질\2026\23년도 3분기 A3003 공인기관 중금속성적서_국문.pdf,617,2026-06-10,이미 있음(동일)
E:\기존 서류\이광재 부장 서류\기존서류 2\수입검사(1)\중금속 및 재질 성적서 AL\23년도 3분기 A3103 공인기관 중금속성적서_국문.pdf,07_품질,폴더(중금속 및 재질 성적서 AL),E:\SHINHWA\07_품질\2026\23년도 3분기 A3103 공인기관 중금속성적서_국문.pdf,626,2026-06-10,이미 있음(동일)
E:\기존 서류\이광재 부장 서류\기존서류 2\수입검사(1)\중금속 및 재질 성적서 AL\23년도 4분기 A3003 공인기관 재질성적서_국문 (원본대조필).pdf,07_품질,폴더(중금속 및 재질 성적서 AL),E:\SHINHWA\07_품질\2026\23년도 4분기 A3003 공인기관 재질성적서_국문 (원본대조필).pdf,120,2026-06-10,이미 있음(동일)
E:\기존 서류\이광재 부장 서류\기존서류 2\수입검사(1)\중금속 및 재질 성적서 AL\23년도 4분기 A3103WH 공인기관 재질성적서_국문 (원본대조필).pdf,07_품질,폴더(중금속 및 재질 성적서 AL),E:\SHINHWA\07_품질\2026\23년도 4분기 A3103WH 공인기관 재질성적서_국문 (원본대조필).pdf,120,2026-06-10,이미 있음(동일)
E:\기존 서류\이광재 부장 서류\기존서류 2\수입검사(1)\중금속 및 재질 성적서 AL\A3003 23년 4분기 중금속성적서.pdf,07_품질,폴더(중금속 및 재질 성적서 AL),E:\SHINHWA\07_품질\2026\A3003 23년 4분기 중금속성적서.pdf,1613,2026-06-10,이미 있음(동일)
E:\기존 서류\이광재 부장 서류\기존서류 2\수입검사(1)\중금속 및 재질 성적서 AL\A3003 23년 4분기 합금성분성적서.pdf,07_품질,폴더(중금속 및 재질 성적서 AL),E:\SHINHWA\07_품질\2026\A3003 23년 4분기 합금성분성적서.pdf,505,2026-06-10,이미 있음(동일)
E:\기존 서류\이광재 부장 서류\기존서류 2\수입검사(1)\중금속 및 재질 성적서 AL\A3003 재질_23년도 3분기 (1).pdf,07_품질,폴더(중금속 및 재질 성적서 AL),E:\SHINHWA\07_품질\2026\A3003 재질_23년도 3분기 (1).pdf,421,2026-06-10,이미 있음(동일)
E:\기존 서류\이광재 부장 서류\기존서류 2\수입검사(1)\중금속 및 재질 성적서 AL\A3003_중금속_23년도 하반기.PDF,07_품질,폴더(중금속 및 재질 성적서 AL),E:\SHINHWA\07_품질\2026\A3003_중금속_23년도 하반기.PDF,718,2026-06-10,이미 있음(동일)
E:\기존 서류\이광재 부장 서류\기존서류 2\수입검사(1)\중금속 및 재질 성적서 AL\A3103 23년 4분기 중금속성적서.pdf,07_품질,폴더(중금속 및 재질 성적서 AL),E:\SHINHWA\07_품질\2026\A3103 23년 4분기 중금속성적서.pdf,1608,2026-06-10,이미 있음(동일)
E:\기존 서류\이광재 부장 서류\기존서류 2\수입검사(1)\중금속 및 재질 성적서 AL\A3103 23년 4분기 합금성분성적서.pdf,07_품질,폴더(중금속 및 재질 성적서 AL),E:\SHINHWA\07_품질\2026\A3103 23년 4분기 합금성분성적서.pdf,530,2026-06-10,이미 있음(동일)
E:\기존 서류\이광재 부장 서류\기존서류 2\수입검사(1)\중금속 및 재질 성적서 AL\PA레진_중금속_23년도 하반기.PDF,07_품질,폴더(중금속 및 재질 성적서 AL),E:\SHINHWA\07_품질\2026\PA레진_중금속_23년도 하반기.PDF,625,2026-06-10,이미 있음(동일)
E:\기존 서류\이광재 부장 서류\기존서류 2\수입검사(1)\중금속 및 재질 성적서 AL\회사명_분기_재질(중금속) 성적서 2023 4분기.xlsx,07_품질,폴더(중금속 및 재질 성적서 AL),E:\SHINHWA\07_품질\2026\회사명_분기_재질(중금속) 성적서 2023 4분기.xlsx,7683,2026-06-10,이미 있음(동일)
E:\기존 서류\이광재 부장 서류\기존서류 2\수입검사(1)\중금속 및 재질 성적서 SUS\SJ스틸\재질성적서\SJ304-1.0T2303.pdf,07_품질,폴더(재질성적서),E:\SHINHWA\07_품질\2026\SJ304-1.0T2303.pdf,588,2026-06-10,이미 있음(동일)
E:\기존 서류\이광재 부장 서류\기존서류 2\수입검사(1)\중금속 및 재질 성적서 SUS\SJ스틸\재질성적서\SJ409-1.2T2301.pdf,07_품질,폴더(재질성적서),E:\SHINHWA\07_품질\2026\SJ409-1.2T2301.pdf,571,2026-06-10,이미 있음(동일)
E:\기존 서류\이광재 부장 서류\기존서류 2\수입검사(1)\중금속 및 재질 성적서 SUS\SJ스틸\재질성적서\SJ436-1.2T2302.pdf,07_품질,폴더(재질성적서),E:\SHINHWA\07_품질\2026\SJ436-1.2T2302.pdf,508,2026-06-10,이미 있음(동일)
E:\기존 서류\이광재 부장 서류\기존서류 2\수입검사(1)\중금속 및 재질 성적서 SUS\SJ스틸\중금속성적서\300계열 중금속.pdf,07_품질,폴더(중금속성적서),E:\SHINHWA\07_품질\2026\300계열 중금속.pdf,635,2026-06-10,이미 있음(동일)
E:\기존 서류\이광재 부장 서류\기존서류 2\수입검사(1)\중금속 및 재질 성적서 SUS\SJ스틸\중금속성적서\400계열 중금속.pdf,07_품질,폴더(중금속성적서),E:\SHINHWA\07_품질\2026\400계열 중금속.pdf,649,2026-06-10,이미 있음(동일)
E:\기존 서류\이광재 부장 서류\기존서류 2\수입검사(1)\중금속 및 재질 성적서 SUS\금성파이프\2023년 9월\재질 STKM11A.pdf,07_품질,폴더(중금속 및 재질 성적서 SUS),E:\SHINHWA\07_품질\2026\재질 STKM11A.pdf,156,2026-06-10,이미 있음(동일)
E:\기존 서류\이광재 부장 서류\기존서류 2\수입검사(1)\중금속 및 재질 성적서 SUS\금성파이프\2023년 9월\중금속성적서 STKM11A.pdf,07_품질,폴더(중금속 및 재질 성적서 SUS),E:\SHINHWA\07_품질\2026\중금속성적서 STKM11A.pdf,825,2026-06-10,이미 있음(동일)
E:\기존 서류\이광재 부장 서류\기존서류 2\수입검사(1)\중금속 및 재질 성적서 SUS\대흥정공\재질성적서\TSW10.00x0.7t Z13GPF-N3_재질성적서_230706.pdf,07_품질,폴더(재질성적서),E:\SHINHWA\07_품질\2026\TSW10.00x0.7t Z13GPF-N3_재질성적서_230706.pdf,101,2026-06-10,이미 있음(동일)
E:\기존 서류\이광재 부장 서류\기존서류 2\수입검사(1)\중금속 및 재질 성적서 SUS\대흥정공\중금속성적서\23년 하반기 TSW-GPF-N3 중금속 성적서.pdf,07_품질,폴더(중금속성적서),E:\SHINHWA\07_품질\2026\23년 하반기 TSW-GPF-N3 중금속 성적서.pdf,2621,2026-06-10,이미 있음(동일)
E:\기존 서류\이광재 부장 서류\기존서류 2\수입검사(1)\중금속 및 재질 성적서 SUS\성한정공\재질성적서\1.STS304 2B 2.0T 재질증명서.pdf,07_품질,폴더(재질성적서),E:\SHINHWA\07_품질\2026\1.STS304 2B 2.0T 재질증명서.pdf,988,2026-06-10,이미 있음(동일)
E:\기존 서류\이광재 부장 서류\기존서류 2\수입검사(1)\중금속 및 재질 성적서 SUS\성한정공\재질성적서\2.STS304 2B 1.5T 재질증명서.pdf,07_품질,폴더(재질성적서),E:\SHINHWA\07_품질\2026\2.STS304 2B 1.5T 재질증명서.pdf,1033,2026-06-10,이미 있음(동일)
E:\기존 서류\이광재 부장 서류\기존서류 2\수입검사(1)\중금속 및 재질 성적서 SUS\성한정공\재질성적서\304 2B 1.0T 재질증명서.pdf,07_품질,폴더(재질성적서),E:\SHINHWA\07_품질\2026\304 2B 1.0T 재질증명서.pdf,3240,2026-06-10,이미 있음(동일)
E:\기존 서류\이광재 부장 서류\기존서류 2\수입검사(1)\중금속 및 재질 성적서 SUS\성한정공\재질성적서\4.S1021B 재질성적서.pdf,07_품질,폴더(재질성적서),E:\SHINHWA\07_품질\2026\4.S1021B 재질성적서.pdf,1012,2026-06-10,이미 있음(동일)
E:\기존 서류\이광재 부장 서류\기존서류 2\수입검사(1)\중금속 및 재질 성적서 SUS\성한정공\중금속성적서\3.STS CR300 중금속성적서.pdf,07_품질,폴더(중금속성적서),E:\SHINHWA\07_품질\2026\3.STS CR300 중금속성적서.pdf,4570,2026-06-10,이미 있음(동일)
E:\기존 서류\이광재 부장 서류\기존서류 2\수입검사(1)\중금속 및 재질 성적서 SUS\성한정공\중금속성적서\5.S1021B 중금속성적서.pdf,07_품질,폴더(중금속성적서),E:\SHINHWA\07_품질\2026\5.S1021B 중금속성적서.pdf,3838,2026-06-10,이미 있음(동일)
E:\기존 서류\이광재 부장 서류\기존서류 2\수입검사(1)\중금속 및 재질 성적서 SUS\성한정공\중금속성적서\STS 304 2B 중금속성적서.pdf,07_품질,폴더(중금속성적서),E:\SHINHWA\07_품질\2026\STS 304 2B 중금속성적서.pdf,1147,2026-06-10,이미 있음(동일)
E:\기존 서류\이광재 부장 서류\기존서류 2\수입검사(1)\중금속 및 재질 성적서 SUS\송우산업\클립 정기검사 성적서 14720-13006S(SK5M).pdf,07_품질,폴더(중금속 및 재질 성적서 SUS),E:\SHINHWA\07_품질\2026\클립 정기검사 성적서 14720-13006S(SK5M).pdf,2710,2026-06-10,이미 있음(동일)
E:\기존 서류\이광재 부장 서류\기존서류 2\수입검사(1)\중금속 및 재질 성적서 SUS\송우산업\호스 재질 성적서(VMQ).pdf,07_품질,폴더(중금속 및 재질 성적서 SUS),E:\SHINHWA\07_품질\2026\호스 재질 성적서(VMQ).pdf,59,2026-06-10,이미 있음(동일)
E:\기존 서류\이광재 부장 서류\기존서류 2\수입검사(1)\중금속 및 재질 성적서 SUS\송우산업\호스 중금속 성적서(VMQ).pdf,07_품질,폴더(중금속 및 재질 성적서 SUS),E:\SHINHWA\07_품질\2026\호스 중금속 성적서(VMQ).pdf,536,2026-06-10,이미 있음(동일)
E:\기존 서류\이광재 부장 서류\기존서류 2\수입검사(1)\중금속 및 재질 성적서 SUS\신형\대광) SUS303C 재질 성적서_육각봉.pdf,07_품질,폴더(중금속 및 재질 성적서 SUS),E:\SHINHWA\07_품질\2026\대광) SUS303C 재질 성적서_육각봉.pdf,479,2026-06-10,이미 있음(동일)
E:\기존 서류\이광재 부장 서류\기존서류 2\수입검사(1)\중금속 및 재질 성적서 SUS\신형\대광) SUS303C 중금속 성적서.pdf,07_품질,폴더(중금속 및 재질 성적서 SUS),E:\SHINHWA\07_품질\2026\대광) SUS303C 중금속 성적서.pdf,467,2026-06-10,이미 있음(동일)
E:\기존 서류\이광재 부장 서류\기존서류 2\수입검사(1)\중금속 및 재질 성적서 SUS\아레이몬드\200263001 재질.pdf,07_품질,폴더(중금속 및 재질 성적서 SUS),E:\SHINHWA\07_품질\2026\200263001 재질.pdf,956,2026-06-10,이미 있음(동일)
E:\기존 서류\이광재 부장 서류\기존서류 2\수입검사(1)\중금속 및 재질 성적서 SUS\아레이몬드\200263001 중금속.pdf,07_품질,폴더(중금속 및 재질 성적서 SUS),E:\SHINHWA\07_품질\2026\200263001 중금속.pdf,177,2026-06-10,이미 있음(동일)
E:\기존 서류\이광재 부장 서류\기존서류 2\수입검사\ISIR 서류모음\고객사 ISIR 서류모음\대한냉열\2024.02.28 입고 성적서 AX EV.pdf,07_품질,폴더(고객사 ISIR 서류모음),E:\SHINHWA\07_품질\2026\2024.02.28 입고 성적서 AX EV.pdf,217,2026-06-10,이미 있음(동일)
E:\기존 서류\이광재 부장 서류\기존서류 2\수입검사\ISIR 서류모음\고객사 ISIR 서류모음\대한냉열\CPK.xlsx,07_품질,폴더(고객사 ISIR 서류모음),E:\SHINHWA\07_품질\2026\CPK.xlsx,1838,2026-06-10,이미 있음(동일)
E:\기존 서류\이광재 부장 서류\기존서류 2\수입검사\ISIR 서류모음\고객사 ISIR 서류모음\대한냉열\DHC05-PI-02053_Outer pipe_20221013.dwg,07_품질,폴더(고객사 ISIR 서류모음),E:\SHINHWA\07_품질\2026\DHC05-PI-02053_Outer pipe_20221013.dwg,251,2026-06-10,이미 있음(동일)
E:\기존 서류\이광재 부장 서류\기존서류 2\수입검사\ISIR 서류모음\고객사 ISIR 서류모음\대한냉열\DHC05-PI-02053_Outer pipe_20221013.pdf,07_품질,폴더(고객사 ISIR 서류모음),E:\SHINHWA\07_품질\2026\DHC05-PI-02053_Outer pipe_20221013.pdf,59,2026-06-10,이미 있음(동일)
E:\기존 서류\이광재 부장 서류\기존서류 2\수입검사\ISIR 서류모음\고객사 ISIR 서류모음\대한냉열\OUTER PIPE CHECKER 검사 성적서.xls,07_품질,폴더(고객사 ISIR 서류모음),E:\SHINHWA\07_품질\2026\OUTER PIPE CHECKER 검사 성적서.xls,6254,2026-06-10,이미 있음(동일)
E:\기존 서류\이광재 부장 서류\기존서류 2\수입검사\ISIR 서류모음\고객사 ISIR 서류모음\대한냉열\OUTER PIPE_AXEV ACC_DHC05-PI-02054-000_231220 성적서도면.pdf,07_품질,폴더(고객사 ISIR 서류모음),E:\SHINHWA\07_품질\2026\OUTER PIPE_AXEV ACC_DHC05-PI-02054-000_231220 성적서도면.pdf,673,2026-06-10,이미 있음(동일)
E:\기존 서류\이광재 부장 서류\기존서류 2\수입검사\ISIR 서류모음\고객사 ISIR 서류모음\대한냉열\Outer pipe_#1.txt,07_품질,폴더(고객사 ISIR 서류모음),E:\SHINHWA\07_품질\2026\Outer pipe_#1.txt,2,2026-06-10,이미 있음(동일)
E:\기존 서류\이광재 부장 서류\기존서류 2\수입검사\ISIR 서류모음\고객사 ISIR 서류모음\대한냉열\Outer pipe_#2.txt,07_품질,폴더(고객사 ISIR 서류모음),E:\SHINHWA\07_품질\2026\Outer pipe_#2.txt,2,2026-06-10,이미 있음(동일)
E:\기존 서류\이광재 부장 서류\기존서류 2\수입검사\ISIR 서류모음\고객사 ISIR 서류모음\대한냉열\Outer pipe_#3.txt,07_품질,폴더(고객사 ISIR 서류모음),E:\SHINHWA\07_품질\2026\Outer pipe_#3.txt,2,2026-06-10,이미 있음(동일)
E:\기존 서류\이광재 부장 서류\기존서류 2\수입검사\ISIR 서류모음\고객사 ISIR 서류모음\대한냉열\Outer pipe_#4.txt,07_품질,폴더(고객사 ISIR 서류모음),E:\SHINHWA\07_품질\2026\Outer pipe_#4.txt,2,2026-06-10,이미 있음(동일)
E:\기존 서류\이광재 부장 서류\기존서류 2\수입검사\ISIR 서류모음\고객사 ISIR 서류모음\대한냉열\Outer pipe_#5.txt,07_품질,폴더(고객사 ISIR 서류모음),E:\SHINHWA\07_품질\2026\Outer pipe_#5.txt,2,2026-06-10,이미 있음(동일)
E:\기존 서류\이광재 부장 서류\기존서류 2\수입검사\ISIR 서류모음\고객사 ISIR 서류모음\대한냉열\대한냉열 AX EV ISIR.pdf,07_품질,폴더(고객사 ISIR 서류모음),E:\SHINHWA\07_품질\2026\대한냉열 AX EV ISIR.pdf,9922,2026-06-10,이미 있음(동일)
E:\기존 서류\이광재 부장 서류\기존서류 2\수입검사\ISIR 서류모음\고객사 ISIR 서류모음\대한냉열\대한냉열 품 측정 data.zip,07_품질,폴더(고객사 ISIR 서류모음),E:\SHINHWA\07_품질\2026\대한냉열 품 측정 data.zip,3,2026-06-10,이미 있음(동일)
E:\기존 서류\이광재 부장 서류\기존서류 2\수입검사\ISIR 서류모음\고객사 ISIR 서류모음\대한냉열\승인서류_신화에이치앤티_DHC05-PI-02054_Outer pipe 20240202.xls,07_품질,폴더(고객사 ISIR 서류모음),E:\SHINHWA\07_품질\2026\승인서류_신화에이치앤티_DHC05-PI-02054_Outer pipe 20240202.xls,8100,2026-06-10,이미 있음(동일)
E:\기존 서류\이광재 부장 서류\기존서류 2\수입검사\ISIR 서류모음\고객사 ISIR 서류모음\대한냉열\승인서류_프리텍코리아_CV EV OUTER PIPE_DHC05-PI-02052_220812.xls,07_품질,폴더(고객사 ISIR 서류모음),E:\SHINHWA\07_품질\2026\승인서류_프리텍코리아_CV EV OUTER PIPE_DHC05-PI-02052_220812.xls,4999,2026-06-10,이미 있음(동일)
E:\기존 서류\이광재 부장 서류\기존서류 2\수입검사\ISIR 서류모음\고객사 ISIR 서류모음\대한냉열\양식-협력업체 승인서류 (작성방법설명)-10차개정-2020년11월24일 (1).xlsx,07_품질,폴더(고객사 ISIR 서류모음),E:\SHINHWA\07_품질\2026\양식-협력업체 승인서류 (작성방법설명)-10차개정-2020년11월24일 (1).xlsx,412,2026-06-10,이미 있음(동일)
E:\기존 서류\이광재 부장 서류\기존서류 2\수입검사\ISIR 서류모음\고객사 ISIR 서류모음\대한냉열\원소재 연동적용기준안(1Q근거자료)_240112 (1).xlsx,07_품질,폴더(고객사 ISIR 서류모음),E:\SHINHWA\07_품질\2026\원소재 연동적용기준안(1Q근거자료)_240112 (1).xlsx,178,2026-06-10,이미 있음(동일)
E:\기존 서류\이광재 부장 서류\기존서류 2\수입검사\ISIR 서류모음\고객사 ISIR 서류모음\대한냉열\초중종물 체크시트.xls,07_품질,폴더(고객사 ISIR 서류모음),E:\SHINHWA\07_품질\2026\초중종물 체크시트.xls,338,2026-06-10,이미 있음(동일)
E:\기존 서류\이광재 부장 서류\기존서류 2\수입검사\ISIR 서류모음\고객사 ISIR 서류모음\대한냉열\출하검사기준서.xlsx,07_품질,폴더(고객사 ISIR 서류모음),E:\SHINHWA\07_품질\2026\출하검사기준서.xlsx,123,2026-06-10,이미 있음(동일)
E:\기존 서류\이광재 부장 서류\기존서류 2\수입검사\ISIR 서류모음\고객사 ISIR 서류모음\대한냉열\협력업체 공정감사 평가시트_신화 (1).xls,07_품질,폴더(고객사 ISIR 서류모음),E:\SHINHWA\07_품질\2026\협력업체 공정감사 평가시트_신화 (1).xls,3917,2026-06-10,이미 있음(동일)
E:\기존 서류\이광재 부장 서류\기존서류 2\수입검사\ISIR 서류모음\고객사 ISIR 서류모음\세원\JA 12T TOX(WITH PIN) PIPE ASS`Y-ISIR(Rev.1)_221219.xlsx,07_품질,폴더(고객사 ISIR 서류모음),E:\SHINHWA\07_품질\2026\JA 12T TOX(WITH PIN) PIPE ASS`Y-ISIR(Rev.1)_221219.xlsx,853,2026-06-10,이미 있음(동일)
E:\기존 서류\이광재 부장 서류\기존서류 2\수입검사\ISIR 서류모음\고객사 ISIR 서류모음\세원\KU  ISIR230915 (변경본).xlsx,07_품질,폴더(고객사 ISIR 서류모음),E:\SHINHWA\07_품질\2026\KU  ISIR230915 (변경본).xlsx,1013,2026-06-10,이미 있음(동일)
E:\기존 서류\이광재 부장 서류\기존서류 2\수입검사\ISIR 서류모음\고객사 ISIR 서류모음\융진\융진 Y460\Y460_48105-602200 승인서.xlsm,07_품질,폴더(고객사 ISIR 서류모음),E:\SHINHWA\07_품질\2026\Y460_48105-602200 승인서.xlsm,3838,2026-06-10,이미 있음(동일)
E:\기존 서류\이광재 부장 서류\기존서류 2\수입검사\ISIR 서류모음\고객사 ISIR 서류모음\융진\융진 Y460\Y460_48106-602200 승인서.xlsm,07_품질,폴더(고객사 ISIR 서류모음),E:\SHINHWA\07_품질\2026\Y460_48106-602200 승인서.xlsm,4820,2026-06-10,이미 있음(동일)
E:\기존 서류\이광재 부장 서류\기존서류 2\수입검사\ISIR 서류모음\고객사 ISIR 서류모음\융진\융진 Y460\■외주부품 ISIR 승인서류 양식(KG 제조사 변경) 48106-602200 Y460 LOW.xlsx,07_품질,폴더(고객사 ISIR 서류모음),E:\SHINHWA\07_품질\2026\■외주부품 ISIR 승인서류 양식(KG 제조사 변경) 48106-602200 Y460 LOW.xlsx,5515,2026-06-10,이미 있음(동일)
E:\기존 서류\이광재 부장 서류\기존서류 2\수입검사\ISIR 서류모음\고객사 ISIR 서류모음\융진\융진 Y460\■외주부품 ISIR 승인서류 양식(KG 제조사 변경).xlsx,07_품질,폴더(고객사 ISIR 서류모음),E:\SHINHWA\07_품질\2026\■외주부품 ISIR 승인서류 양식(KG 제조사 변경).xlsx,1095,2026-06-10,이미 있음(동일)
E:\기존 서류\이광재 부장 서류\기존서류 2\수입검사\ISIR 서류모음\고객사 ISIR 서류모음\융진\융진 Y460\신화 Y460 HIGH ISIR 승인서류 2023.xlsm,07_품질,폴더(고객사 ISIR 서류모음),E:\SHINHWA\07_품질\2026\신화 Y460 HIGH ISIR 승인서류 2023.xlsm,10940,2026-06-10,복사 → E:\SHINHWA\07_품질\2026\신화 Y460 HIGH ISIR 승인서류 2023_v3.xlsm
E:\기존 서류\이광재 부장 서류\기존서류 2\수입검사\ISIR 서류모음\고객사 ISIR 서류모음\융진\융진 Y460\신화 Y460 LOW ISIR 승인서류 2023.xlsm,07_품질,폴더(고객사 ISIR 서류모음),E:\SHINHWA\07_품질\2026\신화 Y460 LOW ISIR 승인서류 2023.xlsm,11803,2026-06-10,복사 → E:\SHINHWA\07_품질\2026\신화 Y460 LOW ISIR 승인서류 2023_v3.xlsm
E:\기존 서류\이광재 부장 서류\기존서류 2\수입검사\ISIR 서류모음\고객사 ISIR 서류모음\융진\융진 Y460\차종 현황.xlsx,07_품질,폴더(고객사 ISIR 서류모음),E:\SHINHWA\07_품질\2026\차종 현황.xlsx,16,2026-06-10,이미 있음(동일)
E:\기존 서류\이광재 부장 서류\기존서류 2\수입검사\ISIR 서류모음\고객사 ISIR 서류모음\포레시아\PIPE ASS'Y DPR RR 2638409XF\00. 표지.xls,07_품질,폴더(고객사 ISIR 서류모음),E:\SHINHWA\07_품질\2026\00. 표지.xls,4326,2026-06-10,이미 있음(동일)
E:\기존 서류\이광재 부장 서류\기존서류 2\수입검사\ISIR 서류모음\고객사 ISIR 서류모음\포레시아\PIPE ASS'Y DPR RR 2638409XF\1. 검사협정서_2638409XF.xls,07_품질,폴더(고객사 ISIR 서류모음),E:\SHINHWA\07_품질\2026\1. 검사협정서_2638409XF.xls,3324,2026-06-10,이미 있음(동일)
E:\기존 서류\이광재 부장 서류\기존서류 2\수입검사\ISIR 서류모음\고객사 ISIR 서류모음\포레시아\PIPE ASS'Y DPR RR 2638409XF\10. 제조공정도-2638409XF.xls,07_품질,폴더(고객사 ISIR 서류모음),E:\SHINHWA\07_품질\2026\10. 제조공정도-2638409XF.xls,2524,2026-06-10,이미 있음(동일)
E:\기존 서류\이광재 부장 서류\기존서류 2\수입검사\ISIR 서류모음\고객사 ISIR 서류모음\포레시아\PIPE ASS'Y DPR RR 2638409XF\12. 공정능력조사표2638409XF.xls,07_품질,폴더(고객사 ISIR 서류모음),E:\SHINHWA\07_품질\2026\12. 공정능력조사표2638409XF.xls,6460,2026-06-10,이미 있음(동일)
E:\기존 서류\이광재 부장 서류\기존서류 2\수입검사\ISIR 서류모음\고객사 ISIR 서류모음\포레시아\PIPE ASS'Y DPR RR 2638409XF\18. 2차공급자현황2638409XF.xls,07_품질,폴더(고객사 ISIR 서류모음),E:\SHINHWA\07_품질\2026\18. 2차공급자현황2638409XF.xls,2596,2026-06-10,이미 있음(동일)
E:\기존 서류\이광재 부장 서류\기존서류 2\수입검사\ISIR 서류모음\고객사 ISIR 서류모음\포레시아\PIPE ASS'Y DPR RR 2638409XF\19. 재질시험성적서-2638409XF.xls,07_품질,폴더(고객사 ISIR 서류모음),E:\SHINHWA\07_품질\2026\19. 재질시험성적서-2638409XF.xls,2962,2026-06-10,이미 있음(동일)
E:\기존 서류\이광재 부장 서류\기존서류 2\수입검사\ISIR 서류모음\고객사 ISIR 서류모음\포레시아\PIPE ASS'Y DPR RR 2638409XF\2. 검사기준서_2638409XF.xls,07_품질,폴더(고객사 ISIR 서류모음),E:\SHINHWA\07_품질\2026\2. 검사기준서_2638409XF.xls,5488,2026-06-10,이미 있음(동일)
E:\기존 서류\이광재 부장 서류\기존서류 2\수입검사\ISIR 서류모음\고객사 ISIR 서류모음\포레시아\PIPE ASS'Y DPR RR 2638409XF\20230818_28998-2r000_pipe_diff_rr.pdf,07_품질,폴더(고객사 ISIR 서류모음),E:\SHINHWA\07_품질\2026\20230818_28998-2r000_pipe_diff_rr.pdf,1939,2026-06-10,이미 있음(동일)
E:\기존 서류\이광재 부장 서류\기존서류 2\수입검사\ISIR 서류모음\고객사 ISIR 서류모음\포레시아\PIPE ASS'Y DPR RR 2638409XF\20230818_28998-2r000_pipe_diff_rr.png,07_품질,폴더(고객사 ISIR 서류모음),E:\SHINHWA\07_품질\2026\20230818_28998-2r000_pipe_diff_rr.png,1493,2026-06-10,이미 있음(동일)
E:\기존 서류\이광재 부장 서류\기존서류 2\수입검사\ISIR 서류모음\고객사 ISIR 서류모음\포레시아\PIPE ASS'Y DPR RR 2638409XF\20230818_28998-2r000_pipe_diff_rr.tif,07_품질,폴더(고객사 ISIR 서류모음),E:\SHINHWA\07_품질\2026\20230818_28998-2r000_pipe_diff_rr.tif,247,2026-06-10,이미 있음(동일)
E:\기존 서류\이광재 부장 서류\기존서류 2\수입검사\ISIR 서류모음\고객사 ISIR 서류모음\포레시아\PIPE ASS'Y DPR RR 2638409XF\26. 공정감사대책서-2638409XF.ppt,07_품질,폴더(고객사 ISIR 서류모음),E:\SHINHWA\07_품질\2026\26. 공정감사대책서-2638409XF.ppt,1225,2026-06-10,이미 있음(동일)
E:\기존 서류\이광재 부장 서류\기존서류 2\수입검사\ISIR 서류모음\고객사 ISIR 서류모음\포레시아\PIPE ASS'Y DPR RR 2638409XF\3. 초도품보증서_2638409XF.xls,07_품질,폴더(고객사 ISIR 서류모음),E:\SHINHWA\07_품질\2026\3. 초도품보증서_2638409XF.xls,2802,2026-06-10,이미 있음(동일)
E:\기존 서류\이광재 부장 서류\기존서류 2\수입검사\ISIR 서류모음\고객사 ISIR 서류모음\포레시아\PIPE ASS'Y DPR RR 2638409XF\4. 검사성적서-2638409XF.xls,07_품질,폴더(고객사 ISIR 서류모음),E:\SHINHWA\07_품질\2026\4. 검사성적서-2638409XF.xls,3915,2026-06-10,이미 있음(동일)
E:\기존 서류\이광재 부장 서류\기존서류 2\수입검사\ISIR 서류모음\고객사 ISIR 서류모음\포레시아\PIPE ASS'Y DPR RR 2638409XF\8. PFMEA-2638409XF.xls,07_품질,폴더(고객사 ISIR 서류모음),E:\SHINHWA\07_품질\2026\8. PFMEA-2638409XF.xls,1872,2026-06-10,이미 있음(동일)
E:\기존 서류\이광재 부장 서류\기존서류 2\수입검사\ISIR 서류모음\고객사 ISIR 서류모음\포레시아\PIPE ASS'Y DPR RR 2638409XF\9. 관리계획서-2638409XF.xls,07_품질,폴더(고객사 ISIR 서류모음),E:\SHINHWA\07_품질\2026\9. 관리계획서-2638409XF.xls,3393,2026-06-10,이미 있음(동일)
E:\기존 서류\이광재 부장 서류\기존서류 2\수입검사\ISIR 서류모음\고객사 ISIR 서류모음\포레시아\PIPE ASS'Y DPR RR 2638409XF\검사성적서_2638409XF-.xls,07_품질,폴더(고객사 ISIR 서류모음),E:\SHINHWA\07_품질\2026\검사성적서_2638409XF-.xls,4238,2026-06-10,이미 있음(동일)
E:\기존 서류\이광재 부장 서류\기존서류 2\수입검사\ISIR 서류모음\고객사 ISIR 서류모음\포레시아\PIPE ASS'Y DPR RR 2638409XF\공정능력\11.0.jpg,07_품질,폴더(고객사 ISIR 서류모음),E:\SHINHWA\07_품질\2026\11.0.jpg,472,2026-06-10,이미 있음(동일)
E:\기존 서류\이광재 부장 서류\기존서류 2\수입검사\ISIR 서류모음\고객사 ISIR 서류모음\포레시아\PIPE ASS'Y DPR RR 2638409XF\공정능력\27. 공정능력조사표(신규)-(9).xls,07_품질,폴더(고객사 ISIR 서류모음),E:\SHINHWA\07_품질\2026\27. 공정능력조사표(신규)-(9).xls,307,2026-06-10,이미 있음(동일)
E:\기존 서류\이광재 부장 서류\기존서류 2\수입검사\ISIR 서류모음\고객사 ISIR 서류모음\포레시아\PIPE ASS'Y DPR RR 2638409XF\공정능력\9.0(1).jpg,07_품질,폴더(고객사 ISIR 서류모음),E:\SHINHWA\07_품질\2026\9.0(1).jpg,464,2026-06-10,이미 있음(동일)
E:\기존 서류\이광재 부장 서류\기존서류 2\수입검사\ISIR 서류모음\고객사 ISIR 서류모음\포레시아\PIPE ASS'Y DPR RR 2638409XF\공정능력\9.0(2).jpg,07_품질,폴더(고객사 ISIR 서류모음),E:\SHINHWA\07_품질\2026\9.0(2).jpg,470,2026-06-10,이미 있음(동일)
E:\기존 서류\이광재 부장 서류\기존서류 2\수입검사\ISIR 서류모음\고객사 ISIR 서류모음\포레시아\PIPE ASS'Y DPR RR 2638409XF\도면_28998-2r000_pipe_diff_rr.pdf,07_품질,폴더(고객사 ISIR 서류모음),E:\SHINHWA\07_품질\2026\도면_28998-2r000_pipe_diff_rr.pdf,1939,2026-06-10,이미 있음(동일)
E:\기존 서류\이광재 부장 서류\기존서류 2\수입검사\ISIR 서류모음\고객사 ISIR 서류모음\포레시아\PIPE ASS'Y DPR RR 2638409XF\사양변경서\NEW-R엔진 DPF 차압파이프 사양변경서(포레시아).pptx,07_품질,폴더(고객사 ISIR 서류모음),E:\SHINHWA\07_품질\2026\NEW-R엔진 DPF 차압파이프 사양변경서(포레시아).pptx,1704,2026-06-10,이미 있음(동일)
E:\기존 서류\이광재 부장 서류\기존서류 2\수입검사\ISIR 서류모음\고객사 ISIR 서류모음\포레시아\PIPE ASS'Y DPR RR 2638409XF\승인서류 PDF\9. 관리계획서-2638409XF.pdf,07_품질,폴더(고객사 ISIR 서류모음),E:\SHINHWA\07_품질\2026\9. 관리계획서-2638409XF.pdf,382,2026-06-10,이미 있음(동일)
E:\기존 서류\이광재 부장 서류\기존서류 2\수입검사\ISIR 서류모음\고객사 ISIR 서류모음\포레시아\PIPE ASS'Y DPR RR 2638409XF\승인서류 PDF\검사기준서.pdf,07_품질,폴더(고객사 ISIR 서류모음),E:\SHINHWA\07_품질\2026\검사기준서.pdf,1041,2026-06-10,이미 있음(동일)
E:\기존 서류\이광재 부장 서류\기존서류 2\수입검사\ISIR 서류모음\고객사 ISIR 서류모음\포레시아\PIPE ASS'Y DPR RR 2638409XF\승인서류 PDF\검사성적서.pdf,07_품질,폴더(고객사 ISIR 서류모음),E:\SHINHWA\07_품질\2026\검사성적서.pdf,521,2026-06-10,이미 있음(동일)
E:\기존 서류\이광재 부장 서류\기존서류 2\수입검사\ISIR 서류모음\고객사 ISIR 서류모음\포레시아\PIPE ASS'Y DPR RR 2638409XF\승인서류 PDF\검사협정서.pdf,07_품질,폴더(고객사 ISIR 서류모음),E:\SHINHWA\07_품질\2026\검사협정서.pdf,854,2026-06-10,이미 있음(동일)
E:\기존 서류\이광재 부장 서류\기존서류 2\수입검사\ISIR 서류모음\고객사 ISIR 서류모음\포레시아\PIPE ASS'Y DPR RR 2638409XF\승인서류 PDF\공정FMEA.pdf,07_품질,폴더(고객사 ISIR 서류모음),E:\SHINHWA\07_품질\2026\공정FMEA.pdf,1628,2026-06-10,이미 있음(동일)
E:\기존 서류\이광재 부장 서류\기존서류 2\수입검사\ISIR 서류모음\고객사 ISIR 서류모음\포레시아\PIPE ASS'Y DPR RR 2638409XF\승인서류 PDF\관리계획서.pdf,07_품질,폴더(고객사 ISIR 서류모음),E:\SHINHWA\07_품질\2026\관리계획서.pdf,1807,2026-06-10,이미 있음(동일)
E:\기존 서류\이광재 부장 서류\기존서류 2\수입검사\ISIR 서류모음\고객사 ISIR 서류모음\포레시아\PIPE ASS'Y DPR RR 2638409XF\승인서류 PDF\도면.pdf,07_품질,폴더(고객사 ISIR 서류모음),E:\SHINHWA\07_품질\2026\도면.pdf,459,2026-06-10,이미 있음(동일)
E:\기존 서류\이광재 부장 서류\기존서류 2\수입검사\ISIR 서류모음\고객사 ISIR 서류모음\포레시아\PIPE ASS'Y DPR RR 2638409XF\승인서류 PDF\변경사유서.pdf,07_품질,폴더(고객사 ISIR 서류모음),E:\SHINHWA\07_품질\2026\변경사유서.pdf,1050,2026-06-10,이미 있음(동일)
E:\기존 서류\이광재 부장 서류\기존서류 2\수입검사\ISIR 서류모음\고객사 ISIR 서류모음\포레시아\PIPE ASS'Y DPR RR 2638409XF\승인서류 PDF\용접품질성적서-2638409XF.pdf,07_품질,폴더(고객사 ISIR 서류모음),E:\SHINHWA\07_품질\2026\용접품질성적서-2638409XF.pdf,152,2026-06-10,이미 있음(동일)
E:\기존 서류\이광재 부장 서류\기존서류 2\수입검사\ISIR 서류모음\고객사 ISIR 서류모음\포레시아\PIPE ASS'Y DPR RR 2638409XF\승인서류 PDF\용접품질성적서.pdf,07_품질,폴더(고객사 ISIR 서류모음),E:\SHINHWA\07_품질\2026\용접품질성적서.pdf,350,2026-06-10,이미 있음(동일)
"E:\기존 서류\이광재 부장 서류\기존서류 2\수입검사\ISIR 서류모음\고객사 ISIR 서류모음\포레시아\PIPE ASS'Y DPR RR 2638409XF\승인서류 PDF\재질,중금속 성적서\200263001 C67S 재질).pdf",07_품질,"폴더(재질,중금속 성적서)",E:\SHINHWA\07_품질\2026\200263001 C67S 재질).pdf,675,2026-06-10,이미 있음(동일)
"E:\기존 서류\이광재 부장 서류\기존서류 2\수입검사\ISIR 서류모음\고객사 ISIR 서류모음\포레시아\PIPE ASS'Y DPR RR 2638409XF\승인서류 PDF\재질,중금속 성적서\200263001 C67S 중금속.pdf",07_품질,"폴더(재질,중금속 성적서)",E:\SHINHWA\07_품질\2026\200263001 C67S 중금속.pdf,131,2026-06-10,이미 있음(동일)
"E:\기존 서류\이광재 부장 서류\기존서류 2\수입검사\ISIR 서류모음\고객사 ISIR 서류모음\포레시아\PIPE ASS'Y DPR RR 2638409XF\승인서류 PDF\재질,중금속 성적서\SJ304-1.0T2302.pdf",07_품질,"폴더(재질,중금속 성적서)",E:\SHINHWA\07_품질\2026\SJ304-1.0T2302.pdf,560,2026-06-10,이미 있음(동일)
"E:\기존 서류\이광재 부장 서류\기존서류 2\수입검사\ISIR 서류모음\고객사 ISIR 서류모음\포레시아\PIPE ASS'Y DPR RR 2638409XF\승인서류 PDF\재질,중금속 성적서\STS 304 중금속 성적서.pdf",07_품질,"폴더(재질,중금속 성적서)",E:\SHINHWA\07_품질\2026\STS 304 중금속 성적서.pdf,541,2026-06-10,이미 있음(동일)
"E:\기존 서류\이광재 부장 서류\기존서류 2\수입검사\ISIR 서류모음\고객사 ISIR 서류모음\포레시아\PIPE ASS'Y DPR RR 2638409XF\승인서류 PDF\재질,중금속 성적서\STS304 2.0t 재질성적서_230427.pdf",07_품질,"폴더(재질,중금속 성적서)",E:\SHINHWA\07_품질\2026\STS304 2.0t 재질성적서_230427.pdf,254,2026-06-10,이미 있음(동일)
"E:\기존 서류\이광재 부장 서류\기존서류 2\수입검사\ISIR 서류모음\고객사 ISIR 서류모음\포레시아\PIPE ASS'Y DPR RR 2638409XF\승인서류 PDF\재질,중금속 성적서\SUS303C 재질 성적서_육각봉.pdf",07_품질,"폴더(재질,중금속 성적서)",E:\SHINHWA\07_품질\2026\SUS303C 재질 성적서_육각봉.pdf,479,2026-06-10,이미 있음(동일)
"E:\기존 서류\이광재 부장 서류\기존서류 2\수입검사\ISIR 서류모음\고객사 ISIR 서류모음\포레시아\PIPE ASS'Y DPR RR 2638409XF\승인서류 PDF\재질,중금속 성적서\SUS303C 중금속 성적서.pdf",07_품질,"폴더(재질,중금속 성적서)",E:\SHINHWA\07_품질\2026\SUS303C 중금속 성적서.pdf,467,2026-06-10,이미 있음(동일)
E:\기존 서류\이광재 부장 서류\기존서류 2\수입검사\ISIR 서류모음\고객사 ISIR 서류모음\포레시아\PIPE ASS'Y DPR RR 2638409XF\승인서류 PDF\재질성적서및 중금속성적서.pdf,07_품질,폴더(고객사 ISIR 서류모음),E:\SHINHWA\07_품질\2026\재질성적서및 중금속성적서.pdf,5656,2026-06-10,이미 있음(동일)
E:\기존 서류\이광재 부장 서류\기존서류 2\수입검사\ISIR 서류모음\고객사 ISIR 서류모음\포레시아\PIPE ASS'Y DPR RR 2638409XF\승인서류 PDF\초도품보증서.pdf,07_품질,폴더(고객사 ISIR 서류모음),E:\SHINHWA\07_품질\2026\초도품보증서.pdf,438,2026-06-10,이미 있음(동일)
E:\기존 서류\이광재 부장 서류\기존서류 2\수입검사\ISIR 서류모음\고객사 ISIR 서류모음\포레시아\PIPE ASS'Y DPR RR 2638409XF\용접품질성적서-2638409XF.xlsx,07_품질,폴더(고객사 ISIR 서류모음),E:\SHINHWA\07_품질\2026\용접품질성적서-2638409XF.xlsx,764,2026-06-10,이미 있음(동일)
"E:\기존 서류\이광재 부장 서류\기존서류 2\수입검사\ISIR 서류모음\고객사 ISIR 서류모음\포레시아\PIPE ASS'Y DPR RR 2638409XF\재질,중금속 성적서\200263001 C67S 재질).pdf",07_품질,"폴더(재질,중금속 성적서)",E:\SHINHWA\07_품질\2026\200263001 C67S 재질).pdf,675,2026-06-10,이미 있음(동일)
"E:\기존 서류\이광재 부장 서류\기존서류 2\수입검사\ISIR 서류모음\고객사 ISIR 서류모음\포레시아\PIPE ASS'Y DPR RR 2638409XF\재질,중금속 성적서\200263001 C67S 중금속.pdf",07_품질,"폴더(재질,중금속 성적서)",E:\SHINHWA\07_품질\2026\200263001 C67S 중금속.pdf,131,2026-06-10,이미 있음(동일)
"E:\기존 서류\이광재 부장 서류\기존서류 2\수입검사\ISIR 서류모음\고객사 ISIR 서류모음\포레시아\PIPE ASS'Y DPR RR 2638409XF\재질,중금속 성적서\SJ304-1.0T2302.pdf",07_품질,"폴더(재질,중금속 성적서)",E:\SHINHWA\07_품질\2026\SJ304-1.0T2302.pdf,560,2026-06-10,이미 있음(동일)
"E:\기존 서류\이광재 부장 서류\기존서류 2\수입검사\ISIR 서류모음\고객사 ISIR 서류모음\포레시아\PIPE ASS'Y DPR RR 2638409XF\재질,중금속 성적서\STS 304 중금속 성적서.pdf",07_품질,"폴더(재질,중금속 성적서)",E:\SHINHWA\07_품질\2026\STS 304 중금속 성적서.pdf,541,2026-06-10,이미 있음(동일)
"E:\기존 서류\이광재 부장 서류\기존서류 2\수입검사\ISIR 서류모음\고객사 ISIR 서류모음\포레시아\PIPE ASS'Y DPR RR 2638409XF\재질,중금속 성적서\STS304 2.0t 재질성적서_230427.pdf",07_품질,"폴더(재질,중금속 성적서)",E:\SHINHWA\07_품질\2026\STS304 2.0t 재질성적서_230427.pdf,254,2026-06-10,이미 있음(동일)
"E:\기존 서류\이광재 부장 서류\기존서류 2\수입검사\ISIR 서류모음\고객사 ISIR 서류모음\포레시아\PIPE ASS'Y DPR RR 2638409XF\재질,중금속 성적서\SUS303C 재질 성적서_육각봉.pdf",07_품질,"폴더(재질,중금속 성적서)",E:\SHINHWA\07_품질\2026\SUS303C 재질 성적서_육각봉.pdf,479,2026-06-10,이미 있음(동일)
"E:\기존 서류\이광재 부장 서류\기존서류 2\수입검사\ISIR 서류모음\고객사 ISIR 서류모음\포레시아\PIPE ASS'Y DPR RR 2638409XF\재질,중금속 성적서\SUS303C 중금속 성적서.pdf",07_품질,"폴더(재질,중금속 성적서)",E:\SHINHWA\07_품질\2026\SUS303C 중금속 성적서.pdf,467,2026-06-10,이미 있음(동일)
E:\기존 서류\이광재 부장 서류\기존서류 2\수입검사\ISIR 서류모음\고객사 ISIR 서류모음\포레시아\PIPE ASS'Y DPR RR 2638409XF\협력사 공정감사-2638409XF.xls,07_품질,폴더(고객사 ISIR 서류모음),E:\SHINHWA\07_품질\2026\협력사 공정감사-2638409XF.xls,4298,2026-06-10,이미 있음(동일)
E:\기존 서류\이광재 부장 서류\기존서류 2\수입검사\ISIR 서류모음\협력사 ISIR 서류모음\CUTTING 업체\아보텍\AB-KS-01_ISIR 서류 (12x1.2x218.5) _ A3103WH_21.06.25.xlsx,07_품질,폴더(협력사 ISIR 서류모음),E:\SHINHWA\07_품질\2026\AB-KS-01_ISIR 서류 (12x1.2x218.5) _ A3103WH_21.06.25.xlsx,4794,2026-06-10,이미 있음(동일)
E:\기존 서류\이광재 부장 서류\기존서류 2\수입검사\ISIR 서류모음\협력사 ISIR 서류모음\CUTTING 업체\아보텍\ISIR (Ø14×1t×288.5L)_아보텍.xls,07_품질,폴더(협력사 ISIR 서류모음),E:\SHINHWA\07_품질\2026\ISIR (Ø14×1t×288.5L)_아보텍.xls,2685,2026-06-10,이미 있음(동일)
E:\기존 서류\이광재 부장 서류\기존서류 2\수입검사\ISIR 서류모음\협력사 ISIR 서류모음\CUTTING 업체\아보텍\ISIR (Ø23×1t×280L)_아보텍.xls,07_품질,폴더(협력사 ISIR 서류모음),E:\SHINHWA\07_품질\2026\ISIR (Ø23×1t×280L)_아보텍.xls,2691,2026-06-10,이미 있음(동일)
E:\기존 서류\이광재 부장 서류\기존서류 2\수입검사\ISIR 서류모음\협력사 ISIR 서류모음\CUTTING 업체\아보텍\ISIR 12X1.2X218.5 WH-AB-01.xlsx,07_품질,폴더(협력사 ISIR 서류모음),E:\SHINHWA\07_품질\2026\ISIR 12X1.2X218.5 WH-AB-01.xlsx,11585,2026-06-10,이미 있음(동일)
E:\기존 서류\이광재 부장 서류\기존서류 2\수입검사\ISIR 서류모음\협력사 ISIR 서류모음\CUTTING 업체\아보텍\ISIR 8X1.0X532 WH-AB-02.xlsx,07_품질,폴더(협력사 ISIR 서류모음),E:\SHINHWA\07_품질\2026\ISIR 8X1.0X532 WH-AB-02.xlsx,11584,2026-06-10,이미 있음(동일)
E:\기존 서류\이광재 부장 서류\기존서류 2\수입검사\ISIR 서류모음\협력사 ISIR 서류모음\CUTTING 업체\정종공업\ISIR (T1XX).xlsx,07_품질,폴더(협력사 ISIR 서류모음),E:\SHINHWA\07_품질\2026\ISIR (T1XX).xlsx,303,2026-06-10,이미 있음(동일)
E:\기존 서류\이광재 부장 서류\기존서류 2\수입검사\ISIR 서류모음\협력사 ISIR 서류모음\FLANGE업체\다온텍\(주)다온이노베이션_(주)신화에이치앤티 DN8 N M8(핀有) JOINT FLANGE BLOCK ISIR.xlsx,07_품질,폴더(협력사 ISIR 서류모음),E:\SHINHWA\07_품질\2026\(주)다온이노베이션_(주)신화에이치앤티 DN8 N M8(핀有) JOINT FLANGE BLOCK ISIR.xlsx,1501,2026-06-10,이미 있음(동일)
E:\기존 서류\이광재 부장 서류\기존서류 2\수입검사\ISIR 서류모음\협력사 ISIR 서류모음\FLANGE업체\다온텍\(주)다온이노베이션_(주)신화에이치앤티 DN8 N M8(핀無) JOINT FLANGE BLOCK ISIR.xlsx,07_품질,폴더(협력사 ISIR 서류모음),E:\SHINHWA\07_품질\2026\(주)다온이노베이션_(주)신화에이치앤티 DN8 N M8(핀無) JOINT FLANGE BLOCK ISIR.xlsx,1479,2026-06-10,이미 있음(동일)
E:\기존 서류\이광재 부장 서류\기존서류 2\수입검사\ISIR 서류모음\협력사 ISIR 서류모음\FLANGE업체\다온텍\(주)다온이노베이션_(주)신화에이치앤티 DN8(HEV) M8(핀有) JOINT FLANGE BLOCK ISIR.xlsx,07_품질,폴더(협력사 ISIR 서류모음),E:\SHINHWA\07_품질\2026\(주)다온이노베이션_(주)신화에이치앤티 DN8(HEV) M8(핀有) JOINT FLANGE BLOCK ISIR.xlsx,1499,2026-06-10,이미 있음(동일)
E:\기존 서류\이광재 부장 서류\기존서류 2\수입검사\ISIR 서류모음\협력사 ISIR 서류모음\FLANGE업체\다온텍\(주)다온이노베이션_(주)신화에이치앤티 DN8(HEV) M8(핀無) JOINT FLANGE BLOCK ISIR.xlsx,07_품질,폴더(협력사 ISIR 서류모음),E:\SHINHWA\07_품질\2026\(주)다온이노베이션_(주)신화에이치앤티 DN8(HEV) M8(핀無) JOINT FLANGE BLOCK ISIR.xlsx,1464,2026-06-10,이미 있음(동일)
E:\기존 서류\이광재 부장 서류\기존서류 2\수입검사\ISIR 서류모음\협력사 ISIR 서류모음\FLANGE업체\다온텍\(주)다온이노베이션_(주)신화에이치앤티 DN8(TGDI) M8(핀無) JOINT FLANGE BLOCK ISIR.xlsx,07_품질,폴더(협력사 ISIR 서류모음),E:\SHINHWA\07_품질\2026\(주)다온이노베이션_(주)신화에이치앤티 DN8(TGDI) M8(핀無) JOINT FLANGE BLOCK ISIR.xlsx,1441,2026-06-10,이미 있음(동일)
E:\기존 서류\이광재 부장 서류\기존서류 2\수입검사\ISIR 서류모음\협력사 ISIR 서류모음\FLANGE업체\다온텍\CD TGDI JOINT FLANGE ISIR(신냉매).xlsx,07_품질,폴더(협력사 ISIR 서류모음),E:\SHINHWA\07_품질\2026\CD TGDI JOINT FLANGE ISIR(신냉매).xlsx,975,2026-06-10,이미 있음(동일)
E:\기존 서류\이광재 부장 서류\기존서류 2\수입검사\ISIR 서류모음\협력사 ISIR 서류모음\FLANGE업체\다온텍\DN8 N GSL JOINT FLANGE ISIR(구냉매).xlsx,07_품질,폴더(협력사 ISIR 서류모음),E:\SHINHWA\07_품질\2026\DN8 N GSL JOINT FLANGE ISIR(구냉매).xlsx,3478,2026-06-10,이미 있음(동일)
E:\기존 서류\이광재 부장 서류\기존서류 2\수입검사\ISIR 서류모음\협력사 ISIR 서류모음\FLANGE업체\다온텍\DN8 N GSL JOINT FLANGE ISIR(신냉매).xlsx,07_품질,폴더(협력사 ISIR 서류모음),E:\SHINHWA\07_품질\2026\DN8 N GSL JOINT FLANGE ISIR(신냉매).xlsx,3475,2026-06-10,이미 있음(동일)
E:\기존 서류\이광재 부장 서류\기존서류 2\수입검사\ISIR 서류모음\협력사 ISIR 서류모음\FLANGE업체\범원\CN7(TGDI)_구냉매 ISRI 서류.xlsx,07_품질,폴더(협력사 ISIR 서류모음),E:\SHINHWA\07_품질\2026\CN7(TGDI)_구냉매 ISRI 서류.xlsx,865,2026-06-10,이미 있음(동일)
E:\기존 서류\이광재 부장 서류\기존서류 2\수입검사\ISIR 서류모음\협력사 ISIR 서류모음\FLANGE업체\범원\CN7(TGDI)_신냉매 ISRI 서류.xlsx,07_품질,폴더(협력사 ISIR 서류모음),E:\SHINHWA\07_품질\2026\CN7(TGDI)_신냉매 ISRI 서류.xlsx,965,2026-06-10,이미 있음(동일)
E:\기존 서류\이광재 부장 서류\기존서류 2\수입검사\ISIR 서류모음\협력사 ISIR 서류모음\FLANGE업체\범원\DN8(HEV)_구냉매 ISRI 서류.xlsx,07_품질,폴더(협력사 ISIR 서류모음),E:\SHINHWA\07_품질\2026\DN8(HEV)_구냉매 ISRI 서류.xlsx,858,2026-06-10,이미 있음(동일)
E:\기존 서류\이광재 부장 서류\기존서류 2\수입검사\ISIR 서류모음\협력사 ISIR 서류모음\FLANGE업체\범원\DN8(HEV)_신냉매 ISRI 서류.xlsx,07_품질,폴더(협력사 ISIR 서류모음),E:\SHINHWA\07_품질\2026\DN8(HEV)_신냉매 ISRI 서류.xlsx,919,2026-06-10,이미 있음(동일)
E:\기존 서류\이광재 부장 서류\기존서류 2\수입검사\ISIR 서류모음\협력사 ISIR 서류모음\FLANGE업체\아이정밀\191010 ISIR_BD 구냉매.xlsx,07_품질,폴더(협력사 ISIR 서류모음),E:\SHINHWA\07_품질\2026\191010 ISIR_BD 구냉매.xlsx,2265,2026-06-10,이미 있음(동일)
E:\기존 서류\이광재 부장 서류\기존서류 2\수입검사\ISIR 서류모음\협력사 ISIR 서류모음\FLANGE업체\아이정밀\191010 ISIR_BD 신냉매.xlsx,07_품질,폴더(협력사 ISIR 서류모음),E:\SHINHWA\07_품질\2026\191010 ISIR_BD 신냉매.xlsx,2537,2026-06-10,이미 있음(동일)
E:\기존 서류\이광재 부장 서류\기존서류 2\수입검사\ISIR 서류모음\협력사 ISIR 서류모음\FLANGE업체\아이정밀\200923 ISIR_PDE 카파개선 신냉매.xlsx,07_품질,폴더(협력사 ISIR 서류모음),E:\SHINHWA\07_품질\2026\200923 ISIR_PDE 카파개선 신냉매.xlsx,2806,2026-06-10,이미 있음(동일)
E:\기존 서류\이광재 부장 서류\기존서류 2\수입검사\ISIR 서류모음\협력사 ISIR 서류모음\FLANGE업체\아이정밀\200923 ISIR_PDEN PE 구냉매.xlsx,07_품질,폴더(협력사 ISIR 서류모음),E:\SHINHWA\07_품질\2026\200923 ISIR_PDEN PE 구냉매.xlsx,2570,2026-06-10,이미 있음(동일)
E:\기존 서류\이광재 부장 서류\기존서류 2\수입검사\ISIR 서류모음\협력사 ISIR 서류모음\FLANGE업체\아이정밀\200923 ISIR_PDEN PE 신냉매.xlsx,07_품질,폴더(협력사 ISIR 서류모음),E:\SHINHWA\07_품질\2026\200923 ISIR_PDEN PE 신냉매.xlsx,2805,2026-06-10,이미 있음(동일)
E:\기존 서류\이광재 부장 서류\기존서류 2\수입검사\ISIR 서류모음\협력사 ISIR 서류모음\FLANGE업체\아이정밀\MD ISIR서류 (1) (1) AS.xlsx,07_품질,폴더(협력사 ISIR 서류모음),E:\SHINHWA\07_품질\2026\MD ISIR서류 (1) (1) AS.xlsx,863,2026-06-10,이미 있음(동일)
E:\기존 서류\이광재 부장 서류\기존서류 2\수입검사\ISIR 서류모음\협력사 ISIR 서류모음\FLANGE업체\아이정밀\MD ISIR서류 (2) (1) AS.xlsx,07_품질,폴더(협력사 ISIR 서류모음),E:\SHINHWA\07_품질\2026\MD ISIR서류 (2) (1) AS.xlsx,744,2026-06-10,이미 있음(동일)
E:\기존 서류\이광재 부장 서류\기존서류 2\수입검사\ISIR 서류모음\협력사 ISIR 서류모음\FLANGE업체\아이정밀\PS-CAR ISIR(20150128-08) (1) AS.xlsx,07_품질,폴더(협력사 ISIR 서류모음),E:\SHINHWA\07_품질\2026\PS-CAR ISIR(20150128-08) (1) AS.xlsx,883,2026-06-10,이미 있음(동일)
E:\기존 서류\이광재 부장 서류\기존서류 2\수입검사\ISIR 서류모음\협력사 ISIR 서류모음\FLANGE업체\아이정밀\SA-FL ISIR(20150128-05) (1) AS.xlsx,07_품질,폴더(협력사 ISIR 서류모음),E:\SHINHWA\07_품질\2026\SA-FL ISIR(20150128-05) (1) AS.xlsx,870,2026-06-10,이미 있음(동일)
E:\기존 서류\이광재 부장 서류\기존서류 2\수입검사\ISIR 서류모음\협력사 ISIR 서류모음\FLANGE업체\아이정밀\YF-13MY ISIR(20150128-01) (1) AS.xlsx,07_품질,폴더(협력사 ISIR 서류모음),E:\SHINHWA\07_품질\2026\YF-13MY ISIR(20150128-01) (1) AS.xlsx,884,2026-06-10,이미 있음(동일)
E:\기존 서류\이광재 부장 서류\기존서류 2\수입검사\ISIR 서류모음\협력사 ISIR 서류모음\FLANGE업체\주신정밀 SC\20160511_F841YTHAA01_ISIR승인서류[JS-52].xls,07_품질,폴더(협력사 ISIR 서류모음),E:\SHINHWA\07_품질\2026\20160511_F841YTHAA01_ISIR승인서류[JS-52].xls,9080,2026-06-10,이미 있음(동일)
E:\기존 서류\이광재 부장 서류\기존서류 2\수입검사\ISIR 서류모음\협력사 ISIR 서류모음\FLANGE업체\주신정밀 SC\20160511_F842YTHAA01_ISIR승인서류[JS-53] (1).xls,07_품질,폴더(협력사 ISIR 서류모음),E:\SHINHWA\07_품질\2026\20160511_F842YTHAA01_ISIR승인서류[JS-53] (1).xls,9054,2026-06-10,이미 있음(동일)
E:\기존 서류\이광재 부장 서류\기존서류 2\수입검사\ISIR 서류모음\협력사 ISIR 서류모음\FLANGE업체\주신정밀 SC\20160511_F842YTHAA01_ISIR승인서류[JS-53].xls,07_품질,폴더(협력사 ISIR 서류모음),E:\SHINHWA\07_품질\2026\20160511_F842YTHAA01_ISIR승인서류[JS-53].xls,9027,2026-06-10,이미 있음(동일)
E:\기존 서류\이광재 부장 서류\기존서류 2\수입검사\ISIR 서류모음\협력사 ISIR 서류모음\FLANGE업체\주신정밀\20191014_CN7_HC830CNKAA01(구)_ISIR승인서류[JS-69].xlsx,07_품질,폴더(협력사 ISIR 서류모음),E:\SHINHWA\07_품질\2026\20191014_CN7_HC830CNKAA01(구)_ISIR승인서류[JS-69].xlsx,1945,2026-06-10,이미 있음(동일)
E:\기존 서류\이광재 부장 서류\기존서류 2\수입검사\ISIR 서류모음\협력사 ISIR 서류모음\FLANGE업체\주신정밀\20191014_CN7_HC830CNKBA01(신)_ISIR승인서류[JS-70].xlsx,07_품질,폴더(협력사 ISIR 서류모음),E:\SHINHWA\07_품질\2026\20191014_CN7_HC830CNKBA01(신)_ISIR승인서류[JS-70].xlsx,1958,2026-06-10,이미 있음(동일)
E:\기존 서류\이광재 부장 서류\기존서류 2\수입검사\ISIR 서류모음\협력사 ISIR 서류모음\FLANGE업체\주신정밀\20221216_HC830CXGAA-06_JA_TOX_ISIR승인서류.xlsx,07_품질,폴더(협력사 ISIR 서류모음),E:\SHINHWA\07_품질\2026\20221216_HC830CXGAA-06_JA_TOX_ISIR승인서류.xlsx,3291,2026-06-10,이미 있음(동일)
E:\기존 서류\이광재 부장 서류\기존서류 2\수입검사\ISIR 서류모음\협력사 ISIR 서류모음\FLANGE업체\주신정밀\20221216_HC830CXGAC-03_JA_TOX_ISIR승인서류.xlsx,07_품질,폴더(협력사 ISIR 서류모음),E:\SHINHWA\07_품질\2026\20221216_HC830CXGAC-03_JA_TOX_ISIR승인서류.xlsx,3289,2026-06-10,이미 있음(동일)
E:\기존 서류\이광재 부장 서류\기존서류 2\수입검사\ISIR 서류모음\협력사 ISIR 서류모음\FLANGE업체\주신정밀\20240206_HD__ISIR승인서류[JS-07].xlsx,07_품질,폴더(협력사 ISIR 서류모음),E:\SHINHWA\07_품질\2026\20240206_HD__ISIR승인서류[JS-07].xlsx,415,2026-06-10,이미 있음(동일)
E:\기존 서류\이광재 부장 서류\기존서류 2\수입검사\ISIR 서류모음\협력사 ISIR 서류모음\FLANGE업체\주신정밀\20240206_TA-CAR_ISIR승인서류[JS-05].xls,07_품질,폴더(협력사 ISIR 서류모음),E:\SHINHWA\07_품질\2026\20240206_TA-CAR_ISIR승인서류[JS-05].xls,7402,2026-06-10,이미 있음(동일)
E:\기존 서류\이광재 부장 서류\기존서류 2\수입검사\검사공정 자격 인증서 및 평가\2023 검사원 자격인증 평가표(2023년).xlsx,07_품질,폴더(검사공정 자격 인증서 및 평가),E:\SHINHWA\07_품질\2026\2023 검사원 자격인증 평가표(2023년).xlsx,48,2026-06-10,이미 있음(동일)
E:\기존 서류\이광재 부장 서류\기존서류 2\수입검사\검사공정 자격 인증서 및 평가\검사공정 자격 인증서 및 평가.zip,07_품질,폴더(검사공정 자격 인증서 및 평가),E:\SHINHWA\07_품질\2026\검사공정 자격 인증서 및 평가.zip,101704,2026-06-10,이미 있음(동일)
E:\기존 서류\이광재 부장 서류\기존서류 2\수입검사\검사공정 자격 인증서 및 평가\검사공정 자격 인증서(2023) (1팀).xlsx,07_품질,폴더(검사공정 자격 인증서 및 평가),E:\SHINHWA\07_품질\2026\검사공정 자격 인증서(2023) (1팀).xlsx,25181,2026-06-10,복사 → E:\SHINHWA\07_품질\2026\검사공정 자격 인증서(2023) (1팀)_v2.xlsx
E:\기존 서류\이광재 부장 서류\기존서류 2\수입검사\검사공정 자격 인증서 및 평가\검사공정 자격 인증서(2023) (2팀).xlsx,07_품질,폴더(검사공정 자격 인증서 및 평가),E:\SHINHWA\07_품질\2026\검사공정 자격 인증서(2023) (2팀).xlsx,62235,2026-06-10,이미 있음(동일)
E:\기존 서류\이광재 부장 서류\기존서류 2\수입검사\검사공정 자격 인증서 및 평가\검사공정 자격 인증서(2023) (3팀).xlsx,07_품질,폴더(검사공정 자격 인증서 및 평가),E:\SHINHWA\07_품질\2026\검사공정 자격 인증서(2023) (3팀).xlsx,581,2026-06-10,이미 있음(동일)
E:\기존 서류\이광재 부장 서류\기존서류 2\수입검사\검사공정 자격 인증서 및 평가\검사공정 자격 인증서(2023) (거용접).xlsx,07_품질,폴더(검사공정 자격 인증서 및 평가),E:\SHINHWA\07_품질\2026\검사공정 자격 인증서(2023) (거용접).xlsx,2213,2026-06-10,이미 있음(동일)
E:\기존 서류\이광재 부장 서류\기존서류 2\수입검사\검사공정 자격 인증서 및 평가\검사공정 자격 인증서(2023) (검사원).xlsx,07_품질,폴더(검사공정 자격 인증서 및 평가),E:\SHINHWA\07_품질\2026\검사공정 자격 인증서(2023) (검사원).xlsx,915,2026-06-10,이미 있음(동일)
E:\기존 서류\이광재 부장 서류\기존서류 2\수입검사\검사공정 자격 인증서 및 평가\특수공정 자격 인증서(2023) (용접팀).xls,07_품질,폴더(검사공정 자격 인증서 및 평가),E:\SHINHWA\07_품질\2026\특수공정 자격 인증서(2023) (용접팀).xls,11068,2026-06-10,복사 → E:\SHINHWA\07_품질\2026\특수공정 자격 인증서(2023) (용접팀)_v2.xls
E:\기존 서류\이광재 부장 서류\기존서류 2\수입검사\기타등등\사급품 검사완료.xlsx,07_품질,폴더(수입검사),E:\SHINHWA\07_품질\2026\사급품 검사완료.xlsx,12,2026-06-10,이미 있음(동일)
E:\기존 서류\이광재 부장 서류\기존서류 2\수입검사\세척검사\다인펜 구매처 (1).jpg,07_품질,폴더(세척검사),E:\SHINHWA\07_품질\2026\다인펜 구매처 (1).jpg,3515,2026-06-10,이미 있음(동일)
E:\기존 서류\이광재 부장 서류\기존서류 2\수입검사\세척검사\세척 검사성적서(240226) (3).xls,07_품질,폴더(세척검사),E:\SHINHWA\07_품질\2026\세척 검사성적서(240226) (3).xls,285,2026-06-10,이미 있음(동일)
E:\기존 서류\이광재 부장 서류\기존서류 2\수입검사\수입검사 LIST(유.무검사)\무검사대상 품목 지정 LIST.xlsx,07_품질,폴더(수입검사 LIST(유.무검사)),E:\SHINHWA\07_품질\2026\무검사대상 품목 지정 LIST.xlsx,16,2026-06-10,이미 있음(동일)
E:\기존 서류\이광재 부장 서류\기존서류 2\수입검사\수입검사 LIST(유.무검사)\유검사대상 품목 지정 LIST.xlsx,07_품질,폴더(수입검사 LIST(유.무검사)),E:\SHINHWA\07_품질\2026\유검사대상 품목 지정 LIST.xlsx,18,2026-06-10,이미 있음(동일)
"E:\기존 서류\이광재 부장 서류\기존서류 2\수입검사\수입검사 기준서,절차서\검사 LIST\무검사대상 품목 지정 LIST.xlsx",07_품질,폴더(검사 LIST),E:\SHINHWA\07_품질\2026\무검사대상 품목 지정 LIST.xlsx,16,2026-06-10,이미 있음(동일)
"E:\기존 서류\이광재 부장 서류\기존서류 2\수입검사\수입검사 기준서,절차서\검사 LIST\유검사대상 품목 지정 LIST.xlsx",07_품질,폴더(검사 LIST),E:\SHINHWA\07_품질\2026\유검사대상 품목 지정 LIST.xlsx,18,2026-06-10,이미 있음(동일)
"E:\기존 서류\이광재 부장 서류\기존서류 2\수입검사\수입검사 기준서,절차서\검사기준서, 협정서 양식.xlsx",07_품질,"폴더(수입검사 기준서,절차서)","E:\SHINHWA\07_품질\2026\검사기준서, 협정서 양식.xlsx",157,2026-06-10,이미 있음(동일)
"E:\기존 서류\이광재 부장 서류\기존서류 2\수입검사\수입검사 기준서,절차서\기타등등\사급품 검사완료.xlsx",07_품질,"폴더(수입검사 기준서,절차서)",E:\SHINHWA\07_품질\2026\사급품 검사완료.xlsx,12,2026-06-10,이미 있음(동일)
"E:\기존 서류\이광재 부장 서류\기존서류 2\수입검사\수입검사 기준서,절차서\세척검사\다인펜 구매처 (1).jpg",07_품질,폴더(세척검사),E:\SHINHWA\07_품질\2026\다인펜 구매처 (1).jpg,3515,2026-06-10,이미 있음(동일)
"E:\기존 서류\이광재 부장 서류\기존서류 2\수입검사\수입검사 기준서,절차서\세척검사\세척 검사성적서(240226) (3).xls",07_품질,폴더(세척검사),E:\SHINHWA\07_품질\2026\세척 검사성적서(240226) (3).xls,310,2026-06-10,복사 → E:\SHINHWA\07_품질\2026\세척 검사성적서(240226) (3)_v2.xls
"E:\기존 서류\이광재 부장 서류\기존서류 2\수입검사\수입검사 기준서,절차서\수입검사 리스트 검사품 & 무검사품 선정기준.xlsx",07_품질,"폴더(수입검사 기준서,절차서)",E:\SHINHWA\07_품질\2026\수입검사 리스트 검사품 & 무검사품 선정기준.xlsx,58,2026-06-10,이미 있음(동일)
"E:\기존 서류\이광재 부장 서류\기존서류 2\수입검사\수입검사 기준서,절차서\수입검사 리스트.xlsx",07_품질,"폴더(수입검사 기준서,절차서)",E:\SHINHWA\07_품질\2026\수입검사 리스트.xlsx,63,2026-06-10,이미 있음(동일)
"E:\기존 서류\이광재 부장 서류\기존서류 2\수입검사\수입검사 기준서,절차서\수입검사기준서 JOINT FLANGE\다온텍\수입검사기준서 CD-TGDI(신).xlsx",07_품질,폴더(수입검사기준서 JOINT FLANGE),E:\SHINHWA\07_품질\2026\수입검사기준서 CD-TGDI(신).xlsx,328,2026-06-10,이미 있음(동일)
"E:\기존 서류\이광재 부장 서류\기존서류 2\수입검사\수입검사 기준서,절차서\수입검사기준서 JOINT FLANGE\다온텍\수입검사기준서 DN8 N GSL(구).xlsx",07_품질,폴더(수입검사기준서 JOINT FLANGE),E:\SHINHWA\07_품질\2026\수입검사기준서 DN8 N GSL(구).xlsx,457,2026-06-10,이미 있음(동일)
"E:\기존 서류\이광재 부장 서류\기존서류 2\수입검사\수입검사 기준서,절차서\수입검사기준서 JOINT FLANGE\다온텍\수입검사기준서 DN8 N GSL(신).xlsx",07_품질,폴더(수입검사기준서 JOINT FLANGE),E:\SHINHWA\07_품질\2026\수입검사기준서 DN8 N GSL(신).xlsx,457,2026-06-10,이미 있음(동일)
"E:\기존 서류\이광재 부장 서류\기존서류 2\수입검사\수입검사 기준서,절차서\수입검사기준서 JOINT FLANGE\다온텍\수입검사기준서 DN8-HEV M8(구).xlsx",07_품질,폴더(수입검사기준서 JOINT FLANGE),E:\SHINHWA\07_품질\2026\수입검사기준서 DN8-HEV M8(구).xlsx,402,2026-06-10,이미 있음(동일)
"E:\기존 서류\이광재 부장 서류\기존서류 2\수입검사\수입검사 기준서,절차서\수입검사기준서 JOINT FLANGE\다온텍\수입검사기준서 DN8-HEV M8(신).xlsx",07_품질,폴더(수입검사기준서 JOINT FLANGE),E:\SHINHWA\07_품질\2026\수입검사기준서 DN8-HEV M8(신).xlsx,423,2026-06-10,이미 있음(동일)
"E:\기존 서류\이광재 부장 서류\기존서류 2\수입검사\수입검사 기준서,절차서\수입검사기준서 JOINT FLANGE\다온텍\수입검사기준서 DN8-N M8(구).xlsx",07_품질,폴더(수입검사기준서 JOINT FLANGE),E:\SHINHWA\07_품질\2026\수입검사기준서 DN8-N M8(구).xlsx,421,2026-06-10,이미 있음(동일)
"E:\기존 서류\이광재 부장 서류\기존서류 2\수입검사\수입검사 기준서,절차서\수입검사기준서 JOINT FLANGE\다온텍\수입검사기준서 DN8-N M8(신).xlsx",07_품질,폴더(수입검사기준서 JOINT FLANGE),E:\SHINHWA\07_품질\2026\수입검사기준서 DN8-N M8(신).xlsx,421,2026-06-10,이미 있음(동일)
"E:\기존 서류\이광재 부장 서류\기존서류 2\수입검사\수입검사 기준서,절차서\수입검사기준서 JOINT FLANGE\다온텍\수입검사기준서 DN8-TGDI M8(구).xlsx",07_품질,폴더(수입검사기준서 JOINT FLANGE),E:\SHINHWA\07_품질\2026\수입검사기준서 DN8-TGDI M8(구).xlsx,402,2026-06-10,이미 있음(동일)
"E:\기존 서류\이광재 부장 서류\기존서류 2\수입검사\수입검사 기준서,절차서\수입검사기준서 JOINT FLANGE\범원\수입검사기준서 CN7-TGDI(구).xlsx",07_품질,폴더(수입검사기준서 JOINT FLANGE),E:\SHINHWA\07_품질\2026\수입검사기준서 CN7-TGDI(구).xlsx,121,2026-06-10,이미 있음(동일)
"E:\기존 서류\이광재 부장 서류\기존서류 2\수입검사\수입검사 기준서,절차서\수입검사기준서 JOINT FLANGE\범원\수입검사기준서 CN7-TGDI(신).xlsx",07_품질,폴더(수입검사기준서 JOINT FLANGE),E:\SHINHWA\07_품질\2026\수입검사기준서 CN7-TGDI(신).xlsx,173,2026-06-10,이미 있음(동일)
"E:\기존 서류\이광재 부장 서류\기존서류 2\수입검사\수입검사 기준서,절차서\수입검사기준서 JOINT FLANGE\범원\수입검사기준서 DN8 HEV M6(구).xlsx",07_품질,폴더(수입검사기준서 JOINT FLANGE),E:\SHINHWA\07_품질\2026\수입검사기준서 DN8 HEV M6(구).xlsx,170,2026-06-10,이미 있음(동일)
"E:\기존 서류\이광재 부장 서류\기존서류 2\수입검사\수입검사 기준서,절차서\수입검사기준서 JOINT FLANGE\범원\수입검사기준서 DN8 HEV M6(신).xlsx",07_품질,폴더(수입검사기준서 JOINT FLANGE),E:\SHINHWA\07_품질\2026\수입검사기준서 DN8 HEV M6(신).xlsx,173,2026-06-10,이미 있음(동일)
"E:\기존 서류\이광재 부장 서류\기존서류 2\수입검사\수입검사 기준서,절차서\수입검사기준서 JOINT FLANGE\수입검사 기준서 JOINT FLANGE 예전꺼.xlsx",07_품질,폴더(수입검사기준서 JOINT FLANGE),E:\SHINHWA\07_품질\2026\수입검사 기준서 JOINT FLANGE 예전꺼.xlsx,243,2026-06-10,이미 있음(동일)
"E:\기존 서류\이광재 부장 서류\기존서류 2\수입검사\수입검사 기준서,절차서\수입검사기준서 JOINT FLANGE\수입검사기준서 JOINT FLANGE 개정.xlsx",07_품질,폴더(수입검사기준서 JOINT FLANGE),E:\SHINHWA\07_품질\2026\수입검사기준서 JOINT FLANGE 개정.xlsx,458,2026-06-10,이미 있음(동일)
"E:\기존 서류\이광재 부장 서류\기존서류 2\수입검사\수입검사 기준서,절차서\수입검사기준서 JOINT FLANGE\아이정밀1\수입검사기준서 BD-GSL(구).xlsx",07_품질,폴더(수입검사기준서 JOINT FLANGE),E:\SHINHWA\07_품질\2026\수입검사기준서 BD-GSL(구).xlsx,124,2026-06-10,이미 있음(동일)
"E:\기존 서류\이광재 부장 서류\기존서류 2\수입검사\수입검사 기준서,절차서\수입검사기준서 JOINT FLANGE\아이정밀1\수입검사기준서 BD-GSL(신).xlsx",07_품질,폴더(수입검사기준서 JOINT FLANGE),E:\SHINHWA\07_품질\2026\수입검사기준서 BD-GSL(신).xlsx,837,2026-06-10,이미 있음(동일)
"E:\기존 서류\이광재 부장 서류\기존서류 2\수입검사\수입검사 기준서,절차서\수입검사기준서 JOINT FLANGE\아이정밀1\수입검사기준서 PDE 카파개선(신).xlsx",07_품질,폴더(수입검사기준서 JOINT FLANGE),E:\SHINHWA\07_품질\2026\수입검사기준서 PDE 카파개선(신).xlsx,468,2026-06-10,이미 있음(동일)
"E:\기존 서류\이광재 부장 서류\기존서류 2\수입검사\수입검사 기준서,절차서\수입검사기준서 JOINT FLANGE\아이정밀1\수입검사기준서 PDEN PE(구).xlsx",07_품질,폴더(수입검사기준서 JOINT FLANGE),E:\SHINHWA\07_품질\2026\수입검사기준서 PDEN PE(구).xlsx,474,2026-06-10,이미 있음(동일)
"E:\기존 서류\이광재 부장 서류\기존서류 2\수입검사\수입검사 기준서,절차서\수입검사기준서 JOINT FLANGE\아이정밀1\수입검사기준서 PDEN PE(신).xlsx",07_품질,폴더(수입검사기준서 JOINT FLANGE),E:\SHINHWA\07_품질\2026\수입검사기준서 PDEN PE(신).xlsx,468,2026-06-10,이미 있음(동일)
"E:\기존 서류\이광재 부장 서류\기존서류 2\수입검사\수입검사 기준서,절차서\수입검사기준서 JOINT FLANGE\주신정밀\수입검사기준서 CN7(구).xlsx",07_품질,폴더(수입검사기준서 JOINT FLANGE),E:\SHINHWA\07_품질\2026\수입검사기준서 CN7(구).xlsx,471,2026-06-10,이미 있음(동일)
"E:\기존 서류\이광재 부장 서류\기존서류 2\수입검사\수입검사 기준서,절차서\수입검사기준서 JOINT FLANGE\주신정밀\수입검사기준서 CN7(신).xlsx",07_품질,폴더(수입검사기준서 JOINT FLANGE),E:\SHINHWA\07_품질\2026\수입검사기준서 CN7(신).xlsx,472,2026-06-10,이미 있음(동일)
"E:\기존 서류\이광재 부장 서류\기존서류 2\수입검사\수입검사 기준서,절차서\수입검사기준서 JOINT FLANGE\주신정밀\수입검사기준서 HD.xlsx",07_품질,폴더(수입검사기준서 JOINT FLANGE),E:\SHINHWA\07_품질\2026\수입검사기준서 HD.xlsx,125,2026-06-10,이미 있음(동일)
"E:\기존 서류\이광재 부장 서류\기존서류 2\수입검사\수입검사 기준서,절차서\수입검사기준서 JOINT FLANGE\주신정밀\수입검사기준서 JA-TOX(구).xlsx",07_품질,폴더(수입검사기준서 JOINT FLANGE),E:\SHINHWA\07_품질\2026\수입검사기준서 JA-TOX(구).xlsx,148,2026-06-10,이미 있음(동일)
"E:\기존 서류\이광재 부장 서류\기존서류 2\수입검사\수입검사 기준서,절차서\수입검사기준서 JOINT FLANGE\주신정밀\수입검사기준서 JA-TOX(신).xlsx",07_품질,폴더(수입검사기준서 JOINT FLANGE),E:\SHINHWA\07_품질\2026\수입검사기준서 JA-TOX(신).xlsx,144,2026-06-10,이미 있음(동일)
"E:\기존 서류\이광재 부장 서류\기존서류 2\수입검사\수입검사 기준서,절차서\수입검사기준서 JOINT FLANGE\주신정밀\수입검사기준서 TA.xlsx",07_품질,폴더(수입검사기준서 JOINT FLANGE),E:\SHINHWA\07_품질\2026\수입검사기준서 TA.xlsx,138,2026-06-10,이미 있음(동일)
"E:\기존 서류\이광재 부장 서류\기존서류 2\수입검사\수입검사 기준서,절차서\수입검사기준서 PIPE\수입검사기준서 PIPE.xlsx",07_품질,폴더(수입검사기준서 PIPE),E:\SHINHWA\07_품질\2026\수입검사기준서 PIPE.xlsx,354,2026-06-10,이미 있음(동일)
"E:\기존 서류\이광재 부장 서류\기존서류 2\수입검사\수입검사 기준서,절차서\수입검사일지(품질관리)\수입검사일지 2023 11월.xlsx",07_품질,폴더(수입검사일지(품질관리)),E:\SHINHWA\07_품질\2026\수입검사일지 2023 11월.xlsx,49,2026-06-10,이미 있음(동일)
"E:\기존 서류\이광재 부장 서류\기존서류 2\수입검사\수입검사 기준서,절차서\수입검사일지(품질관리)\수입검사일지 2023 12월.xlsx",07_품질,폴더(수입검사일지(품질관리)),E:\SHINHWA\07_품질\2026\수입검사일지 2023 12월.xlsx,50,2026-06-10,이미 있음(동일)
"E:\기존 서류\이광재 부장 서류\기존서류 2\수입검사\수입검사 기준서,절차서\수입검사일지(품질관리)\수입검사일지 2024 1월.xlsx",07_품질,폴더(수입검사일지(품질관리)),E:\SHINHWA\07_품질\2026\수입검사일지 2024 1월.xlsx,50,2026-06-10,이미 있음(동일)
"E:\기존 서류\이광재 부장 서류\기존서류 2\수입검사\수입검사 기준서,절차서\수입검사일지(품질관리)\수입검사일지 2024 2월.xlsx",07_품질,폴더(수입검사일지(품질관리)),E:\SHINHWA\07_품질\2026\수입검사일지 2024 2월.xlsx,49,2026-06-10,이미 있음(동일)
"E:\기존 서류\이광재 부장 서류\기존서류 2\수입검사\수입검사 기준서,절차서\수입검사일지(품질관리)\수입검사일지 2024 3월.xlsx",07_품질,폴더(수입검사일지(품질관리)),E:\SHINHWA\07_품질\2026\수입검사일지 2024 3월.xlsx,49,2026-06-10,이미 있음(동일)
"E:\기존 서류\이광재 부장 서류\기존서류 2\수입검사\수입검사 기준서,절차서\수입검사일지(품질관리)\수입검사일지(모차장님 인수인계건).xlsx",07_품질,폴더(수입검사일지(품질관리)),E:\SHINHWA\07_품질\2026\수입검사일지(모차장님 인수인계건).xlsx,41,2026-06-10,이미 있음(동일)
"E:\기존 서류\이광재 부장 서류\기존서류 2\수입검사\수입검사 기준서,절차서\양식모음\1. 수입검사지침서.xls",07_품질,"폴더(수입검사 기준서,절차서)",E:\SHINHWA\07_품질\2026\1. 수입검사지침서.xls,5071,2026-06-10,이미 있음(동일)
"E:\기존 서류\이광재 부장 서류\기존서류 2\수입검사\수입검사 기준서,절차서\양식모음\2. 외관검사지침서.xls",07_품질,"폴더(수입검사 기준서,절차서)",E:\SHINHWA\07_품질\2026\2. 외관검사지침서.xls,8593,2026-06-10,이미 있음(동일)
"E:\기존 서류\이광재 부장 서류\기존서류 2\수입검사\수입검사 기준서,절차서\양식모음\검사기준서, 협정서 양식.xlsx",07_품질,"폴더(수입검사 기준서,절차서)","E:\SHINHWA\07_품질\2026\검사기준서, 협정서 양식.xlsx",157,2026-06-10,이미 있음(동일)
"E:\기존 서류\이광재 부장 서류\기존서류 2\수입검사\수입검사 기준서,절차서\외관검사지침서.xls",07_품질,"폴더(수입검사 기준서,절차서)",E:\SHINHWA\07_품질\2026\외관검사지침서.xls,8593,2026-06-10,이미 있음(동일)
E:\기존 서류\이광재 부장 서류\기존서류 2\수입검사\수입검사 양식\1. 수입검사지침서.xls,07_품질,폴더(수입검사 양식),E:\SHINHWA\07_품질\2026\1. 수입검사지침서.xls,5071,2026-06-10,이미 있음(동일)
E:\기존 서류\이광재 부장 서류\기존서류 2\수입검사\수입검사 양식\2. 외관검사지침서.xls,07_품질,폴더(수입검사 양식),E:\SHINHWA\07_품질\2026\2. 외관검사지침서.xls,8593,2026-06-10,이미 있음(동일)
"E:\기존 서류\이광재 부장 서류\기존서류 2\수입검사\수입검사 양식\검사기준서, 협정서 양식.xlsx",07_품질,폴더(수입검사 양식),"E:\SHINHWA\07_품질\2026\검사기준서, 협정서 양식.xlsx",157,2026-06-10,이미 있음(동일)
E:\기존 서류\이광재 부장 서류\기존서류 2\수입검사\수입검사일지(품질관리)\수입검사일지 2023 11월.xlsx,07_품질,폴더(수입검사일지(품질관리)),E:\SHINHWA\07_품질\2026\수입검사일지 2023 11월.xlsx,49,2026-06-10,이미 있음(동일)
E:\기존 서류\이광재 부장 서류\기존서류 2\수입검사\수입검사일지(품질관리)\수입검사일지 2023 12월.xlsx,07_품질,폴더(수입검사일지(품질관리)),E:\SHINHWA\07_품질\2026\수입검사일지 2023 12월.xlsx,50,2026-06-10,이미 있음(동일)
E:\기존 서류\이광재 부장 서류\기존서류 2\수입검사\수입검사일지(품질관리)\수입검사일지 2024 1월.xlsx,07_품질,폴더(수입검사일지(품질관리)),E:\SHINHWA\07_품질\2026\수입검사일지 2024 1월.xlsx,50,2026-06-10,이미 있음(동일)
E:\기존 서류\이광재 부장 서류\기존서류 2\수입검사\수입검사일지(품질관리)\수입검사일지 2024 2월.xlsx,07_품질,폴더(수입검사일지(품질관리)),E:\SHINHWA\07_품질\2026\수입검사일지 2024 2월.xlsx,49,2026-06-10,이미 있음(동일)
E:\기존 서류\이광재 부장 서류\기존서류 2\수입검사\수입검사일지(품질관리)\수입검사일지 2024 3월.xlsx,07_품질,폴더(수입검사일지(품질관리)),E:\SHINHWA\07_품질\2026\수입검사일지 2024 3월.xlsx,49,2026-06-10,이미 있음(동일)
E:\기존 서류\이광재 부장 서류\기존서류 2\수입검사\수입검사일지(품질관리)\품질관리 수입검사 2023년.xlsx,07_품질,폴더(수입검사일지(품질관리)),E:\SHINHWA\07_품질\2026\품질관리 수입검사 2023년.xlsx,798,2026-06-10,이미 있음(동일)
E:\기존 서류\이광재 부장 서류\기존서류 2\수입검사\수입검사일지(품질관리)\품질관리 수입검사 2024년.xlsx,07_품질,폴더(수입검사일지(품질관리)),E:\SHINHWA\07_품질\2026\품질관리 수입검사 2024년.xlsx,156,2026-06-10,이미 있음(동일)
E:\기존 서류\이광재 부장 서류\기존서류 2\수입검사\수입검사지침서\0. 계측기_사용법.xls,07_품질,폴더(수입검사지침서),E:\SHINHWA\07_품질\2026\0. 계측기_사용법.xls,725,2026-06-10,이미 있음(동일)
E:\기존 서류\이광재 부장 서류\기존서류 2\수입검사\수입검사지침서\1. 수입검사지침서.xls,07_품질,폴더(수입검사지침서),E:\SHINHWA\07_품질\2026\1. 수입검사지침서.xls,787,2026-06-10,복사 → E:\SHINHWA\07_품질\2026\1. 수입검사지침서_v2.xls
E:\기존 서류\이광재 부장 서류\기존서류 2\수입검사\수입검사지침서\2. 외관검사지침서.xls,07_품질,폴더(수입검사지침서),E:\SHINHWA\07_품질\2026\2. 외관검사지침서.xls,8623,2026-06-10,복사 → E:\SHINHWA\07_품질\2026\2. 외관검사지침서_v2.xls
E:\기존 서류\이광재 부장 서류\기존서류 2\수입검사\수입검사지침서\3. 치수검사지침서_부품.xls,07_품질,폴더(수입검사지침서),E:\SHINHWA\07_품질\2026\3. 치수검사지침서_부품.xls,32453,2026-06-10,이미 있음(동일)
E:\기존 서류\이광재 부장 서류\기존서류 2\수입검사\수입검사지침서\4. 콘티테크_TOC_수입검사(Q160).xlsx,07_품질,폴더(수입검사지침서),E:\SHINHWA\07_품질\2026\4. 콘티테크_TOC_수입검사(Q160).xlsx,14852,2026-06-10,이미 있음(동일)
E:\기존 서류\이광재 부장 서류\기존서류 2\수입검사\수입검사지침서\부품_검사구사진\1458695477307.jpeg,07_품질,폴더(부품_검사구사진),E:\SHINHWA\07_품질\2026\1458695477307.jpeg,200,2026-06-10,이미 있음(동일)
E:\기존 서류\이광재 부장 서류\기존서류 2\수입검사\수입검사지침서\부품_검사구사진\1458695482327.jpeg,07_품질,폴더(부품_검사구사진),E:\SHINHWA\07_품질\2026\1458695482327.jpeg,157,2026-06-10,이미 있음(동일)
E:\기존 서류\이광재 부장 서류\기존서류 2\수입검사\수입검사지침서\부품_검사구사진\1458695486601.jpeg,07_품질,폴더(부품_검사구사진),E:\SHINHWA\07_품질\2026\1458695486601.jpeg,268,2026-06-10,이미 있음(동일)
E:\기존 서류\이광재 부장 서류\기존서류 2\수입검사\수입검사지침서\부품_검사구사진\1458695491431.jpeg,07_품질,폴더(부품_검사구사진),E:\SHINHWA\07_품질\2026\1458695491431.jpeg,268,2026-06-10,이미 있음(동일)
E:\기존 서류\이광재 부장 서류\기존서류 2\수입검사\수입검사지침서\부품_검사구사진\1458695496646.jpeg,07_품질,폴더(부품_검사구사진),E:\SHINHWA\07_품질\2026\1458695496646.jpeg,382,2026-06-10,이미 있음(동일)
E:\기존 서류\이광재 부장 서류\기존서류 2\수입검사\수입검사지침서\부품_검사구사진\1458695500258.jpeg,07_품질,폴더(부품_검사구사진),E:\SHINHWA\07_품질\2026\1458695500258.jpeg,380,2026-06-10,이미 있음(동일)
E:\기존 서류\이광재 부장 서류\기존서류 2\수입검사\수입검사지침서\부품_검사구사진\1458695503565.jpeg,07_품질,폴더(부품_검사구사진),E:\SHINHWA\07_품질\2026\1458695503565.jpeg,389,2026-06-10,이미 있음(동일)
E:\기존 서류\이광재 부장 서류\기존서류 2\수입검사\수입검사지침서\부품_검사구사진\1458695506399.jpeg,07_품질,폴더(부품_검사구사진),E:\SHINHWA\07_품질\2026\1458695506399.jpeg,420,2026-06-10,이미 있음(동일)
E:\기존 서류\이광재 부장 서류\기존서류 2\수입검사\수입검사지침서\부품_검사구사진\20160129_105152.jpg,07_품질,폴더(부품_검사구사진),E:\SHINHWA\07_품질\2026\20160129_105152.jpg,2789,2026-06-10,이미 있음(동일)
E:\기존 서류\이광재 부장 서류\기존서류 2\수입검사\수입검사지침서\부품_검사구사진\20160129_105218.jpg,07_품질,폴더(부품_검사구사진),E:\SHINHWA\07_품질\2026\20160129_105218.jpg,2823,2026-06-10,이미 있음(동일)
E:\기존 서류\이광재 부장 서류\기존서류 2\수입검사\수입검사지침서\수입검사지침서\0. PIPE_ 치수검사 지침서.xlsx,07_품질,폴더(수입검사지침서),E:\SHINHWA\07_품질\2026\0. PIPE_ 치수검사 지침서.xlsx,3116,2026-06-10,이미 있음(동일)
E:\기존 서류\이광재 부장 서류\기존서류 2\수입검사\수입검사지침서\치수검사 지침서(상은).xlsx,07_품질,폴더(수입검사지침서),E:\SHINHWA\07_품질\2026\치수검사 지침서(상은).xlsx,900,2026-06-10,이미 있음(동일)
E:\기존 서류\이광재 부장 서류\기존서류 2\수입검사\수입검사지침서\포레시아 수입검사 지침서\(신화)20191120_수입검사지침서_rev6 - 복사본.xlsx,07_품질,폴더(포레시아 수입검사 지침서),E:\SHINHWA\07_품질\2026\(신화)20191120_수입검사지침서_rev6 - 복사본.xlsx,737,2026-06-10,이미 있음(동일)
E:\기존 서류\이광재 부장 서류\기존서류 2\수입검사\수입검사지침서\포레시아 수입검사 지침서\(신화)YPI-CVE 수입검사지침서(20200122).xlsx,07_품질,폴더(포레시아 수입검사 지침서),E:\SHINHWA\07_품질\2026\(신화)YPI-CVE 수입검사지침서(20200122).xlsx,1568,2026-06-10,이미 있음(동일)
E:\기존 서류\이광재 부장 서류\기존서류 2\수입검사\수입검사지침서\포레시아 수입검사 지침서\두산 사진\20200122_101318_HDR.jpg,07_품질,폴더(포레시아 수입검사 지침서),E:\SHINHWA\07_품질\2026\20200122_101318_HDR.jpg,1711,2026-06-10,이미 있음(동일)
E:\기존 서류\이광재 부장 서류\기존서류 2\수입검사\수입검사지침서\포레시아 수입검사 지침서\두산 사진\20200122_101324.jpg,07_품질,폴더(포레시아 수입검사 지침서),E:\SHINHWA\07_품질\2026\20200122_101324.jpg,1467,2026-06-10,이미 있음(동일)
E:\기존 서류\이광재 부장 서류\기존서류 2\수입검사\수입검사지침서\포레시아 수입검사 지침서\두산 사진\20200122_101340.jpg,07_품질,폴더(포레시아 수입검사 지침서),E:\SHINHWA\07_품질\2026\20200122_101340.jpg,1442,2026-06-10,이미 있음(동일)
E:\기존 서류\이광재 부장 서류\기존서류 2\수입검사\수입검사지침서\포레시아 수입검사 지침서\두산 사진\20200122_101347.jpg,07_품질,폴더(포레시아 수입검사 지침서),E:\SHINHWA\07_품질\2026\20200122_101347.jpg,1416,2026-06-10,이미 있음(동일)
E:\기존 서류\이광재 부장 서류\기존서류 2\수입검사\수입검사지침서\포레시아 수입검사 지침서\두산 사진\20200122_101354.jpg,07_품질,폴더(포레시아 수입검사 지침서),E:\SHINHWA\07_품질\2026\20200122_101354.jpg,1538,2026-06-10,이미 있음(동일)
E:\기존 서류\이광재 부장 서류\기존서류 2\수입검사\수입검사지침서\포레시아 수입검사 지침서\두산 사진\20200122_101400.jpg,07_품질,폴더(포레시아 수입검사 지침서),E:\SHINHWA\07_품질\2026\20200122_101400.jpg,1673,2026-06-10,이미 있음(동일)
E:\기존 서류\이광재 부장 서류\기존서류 2\수입검사\수입검사지침서\포레시아 수입검사 지침서\두산 사진\20200122_101422.jpg,07_품질,폴더(포레시아 수입검사 지침서),E:\SHINHWA\07_품질\2026\20200122_101422.jpg,1561,2026-06-10,이미 있음(동일)
E:\기존 서류\이광재 부장 서류\기존서류 2\수입검사\수입검사지침서\포레시아 수입검사 지침서\두산 사진\20200122_101428.jpg,07_품질,폴더(포레시아 수입검사 지침서),E:\SHINHWA\07_품질\2026\20200122_101428.jpg,1486,2026-06-10,이미 있음(동일)
E:\기존 서류\이광재 부장 서류\기존서류 2\수입검사\수입검사지침서\포레시아 수입검사 지침서\두산 사진\20200122_101444.jpg,07_품질,폴더(포레시아 수입검사 지침서),E:\SHINHWA\07_품질\2026\20200122_101444.jpg,1890,2026-06-10,이미 있음(동일)
E:\기존 서류\이광재 부장 서류\기존서류 2\수입검사\수입검사지침서\포레시아 수입검사 지침서\두산 사진\20200122_101450.jpg,07_품질,폴더(포레시아 수입검사 지침서),E:\SHINHWA\07_품질\2026\20200122_101450.jpg,1594,2026-06-10,이미 있음(동일)
E:\기존 서류\이광재 부장 서류\기존서류 2\수입검사\수입검사지침서\포레시아 수입검사 지침서\두산 사진\20200122_101458.jpg,07_품질,폴더(포레시아 수입검사 지침서),E:\SHINHWA\07_품질\2026\20200122_101458.jpg,1684,2026-06-10,이미 있음(동일)
E:\기존 서류\이광재 부장 서류\기존서류 2\수입검사\수입검사지침서\포레시아 수입검사 지침서\두산 사진\20200122_101514.jpg,07_품질,폴더(포레시아 수입검사 지침서),E:\SHINHWA\07_품질\2026\20200122_101514.jpg,1571,2026-06-10,이미 있음(동일)
E:\기존 서류\이광재 부장 서류\기존서류 2\수입검사\수입검사지침서\포레시아 수입검사 지침서\장안\조재길(H_E)\0_FW_ ___중요___ 협력사별 수입검사 지침서 작성 제출 요청 건(기본틀).zip,07_품질,폴더(포레시아 수입검사 지침서),E:\SHINHWA\07_품질\2026\0_FW_ ___중요___ 협력사별 수입검사 지침서 작성 제출 요청 건(기본틀).zip,1106,2026-06-10,이미 있음(동일)
E:\기존 서류\이광재 부장 서류\기존서류 2\수입검사\수입검사지침서\포레시아 수입검사 지침서\장안\조재길(H_E)\6_신화 H&T 수입검사 지침서 송부건(4종)_180515.zip,07_품질,폴더(포레시아 수입검사 지침서),E:\SHINHWA\07_품질\2026\6_신화 H&T 수입검사 지침서 송부건(4종)_180515.zip,2077,2026-06-10,이미 있음(동일)
E:\기존 서류\이광재 부장 서류\기존서류 2\수입검사\중금속 및 재질 성적서 AL\23년도 3분기 A3003 공인기관 중금속성적서_국문.pdf,07_품질,폴더(중금속 및 재질 성적서 AL),E:\SHINHWA\07_품질\2026\23년도 3분기 A3003 공인기관 중금속성적서_국문.pdf,617,2026-06-10,이미 있음(동일)
E:\기존 서류\이광재 부장 서류\기존서류 2\수입검사\중금속 및 재질 성적서 AL\23년도 3분기 A3103 공인기관 중금속성적서_국문.pdf,07_품질,폴더(중금속 및 재질 성적서 AL),E:\SHINHWA\07_품질\2026\23년도 3분기 A3103 공인기관 중금속성적서_국문.pdf,626,2026-06-10,이미 있음(동일)
E:\기존 서류\이광재 부장 서류\기존서류 2\수입검사\중금속 및 재질 성적서 AL\23년도 4분기 A3003 공인기관 재질성적서_국문 (원본대조필).pdf,07_품질,폴더(중금속 및 재질 성적서 AL),E:\SHINHWA\07_품질\2026\23년도 4분기 A3003 공인기관 재질성적서_국문 (원본대조필).pdf,120,2026-06-10,이미 있음(동일)
E:\기존 서류\이광재 부장 서류\기존서류 2\수입검사\중금속 및 재질 성적서 AL\23년도 4분기 A3103WH 공인기관 재질성적서_국문 (원본대조필).pdf,07_품질,폴더(중금속 및 재질 성적서 AL),E:\SHINHWA\07_품질\2026\23년도 4분기 A3103WH 공인기관 재질성적서_국문 (원본대조필).pdf,120,2026-06-10,이미 있음(동일)
E:\기존 서류\이광재 부장 서류\기존서류 2\수입검사\중금속 및 재질 성적서 AL\A3003 23년 4분기 중금속성적서.pdf,07_품질,폴더(중금속 및 재질 성적서 AL),E:\SHINHWA\07_품질\2026\A3003 23년 4분기 중금속성적서.pdf,1613,2026-06-10,이미 있음(동일)
E:\기존 서류\이광재 부장 서류\기존서류 2\수입검사\중금속 및 재질 성적서 AL\A3003 23년 4분기 합금성분성적서.pdf,07_품질,폴더(중금속 및 재질 성적서 AL),E:\SHINHWA\07_품질\2026\A3003 23년 4분기 합금성분성적서.pdf,505,2026-06-10,이미 있음(동일)
E:\기존 서류\이광재 부장 서류\기존서류 2\수입검사\중금속 및 재질 성적서 AL\A3003 재질_23년도 3분기 (1).pdf,07_품질,폴더(중금속 및 재질 성적서 AL),E:\SHINHWA\07_품질\2026\A3003 재질_23년도 3분기 (1).pdf,421,2026-06-10,이미 있음(동일)
E:\기존 서류\이광재 부장 서류\기존서류 2\수입검사\중금속 및 재질 성적서 AL\A3003_중금속_23년도 하반기.PDF,07_품질,폴더(중금속 및 재질 성적서 AL),E:\SHINHWA\07_품질\2026\A3003_중금속_23년도 하반기.PDF,718,2026-06-10,이미 있음(동일)
E:\기존 서류\이광재 부장 서류\기존서류 2\수입검사\중금속 및 재질 성적서 AL\A3103 23년 4분기 중금속성적서.pdf,07_품질,폴더(중금속 및 재질 성적서 AL),E:\SHINHWA\07_품질\2026\A3103 23년 4분기 중금속성적서.pdf,1608,2026-06-10,이미 있음(동일)
E:\기존 서류\이광재 부장 서류\기존서류 2\수입검사\중금속 및 재질 성적서 AL\A3103 23년 4분기 합금성분성적서.pdf,07_품질,폴더(중금속 및 재질 성적서 AL),E:\SHINHWA\07_품질\2026\A3103 23년 4분기 합금성분성적서.pdf,530,2026-06-10,이미 있음(동일)
E:\기존 서류\이광재 부장 서류\기존서류 2\수입검사\중금속 및 재질 성적서 AL\PA레진_중금속_23년도 하반기.PDF,07_품질,폴더(중금속 및 재질 성적서 AL),E:\SHINHWA\07_품질\2026\PA레진_중금속_23년도 하반기.PDF,625,2026-06-10,이미 있음(동일)
E:\기존 서류\이광재 부장 서류\기존서류 2\수입검사\중금속 및 재질 성적서 AL\회사명_분기_재질(중금속) 성적서 2023 4분기.xlsx,07_품질,폴더(중금속 및 재질 성적서 AL),E:\SHINHWA\07_품질\2026\회사명_분기_재질(중금속) 성적서 2023 4분기.xlsx,7683,2026-06-10,이미 있음(동일)
E:\기존 서류\이광재 부장 서류\기존서류 2\수입검사\중금속 및 재질 성적서 SUS\SJ스틸\재질성적서\SJ304-1.0T2303.pdf,07_품질,폴더(재질성적서),E:\SHINHWA\07_품질\2026\SJ304-1.0T2303.pdf,588,2026-06-10,이미 있음(동일)
E:\기존 서류\이광재 부장 서류\기존서류 2\수입검사\중금속 및 재질 성적서 SUS\SJ스틸\재질성적서\SJ409-1.2T2301.pdf,07_품질,폴더(재질성적서),E:\SHINHWA\07_품질\2026\SJ409-1.2T2301.pdf,571,2026-06-10,이미 있음(동일)
E:\기존 서류\이광재 부장 서류\기존서류 2\수입검사\중금속 및 재질 성적서 SUS\SJ스틸\재질성적서\SJ436-1.2T2302.pdf,07_품질,폴더(재질성적서),E:\SHINHWA\07_품질\2026\SJ436-1.2T2302.pdf,508,2026-06-10,이미 있음(동일)
E:\기존 서류\이광재 부장 서류\기존서류 2\수입검사\중금속 및 재질 성적서 SUS\SJ스틸\중금속성적서\300계열 중금속.pdf,07_품질,폴더(중금속성적서),E:\SHINHWA\07_품질\2026\300계열 중금속.pdf,635,2026-06-10,이미 있음(동일)
E:\기존 서류\이광재 부장 서류\기존서류 2\수입검사\중금속 및 재질 성적서 SUS\SJ스틸\중금속성적서\400계열 중금속.pdf,07_품질,폴더(중금속성적서),E:\SHINHWA\07_품질\2026\400계열 중금속.pdf,649,2026-06-10,이미 있음(동일)
E:\기존 서류\이광재 부장 서류\기존서류 2\수입검사\중금속 및 재질 성적서 SUS\금성파이프\2023년 9월\재질 STKM11A.pdf,07_품질,폴더(중금속 및 재질 성적서 SUS),E:\SHINHWA\07_품질\2026\재질 STKM11A.pdf,156,2026-06-10,이미 있음(동일)
E:\기존 서류\이광재 부장 서류\기존서류 2\수입검사\중금속 및 재질 성적서 SUS\금성파이프\2023년 9월\중금속성적서 STKM11A.pdf,07_품질,폴더(중금속 및 재질 성적서 SUS),E:\SHINHWA\07_품질\2026\중금속성적서 STKM11A.pdf,825,2026-06-10,이미 있음(동일)
E:\기존 서류\이광재 부장 서류\기존서류 2\수입검사\중금속 및 재질 성적서 SUS\대흥정공\재질성적서\TSW10.00x0.7t Z13GPF-N3_재질성적서_230706.pdf,07_품질,폴더(재질성적서),E:\SHINHWA\07_품질\2026\TSW10.00x0.7t Z13GPF-N3_재질성적서_230706.pdf,101,2026-06-10,이미 있음(동일)
E:\기존 서류\이광재 부장 서류\기존서류 2\수입검사\중금속 및 재질 성적서 SUS\대흥정공\중금속성적서\23년 하반기 TSW-GPF-N3 중금속 성적서.pdf,07_품질,폴더(중금속성적서),E:\SHINHWA\07_품질\2026\23년 하반기 TSW-GPF-N3 중금속 성적서.pdf,2621,2026-06-10,이미 있음(동일)
E:\기존 서류\이광재 부장 서류\기존서류 2\수입검사\중금속 및 재질 성적서 SUS\성한정공\재질성적서\1.STS304 2B 2.0T 재질증명서.pdf,07_품질,폴더(재질성적서),E:\SHINHWA\07_품질\2026\1.STS304 2B 2.0T 재질증명서.pdf,988,2026-06-10,이미 있음(동일)
E:\기존 서류\이광재 부장 서류\기존서류 2\수입검사\중금속 및 재질 성적서 SUS\성한정공\재질성적서\2.STS304 2B 1.5T 재질증명서.pdf,07_품질,폴더(재질성적서),E:\SHINHWA\07_품질\2026\2.STS304 2B 1.5T 재질증명서.pdf,1033,2026-06-10,이미 있음(동일)
E:\기존 서류\이광재 부장 서류\기존서류 2\수입검사\중금속 및 재질 성적서 SUS\성한정공\재질성적서\304 2B 1.0T 재질증명서.pdf,07_품질,폴더(재질성적서),E:\SHINHWA\07_품질\2026\304 2B 1.0T 재질증명서.pdf,3240,2026-06-10,이미 있음(동일)
E:\기존 서류\이광재 부장 서류\기존서류 2\수입검사\중금속 및 재질 성적서 SUS\성한정공\재질성적서\4.S1021B 재질성적서.pdf,07_품질,폴더(재질성적서),E:\SHINHWA\07_품질\2026\4.S1021B 재질성적서.pdf,1012,2026-06-10,이미 있음(동일)
E:\기존 서류\이광재 부장 서류\기존서류 2\수입검사\중금속 및 재질 성적서 SUS\성한정공\중금속성적서\3.STS CR300 중금속성적서.pdf,07_품질,폴더(중금속성적서),E:\SHINHWA\07_품질\2026\3.STS CR300 중금속성적서.pdf,4570,2026-06-10,이미 있음(동일)
E:\기존 서류\이광재 부장 서류\기존서류 2\수입검사\중금속 및 재질 성적서 SUS\성한정공\중금속성적서\5.S1021B 중금속성적서.pdf,07_품질,폴더(중금속성적서),E:\SHINHWA\07_품질\2026\5.S1021B 중금속성적서.pdf,3838,2026-06-10,이미 있음(동일)
E:\기존 서류\이광재 부장 서류\기존서류 2\수입검사\중금속 및 재질 성적서 SUS\성한정공\중금속성적서\STS 304 2B 중금속성적서.pdf,07_품질,폴더(중금속성적서),E:\SHINHWA\07_품질\2026\STS 304 2B 중금속성적서.pdf,1147,2026-06-10,이미 있음(동일)
E:\기존 서류\이광재 부장 서류\기존서류 2\수입검사\중금속 및 재질 성적서 SUS\송우산업\클립 정기검사 성적서 14720-13006S(SK5M).pdf,07_품질,폴더(중금속 및 재질 성적서 SUS),E:\SHINHWA\07_품질\2026\클립 정기검사 성적서 14720-13006S(SK5M).pdf,2710,2026-06-10,이미 있음(동일)
E:\기존 서류\이광재 부장 서류\기존서류 2\수입검사\중금속 및 재질 성적서 SUS\송우산업\호스 재질 성적서(VMQ).pdf,07_품질,폴더(중금속 및 재질 성적서 SUS),E:\SHINHWA\07_품질\2026\호스 재질 성적서(VMQ).pdf,59,2026-06-10,이미 있음(동일)
E:\기존 서류\이광재 부장 서류\기존서류 2\수입검사\중금속 및 재질 성적서 SUS\송우산업\호스 중금속 성적서(VMQ).pdf,07_품질,폴더(중금속 및 재질 성적서 SUS),E:\SHINHWA\07_품질\2026\호스 중금속 성적서(VMQ).pdf,536,2026-06-10,이미 있음(동일)
E:\기존 서류\이광재 부장 서류\기존서류 2\수입검사\중금속 및 재질 성적서 SUS\신형\대광) SUS303C 재질 성적서_육각봉.pdf,07_품질,폴더(중금속 및 재질 성적서 SUS),E:\SHINHWA\07_품질\2026\대광) SUS303C 재질 성적서_육각봉.pdf,479,2026-06-10,이미 있음(동일)
E:\기존 서류\이광재 부장 서류\기존서류 2\수입검사\중금속 및 재질 성적서 SUS\신형\대광) SUS303C 중금속 성적서.pdf,07_품질,폴더(중금속 및 재질 성적서 SUS),E:\SHINHWA\07_품질\2026\대광) SUS303C 중금속 성적서.pdf,467,2026-06-10,이미 있음(동일)
E:\기존 서류\이광재 부장 서류\기존서류 2\수입검사\중금속 및 재질 성적서 SUS\아레이몬드\200263001 재질.pdf,07_품질,폴더(중금속 및 재질 성적서 SUS),E:\SHINHWA\07_품질\2026\200263001 재질.pdf,956,2026-06-10,이미 있음(동일)
E:\기존 서류\이광재 부장 서류\기존서류 2\수입검사\중금속 및 재질 성적서 SUS\아레이몬드\200263001 중금속.pdf,07_품질,폴더(중금속 및 재질 성적서 SUS),E:\SHINHWA\07_품질\2026\200263001 중금속.pdf,177,2026-06-10,이미 있음(동일)
E:\기존 서류\이광재 부장 서류\기존서류 2\수입검사일지(품질관리)\수입검사일지 2023 11월.xlsx,07_품질,폴더(수입검사일지(품질관리)),E:\SHINHWA\07_품질\2026\수입검사일지 2023 11월.xlsx,49,2026-06-10,이미 있음(동일)
E:\기존 서류\이광재 부장 서류\기존서류 2\수입검사일지(품질관리)\수입검사일지 2023 12월.xlsx,07_품질,폴더(수입검사일지(품질관리)),E:\SHINHWA\07_품질\2026\수입검사일지 2023 12월.xlsx,50,2026-06-10,이미 있음(동일)
E:\기존 서류\이광재 부장 서류\기존서류 2\수입검사일지(품질관리)\수입검사일지 2024 1월.xlsx,07_품질,폴더(수입검사일지(품질관리)),E:\SHINHWA\07_품질\2026\수입검사일지 2024 1월.xlsx,50,2026-06-10,이미 있음(동일)
E:\기존 서류\이광재 부장 서류\기존서류 2\수입검사일지(품질관리)\수입검사일지 2024 2월.xlsx,07_품질,폴더(수입검사일지(품질관리)),E:\SHINHWA\07_품질\2026\수입검사일지 2024 2월.xlsx,49,2026-06-10,이미 있음(동일)
E:\기존 서류\이광재 부장 서류\기존서류 2\수입검사일지(품질관리)\수입검사일지 2024 3월.xlsx,07_품질,폴더(수입검사일지(품질관리)),E:\SHINHWA\07_품질\2026\수입검사일지 2024 3월.xlsx,49,2026-06-10,이미 있음(동일)
E:\기존 서류\이광재 부장 서류\기존서류 2\수입검사일지(품질관리)\품질관리 수입검사 2023년.xlsx,07_품질,폴더(수입검사일지(품질관리)),E:\SHINHWA\07_품질\2026\품질관리 수입검사 2023년.xlsx,798,2026-06-10,이미 있음(동일)
E:\기존 서류\이광재 부장 서류\기존서류 2\수입검사일지(품질관리)\품질관리 수입검사 2024년.xlsx,07_품질,폴더(수입검사일지(품질관리)),E:\SHINHWA\07_품질\2026\품질관리 수입검사 2024년.xlsx,156,2026-06-10,이미 있음(동일)
E:\기존 서류\이광재 부장 서류\기존서류 2\수입검사지침서\0. 계측기_사용법.xls,07_품질,폴더(수입검사지침서),E:\SHINHWA\07_품질\2026\0. 계측기_사용법.xls,725,2026-06-10,이미 있음(동일)
E:\기존 서류\이광재 부장 서류\기존서류 2\수입검사지침서\1. 수입검사지침서.xls,07_품질,폴더(수입검사지침서),E:\SHINHWA\07_품질\2026\1. 수입검사지침서.xls,787,2026-06-10,복사 → E:\SHINHWA\07_품질\2026\1. 수입검사지침서_v2.xls
E:\기존 서류\이광재 부장 서류\기존서류 2\수입검사지침서\2. 외관검사지침서.xls,07_품질,폴더(수입검사지침서),E:\SHINHWA\07_품질\2026\2. 외관검사지침서.xls,8623,2026-06-10,복사 → E:\SHINHWA\07_품질\2026\2. 외관검사지침서_v2.xls
E:\기존 서류\이광재 부장 서류\기존서류 2\수입검사지침서\3. 치수검사지침서_부품.xls,07_품질,폴더(수입검사지침서),E:\SHINHWA\07_품질\2026\3. 치수검사지침서_부품.xls,32453,2026-06-10,이미 있음(동일)
E:\기존 서류\이광재 부장 서류\기존서류 2\수입검사지침서\4. 콘티테크_TOC_수입검사(Q160).xlsx,07_품질,폴더(수입검사지침서),E:\SHINHWA\07_품질\2026\4. 콘티테크_TOC_수입검사(Q160).xlsx,14852,2026-06-10,이미 있음(동일)
E:\기존 서류\이광재 부장 서류\기존서류 2\수입검사지침서\부품_검사구사진\1458695477307.jpeg,07_품질,폴더(부품_검사구사진),E:\SHINHWA\07_품질\2026\1458695477307.jpeg,200,2026-06-10,이미 있음(동일)
E:\기존 서류\이광재 부장 서류\기존서류 2\수입검사지침서\부품_검사구사진\1458695482327.jpeg,07_품질,폴더(부품_검사구사진),E:\SHINHWA\07_품질\2026\1458695482327.jpeg,157,2026-06-10,이미 있음(동일)
E:\기존 서류\이광재 부장 서류\기존서류 2\수입검사지침서\부품_검사구사진\1458695486601.jpeg,07_품질,폴더(부품_검사구사진),E:\SHINHWA\07_품질\2026\1458695486601.jpeg,268,2026-06-10,이미 있음(동일)
E:\기존 서류\이광재 부장 서류\기존서류 2\수입검사지침서\부품_검사구사진\1458695491431.jpeg,07_품질,폴더(부품_검사구사진),E:\SHINHWA\07_품질\2026\1458695491431.jpeg,268,2026-06-10,이미 있음(동일)
E:\기존 서류\이광재 부장 서류\기존서류 2\수입검사지침서\부품_검사구사진\1458695496646.jpeg,07_품질,폴더(부품_검사구사진),E:\SHINHWA\07_품질\2026\1458695496646.jpeg,382,2026-06-10,이미 있음(동일)
E:\기존 서류\이광재 부장 서류\기존서류 2\수입검사지침서\부품_검사구사진\1458695500258.jpeg,07_품질,폴더(부품_검사구사진),E:\SHINHWA\07_품질\2026\1458695500258.jpeg,380,2026-06-10,이미 있음(동일)
E:\기존 서류\이광재 부장 서류\기존서류 2\수입검사지침서\부품_검사구사진\1458695503565.jpeg,07_품질,폴더(부품_검사구사진),E:\SHINHWA\07_품질\2026\1458695503565.jpeg,389,2026-06-10,이미 있음(동일)
E:\기존 서류\이광재 부장 서류\기존서류 2\수입검사지침서\부품_검사구사진\1458695506399.jpeg,07_품질,폴더(부품_검사구사진),E:\SHINHWA\07_품질\2026\1458695506399.jpeg,420,2026-06-10,이미 있음(동일)
E:\기존 서류\이광재 부장 서류\기존서류 2\수입검사지침서\부품_검사구사진\20160129_105152.jpg,07_품질,폴더(부품_검사구사진),E:\SHINHWA\07_품질\2026\20160129_105152.jpg,2789,2026-06-10,이미 있음(동일)
E:\기존 서류\이광재 부장 서류\기존서류 2\수입검사지침서\부품_검사구사진\20160129_105218.jpg,07_품질,폴더(부품_검사구사진),E:\SHINHWA\07_품질\2026\20160129_105218.jpg,2823,2026-06-10,이미 있음(동일)
E:\기존 서류\이광재 부장 서류\기존서류 2\수입검사지침서\수입검사지침서\0. PIPE_ 치수검사 지침서.xlsx,07_품질,폴더(수입검사지침서),E:\SHINHWA\07_품질\2026\0. PIPE_ 치수검사 지침서.xlsx,3116,2026-06-10,이미 있음(동일)
E:\기존 서류\이광재 부장 서류\기존서류 2\수입검사지침서\치수검사 지침서(상은).xlsx,07_품질,폴더(수입검사지침서),E:\SHINHWA\07_품질\2026\치수검사 지침서(상은).xlsx,900,2026-06-10,이미 있음(동일)
E:\기존 서류\이광재 부장 서류\기존서류 2\수입검사지침서\포레시아 수입검사 지침서\(신화)20191120_수입검사지침서_rev6 - 복사본.xlsx,07_품질,폴더(포레시아 수입검사 지침서),E:\SHINHWA\07_품질\2026\(신화)20191120_수입검사지침서_rev6 - 복사본.xlsx,737,2026-06-10,이미 있음(동일)
E:\기존 서류\이광재 부장 서류\기존서류 2\수입검사지침서\포레시아 수입검사 지침서\(신화)YPI-CVE 수입검사지침서(20200122).xlsx,07_품질,폴더(포레시아 수입검사 지침서),E:\SHINHWA\07_품질\2026\(신화)YPI-CVE 수입검사지침서(20200122).xlsx,1568,2026-06-10,이미 있음(동일)
E:\기존 서류\이광재 부장 서류\기존서류 2\수입검사지침서\포레시아 수입검사 지침서\두산 사진\20200122_101318_HDR.jpg,07_품질,폴더(포레시아 수입검사 지침서),E:\SHINHWA\07_품질\2026\20200122_101318_HDR.jpg,1711,2026-06-10,이미 있음(동일)
E:\기존 서류\이광재 부장 서류\기존서류 2\수입검사지침서\포레시아 수입검사 지침서\두산 사진\20200122_101324.jpg,07_품질,폴더(포레시아 수입검사 지침서),E:\SHINHWA\07_품질\2026\20200122_101324.jpg,1467,2026-06-10,이미 있음(동일)
E:\기존 서류\이광재 부장 서류\기존서류 2\수입검사지침서\포레시아 수입검사 지침서\두산 사진\20200122_101340.jpg,07_품질,폴더(포레시아 수입검사 지침서),E:\SHINHWA\07_품질\2026\20200122_101340.jpg,1442,2026-06-10,이미 있음(동일)
E:\기존 서류\이광재 부장 서류\기존서류 2\수입검사지침서\포레시아 수입검사 지침서\두산 사진\20200122_101347.jpg,07_품질,폴더(포레시아 수입검사 지침서),E:\SHINHWA\07_품질\2026\20200122_101347.jpg,1416,2026-06-10,이미 있음(동일)
E:\기존 서류\이광재 부장 서류\기존서류 2\수입검사지침서\포레시아 수입검사 지침서\두산 사진\20200122_101354.jpg,07_품질,폴더(포레시아 수입검사 지침서),E:\SHINHWA\07_품질\2026\20200122_101354.jpg,1538,2026-06-10,이미 있음(동일)
E:\기존 서류\이광재 부장 서류\기존서류 2\수입검사지침서\포레시아 수입검사 지침서\두산 사진\20200122_101400.jpg,07_품질,폴더(포레시아 수입검사 지침서),E:\SHINHWA\07_품질\2026\20200122_101400.jpg,1673,2026-06-10,이미 있음(동일)
E:\기존 서류\이광재 부장 서류\기존서류 2\수입검사지침서\포레시아 수입검사 지침서\두산 사진\20200122_101422.jpg,07_품질,폴더(포레시아 수입검사 지침서),E:\SHINHWA\07_품질\2026\20200122_101422.jpg,1561,2026-06-10,이미 있음(동일)
E:\기존 서류\이광재 부장 서류\기존서류 2\수입검사지침서\포레시아 수입검사 지침서\두산 사진\20200122_101428.jpg,07_품질,폴더(포레시아 수입검사 지침서),E:\SHINHWA\07_품질\2026\20200122_101428.jpg,1486,2026-06-10,이미 있음(동일)
E:\기존 서류\이광재 부장 서류\기존서류 2\수입검사지침서\포레시아 수입검사 지침서\두산 사진\20200122_101444.jpg,07_품질,폴더(포레시아 수입검사 지침서),E:\SHINHWA\07_품질\2026\20200122_101444.jpg,1890,2026-06-10,이미 있음(동일)
E:\기존 서류\이광재 부장 서류\기존서류 2\수입검사지침서\포레시아 수입검사 지침서\두산 사진\20200122_101450.jpg,07_품질,폴더(포레시아 수입검사 지침서),E:\SHINHWA\07_품질\2026\20200122_101450.jpg,1594,2026-06-10,이미 있음(동일)
E:\기존 서류\이광재 부장 서류\기존서류 2\수입검사지침서\포레시아 수입검사 지침서\두산 사진\20200122_101458.jpg,07_품질,폴더(포레시아 수입검사 지침서),E:\SHINHWA\07_품질\2026\20200122_101458.jpg,1684,2026-06-10,이미 있음(동일)
E:\기존 서류\이광재 부장 서류\기존서류 2\수입검사지침서\포레시아 수입검사 지침서\두산 사진\20200122_101514.jpg,07_품질,폴더(포레시아 수입검사 지침서),E:\SHINHWA\07_품질\2026\20200122_101514.jpg,1571,2026-06-10,이미 있음(동일)
E:\기존 서류\이광재 부장 서류\기존서류 2\수입검사지침서\포레시아 수입검사 지침서\장안\조재길(H_E)\0_FW_ ___중요___ 협력사별 수입검사 지침서 작성 제출 요청 건(기본틀).zip,07_품질,폴더(포레시아 수입검사 지침서),E:\SHINHWA\07_품질\2026\0_FW_ ___중요___ 협력사별 수입검사 지침서 작성 제출 요청 건(기본틀).zip,1106,2026-06-10,이미 있음(동일)
E:\기존 서류\이광재 부장 서류\기존서류 2\수입검사지침서\포레시아 수입검사 지침서\장안\조재길(H_E)\6_신화 H&T 수입검사 지침서 송부건(4종)_180515.zip,07_품질,폴더(포레시아 수입검사 지침서),E:\SHINHWA\07_품질\2026\6_신화 H&T 수입검사 지침서 송부건(4종)_180515.zip,2077,2026-06-10,이미 있음(동일)
E:\기존 서류\이광재 부장 서류\기존서류 2\자격인증(1)\2023 검사원 자격인증 평가표(2023년).xlsx,07_품질,파일명,E:\SHINHWA\07_품질\2026\2023 검사원 자격인증 평가표(2023년).xlsx,48,2026-06-10,이미 있음(동일)
E:\기존 서류\이광재 부장 서류\기존서류 2\자격인증(1)\2023 검사원 자격인증 평가표.xlsx,07_품질,파일명,E:\SHINHWA\07_품질\2026\2023 검사원 자격인증 평가표.xlsx,294,2026-06-10,이미 있음(동일)
E:\기존 서류\이광재 부장 서류\기존서류 2\자격인증(1)\검사공정 자격 인증서 (검사원).xlsx,07_품질,파일명,E:\SHINHWA\07_품질\2026\검사공정 자격 인증서 (검사원).xlsx,915,2026-06-10,이미 있음(동일)
E:\기존 서류\이광재 부장 서류\기존서류 2\자격인증(1)\검사공정 자격 인증서 및 평가\2023 검사원 자격인증 평가표(2023년).xlsx,07_품질,폴더(검사공정 자격 인증서 및 평가),E:\SHINHWA\07_품질\2026\2023 검사원 자격인증 평가표(2023년).xlsx,48,2026-06-10,이미 있음(동일)
E:\기존 서류\이광재 부장 서류\기존서류 2\자격인증(1)\검사공정 자격 인증서 및 평가\검사공정 자격 인증서(2023) (1팀).xlsx,07_품질,폴더(검사공정 자격 인증서 및 평가),E:\SHINHWA\07_품질\2026\검사공정 자격 인증서(2023) (1팀).xlsx,25181,2026-06-10,이미 있음(동일)
E:\기존 서류\이광재 부장 서류\기존서류 2\자격인증(1)\검사공정 자격 인증서 및 평가\검사공정 자격 인증서(2023) (2팀).xlsx,07_품질,폴더(검사공정 자격 인증서 및 평가),E:\SHINHWA\07_품질\2026\검사공정 자격 인증서(2023) (2팀).xlsx,62235,2026-06-10,이미 있음(동일)
E:\기존 서류\이광재 부장 서류\기존서류 2\자격인증(1)\검사공정 자격 인증서 및 평가\검사공정 자격 인증서(2023) (3팀).xlsx,07_품질,폴더(검사공정 자격 인증서 및 평가),E:\SHINHWA\07_품질\2026\검사공정 자격 인증서(2023) (3팀).xlsx,581,2026-06-10,이미 있음(동일)
E:\기존 서류\이광재 부장 서류\기존서류 2\자격인증(1)\검사공정 자격 인증서 및 평가\검사공정 자격 인증서(2023) (거용접).xlsx,07_품질,폴더(검사공정 자격 인증서 및 평가),E:\SHINHWA\07_품질\2026\검사공정 자격 인증서(2023) (거용접).xlsx,2213,2026-06-10,이미 있음(동일)
E:\기존 서류\이광재 부장 서류\기존서류 2\자격인증(1)\검사공정 자격 인증서 및 평가\특수공정 자격 인증서(2023) (용접팀).xls,07_품질,폴더(검사공정 자격 인증서 및 평가),E:\SHINHWA\07_품질\2026\특수공정 자격 인증서(2023) (용접팀).xls,11068,2026-06-10,복사 → E:\SHINHWA\07_품질\2026\특수공정 자격 인증서(2023) (용접팀)_v2.xls
E:\기존 서류\이광재 부장 서류\기존서류 2\자격인증(1)\검사공정 자격 인증서(2023) (1팀).xlsx,07_품질,파일명,E:\SHINHWA\07_품질\2026\검사공정 자격 인증서(2023) (1팀).xlsx,25181,2026-06-10,복사 → E:\SHINHWA\07_품질\2026\검사공정 자격 인증서(2023) (1팀)_v2.xlsx
E:\기존 서류\이광재 부장 서류\기존서류 2\자격인증(1)\검사공정 자격 인증서(2023) (2팀).xlsx,07_품질,파일명,E:\SHINHWA\07_품질\2026\검사공정 자격 인증서(2023) (2팀).xlsx,62235,2026-06-10,이미 있음(동일)
E:\기존 서류\이광재 부장 서류\기존서류 2\자격인증(1)\검사공정 자격 인증서(2023) (3팀).xlsx,07_품질,파일명,E:\SHINHWA\07_품질\2026\검사공정 자격 인증서(2023) (3팀).xlsx,581,2026-06-10,이미 있음(동일)
E:\기존 서류\이광재 부장 서류\기존서류 2\자격인증(1)\검사공정 자격 인증서(2023) (거용접).xlsx,07_품질,파일명,E:\SHINHWA\07_품질\2026\검사공정 자격 인증서(2023) (거용접).xlsx,2213,2026-06-10,이미 있음(동일)
E:\기존 서류\이광재 부장 서류\기존서류 2\자격인증(1)\검사공정 자격 인증서(2023) (검사원).xlsx,07_품질,파일명,E:\SHINHWA\07_품질\2026\검사공정 자격 인증서(2023) (검사원).xlsx,915,2026-06-10,이미 있음(동일)
E:\기존 서류\이광재 부장 서류\기존서류 2\자격인증(1)\검사공정 자격 인증서(2팀).xlsx,07_품질,파일명,E:\SHINHWA\07_품질\2026\검사공정 자격 인증서(2팀).xlsx,62195,2026-06-10,이미 있음(동일)
E:\기존 서류\이광재 부장 서류\기존서류 2\자격인증(1)\검사공정 자격 인증서(3팀).xlsx,07_품질,파일명,E:\SHINHWA\07_품질\2026\검사공정 자격 인증서(3팀).xlsx,549,2026-06-10,이미 있음(동일)
E:\기존 서류\이광재 부장 서류\기존서류 2\자격인증(1)\검사공정 자격 인증서(용접).xlsx,07_품질,파일명,E:\SHINHWA\07_품질\2026\검사공정 자격 인증서(용접).xlsx,2250,2026-06-10,이미 있음(동일)
E:\기존 서류\이광재 부장 서류\기존서류 2\자격인증(1)\검사공정 자격 인증서(팀).xlsx,07_품질,파일명,E:\SHINHWA\07_품질\2026\검사공정 자격 인증서(팀).xlsx,25218,2026-06-10,이미 있음(동일)
E:\기존 서류\이광재 부장 서류\기존서류 2\자격인증\2023 검사원 자격인증 평가표(2023년).xlsx,07_품질,파일명,E:\SHINHWA\07_품질\2026\2023 검사원 자격인증 평가표(2023년).xlsx,48,2026-06-10,이미 있음(동일)
E:\기존 서류\이광재 부장 서류\기존서류 2\자격인증\2023 검사원 자격인증 평가표.xlsx,07_품질,파일명,E:\SHINHWA\07_품질\2026\2023 검사원 자격인증 평가표.xlsx,294,2026-06-10,이미 있음(동일)
E:\기존 서류\이광재 부장 서류\기존서류 2\자격인증\검사공정 자격 인증서 (검사원).xlsx,07_품질,파일명,E:\SHINHWA\07_품질\2026\검사공정 자격 인증서 (검사원).xlsx,915,2026-06-10,이미 있음(동일)
E:\기존 서류\이광재 부장 서류\기존서류 2\자격인증\검사공정 자격 인증서 및 평가\2023 검사원 자격인증 평가표(2023년).xlsx,07_품질,폴더(검사공정 자격 인증서 및 평가),E:\SHINHWA\07_품질\2026\2023 검사원 자격인증 평가표(2023년).xlsx,48,2026-06-10,이미 있음(동일)
E:\기존 서류\이광재 부장 서류\기존서류 2\자격인증\검사공정 자격 인증서 및 평가\검사공정 자격 인증서(2023) (1팀).xlsx,07_품질,폴더(검사공정 자격 인증서 및 평가),E:\SHINHWA\07_품질\2026\검사공정 자격 인증서(2023) (1팀).xlsx,25181,2026-06-10,이미 있음(동일)
E:\기존 서류\이광재 부장 서류\기존서류 2\자격인증\검사공정 자격 인증서 및 평가\검사공정 자격 인증서(2023) (2팀).xlsx,07_품질,폴더(검사공정 자격 인증서 및 평가),E:\SHINHWA\07_품질\2026\검사공정 자격 인증서(2023) (2팀).xlsx,62235,2026-06-10,이미 있음(동일)
E:\기존 서류\이광재 부장 서류\기존서류 2\자격인증\검사공정 자격 인증서 및 평가\검사공정 자격 인증서(2023) (3팀).xlsx,07_품질,폴더(검사공정 자격 인증서 및 평가),E:\SHINHWA\07_품질\2026\검사공정 자격 인증서(2023) (3팀).xlsx,581,2026-06-10,이미 있음(동일)
E:\기존 서류\이광재 부장 서류\기존서류 2\자격인증\검사공정 자격 인증서 및 평가\검사공정 자격 인증서(2023) (거용접).xlsx,07_품질,폴더(검사공정 자격 인증서 및 평가),E:\SHINHWA\07_품질\2026\검사공정 자격 인증서(2023) (거용접).xlsx,2213,2026-06-10,이미 있음(동일)
E:\기존 서류\이광재 부장 서류\기존서류 2\자격인증\검사공정 자격 인증서 및 평가\특수공정 자격 인증서(2023) (용접팀).xls,07_품질,폴더(검사공정 자격 인증서 및 평가),E:\SHINHWA\07_품질\2026\특수공정 자격 인증서(2023) (용접팀).xls,11068,2026-06-10,복사 → E:\SHINHWA\07_품질\2026\특수공정 자격 인증서(2023) (용접팀)_v2.xls
E:\기존 서류\이광재 부장 서류\기존서류 2\자격인증\검사공정 자격 인증서(2023) (1팀).xlsx,07_품질,파일명,E:\SHINHWA\07_품질\2026\검사공정 자격 인증서(2023) (1팀).xlsx,25181,2026-06-10,복사 → E:\SHINHWA\07_품질\2026\검사공정 자격 인증서(2023) (1팀)_v2.xlsx
E:\기존 서류\이광재 부장 서류\기존서류 2\자격인증\검사공정 자격 인증서(2023) (2팀).xlsx,07_품질,파일명,E:\SHINHWA\07_품질\2026\검사공정 자격 인증서(2023) (2팀).xlsx,62235,2026-06-10,이미 있음(동일)
E:\기존 서류\이광재 부장 서류\기존서류 2\자격인증\검사공정 자격 인증서(2023) (3팀).xlsx,07_품질,파일명,E:\SHINHWA\07_품질\2026\검사공정 자격 인증서(2023) (3팀).xlsx,581,2026-06-10,이미 있음(동일)
E:\기존 서류\이광재 부장 서류\기존서류 2\자격인증\검사공정 자격 인증서(2023) (거용접).xlsx,07_품질,파일명,E:\SHINHWA\07_품질\2026\검사공정 자격 인증서(2023) (거용접).xlsx,2213,2026-06-10,이미 있음(동일)
E:\기존 서류\이광재 부장 서류\기존서류 2\자격인증\검사공정 자격 인증서(2023) (검사원).xlsx,07_품질,파일명,E:\SHINHWA\07_품질\2026\검사공정 자격 인증서(2023) (검사원).xlsx,915,2026-06-10,이미 있음(동일)
E:\기존 서류\이광재 부장 서류\기존서류 2\자격인증\검사공정 자격 인증서(2팀).xlsx,07_품질,파일명,E:\SHINHWA\07_품질\2026\검사공정 자격 인증서(2팀).xlsx,62195,2026-06-10,이미 있음(동일)
E:\기존 서류\이광재 부장 서류\기존서류 2\자격인증\검사공정 자격 인증서(3팀).xlsx,07_품질,파일명,E:\SHINHWA\07_품질\2026\검사공정 자격 인증서(3팀).xlsx,549,2026-06-10,이미 있음(동일)
E:\기존 서류\이광재 부장 서류\기존서류 2\자격인증\검사공정 자격 인증서(용접).xlsx,07_품질,파일명,E:\SHINHWA\07_품질\2026\검사공정 자격 인증서(용접).xlsx,2250,2026-06-10,이미 있음(동일)
E:\기존 서류\이광재 부장 서류\기존서류 2\자격인증\검사공정 자격 인증서(팀).xlsx,07_품질,파일명,E:\SHINHWA\07_품질\2026\검사공정 자격 인증서(팀).xlsx,25218,2026-06-10,이미 있음(동일)
"E:\기존 서류\이광재 부장 서류\기존서류 2\자재,출하 관리(1)\출검검사기준서2 (1).xlsx",07_품질,파일명,E:\SHINHWA\07_품질\2026\출검검사기준서2 (1).xlsx,75,2026-06-10,이미 있음(동일)
"E:\기존 서류\이광재 부장 서류\기존서류 2\자재,출하 관리\출검검사기준서2 (1).xlsx",07_품질,파일명,E:\SHINHWA\07_품질\2026\출검검사기준서2 (1).xlsx,75,2026-06-10,이미 있음(동일)
E:\기존 서류\이광재 부장 서류\기존서류 2\중금속 및 재질 성적서 AL\23년도 3분기 A3003 공인기관 중금속성적서_국문.pdf,07_품질,폴더(중금속 및 재질 성적서 AL),E:\SHINHWA\07_품질\2026\23년도 3분기 A3003 공인기관 중금속성적서_국문.pdf,617,2026-06-10,이미 있음(동일)
E:\기존 서류\이광재 부장 서류\기존서류 2\중금속 및 재질 성적서 AL\23년도 3분기 A3103 공인기관 중금속성적서_국문.pdf,07_품질,폴더(중금속 및 재질 성적서 AL),E:\SHINHWA\07_품질\2026\23년도 3분기 A3103 공인기관 중금속성적서_국문.pdf,626,2026-06-10,이미 있음(동일)
E:\기존 서류\이광재 부장 서류\기존서류 2\중금속 및 재질 성적서 AL\23년도 4분기 A3003 공인기관 재질성적서_국문 (원본대조필).pdf,07_품질,폴더(중금속 및 재질 성적서 AL),E:\SHINHWA\07_품질\2026\23년도 4분기 A3003 공인기관 재질성적서_국문 (원본대조필).pdf,120,2026-06-10,이미 있음(동일)
E:\기존 서류\이광재 부장 서류\기존서류 2\중금속 및 재질 성적서 AL\23년도 4분기 A3103WH 공인기관 재질성적서_국문 (원본대조필).pdf,07_품질,폴더(중금속 및 재질 성적서 AL),E:\SHINHWA\07_품질\2026\23년도 4분기 A3103WH 공인기관 재질성적서_국문 (원본대조필).pdf,120,2026-06-10,이미 있음(동일)
E:\기존 서류\이광재 부장 서류\기존서류 2\중금속 및 재질 성적서 AL\A3003 23년 4분기 중금속성적서.pdf,07_품질,폴더(중금속 및 재질 성적서 AL),E:\SHINHWA\07_품질\2026\A3003 23년 4분기 중금속성적서.pdf,1613,2026-06-10,이미 있음(동일)
E:\기존 서류\이광재 부장 서류\기존서류 2\중금속 및 재질 성적서 AL\A3003 23년 4분기 합금성분성적서.pdf,07_품질,폴더(중금속 및 재질 성적서 AL),E:\SHINHWA\07_품질\2026\A3003 23년 4분기 합금성분성적서.pdf,505,2026-06-10,이미 있음(동일)
E:\기존 서류\이광재 부장 서류\기존서류 2\중금속 및 재질 성적서 AL\A3003 재질_23년도 3분기 (1).pdf,07_품질,폴더(중금속 및 재질 성적서 AL),E:\SHINHWA\07_품질\2026\A3003 재질_23년도 3분기 (1).pdf,421,2026-06-10,이미 있음(동일)
E:\기존 서류\이광재 부장 서류\기존서류 2\중금속 및 재질 성적서 AL\A3003_중금속_23년도 하반기.PDF,07_품질,폴더(중금속 및 재질 성적서 AL),E:\SHINHWA\07_품질\2026\A3003_중금속_23년도 하반기.PDF,718,2026-06-10,이미 있음(동일)
E:\기존 서류\이광재 부장 서류\기존서류 2\중금속 및 재질 성적서 AL\A3103 23년 4분기 중금속성적서.pdf,07_품질,폴더(중금속 및 재질 성적서 AL),E:\SHINHWA\07_품질\2026\A3103 23년 4분기 중금속성적서.pdf,1608,2026-06-10,이미 있음(동일)
E:\기존 서류\이광재 부장 서류\기존서류 2\중금속 및 재질 성적서 AL\A3103 23년 4분기 합금성분성적서.pdf,07_품질,폴더(중금속 및 재질 성적서 AL),E:\SHINHWA\07_품질\2026\A3103 23년 4분기 합금성분성적서.pdf,530,2026-06-10,이미 있음(동일)
E:\기존 서류\이광재 부장 서류\기존서류 2\중금속 및 재질 성적서 AL\PA레진_중금속_23년도 하반기.PDF,07_품질,폴더(중금속 및 재질 성적서 AL),E:\SHINHWA\07_품질\2026\PA레진_중금속_23년도 하반기.PDF,625,2026-06-10,이미 있음(동일)
E:\기존 서류\이광재 부장 서류\기존서류 2\중금속 및 재질 성적서 AL\회사명_분기_재질(중금속) 성적서 2023 4분기.xlsx,07_품질,폴더(중금속 및 재질 성적서 AL),E:\SHINHWA\07_품질\2026\회사명_분기_재질(중금속) 성적서 2023 4분기.xlsx,7683,2026-06-10,이미 있음(동일)
E:\기존 서류\이광재 부장 서류\기존서류 2\중금속 및 재질 성적서 SUS\SJ스틸\재질성적서\SJ304-1.0T2303.pdf,07_품질,폴더(재질성적서),E:\SHINHWA\07_품질\2026\SJ304-1.0T2303.pdf,588,2026-06-10,이미 있음(동일)
E:\기존 서류\이광재 부장 서류\기존서류 2\중금속 및 재질 성적서 SUS\SJ스틸\재질성적서\SJ409-1.2T2301.pdf,07_품질,폴더(재질성적서),E:\SHINHWA\07_품질\2026\SJ409-1.2T2301.pdf,571,2026-06-10,이미 있음(동일)
E:\기존 서류\이광재 부장 서류\기존서류 2\중금속 및 재질 성적서 SUS\SJ스틸\재질성적서\SJ436-1.2T2302.pdf,07_품질,폴더(재질성적서),E:\SHINHWA\07_품질\2026\SJ436-1.2T2302.pdf,508,2026-06-10,이미 있음(동일)
E:\기존 서류\이광재 부장 서류\기존서류 2\중금속 및 재질 성적서 SUS\SJ스틸\중금속성적서\300계열 중금속.pdf,07_품질,폴더(중금속성적서),E:\SHINHWA\07_품질\2026\300계열 중금속.pdf,635,2026-06-10,이미 있음(동일)
E:\기존 서류\이광재 부장 서류\기존서류 2\중금속 및 재질 성적서 SUS\SJ스틸\중금속성적서\400계열 중금속.pdf,07_품질,폴더(중금속성적서),E:\SHINHWA\07_품질\2026\400계열 중금속.pdf,649,2026-06-10,이미 있음(동일)
E:\기존 서류\이광재 부장 서류\기존서류 2\중금속 및 재질 성적서 SUS\금성파이프\2023년 9월\재질 STKM11A.pdf,07_품질,폴더(중금속 및 재질 성적서 SUS),E:\SHINHWA\07_품질\2026\재질 STKM11A.pdf,156,2026-06-10,이미 있음(동일)
E:\기존 서류\이광재 부장 서류\기존서류 2\중금속 및 재질 성적서 SUS\금성파이프\2023년 9월\중금속성적서 STKM11A.pdf,07_품질,폴더(중금속 및 재질 성적서 SUS),E:\SHINHWA\07_품질\2026\중금속성적서 STKM11A.pdf,825,2026-06-10,이미 있음(동일)
E:\기존 서류\이광재 부장 서류\기존서류 2\중금속 및 재질 성적서 SUS\대흥정공\재질성적서\TSW10.00x0.7t Z13GPF-N3_재질성적서_230706.pdf,07_품질,폴더(재질성적서),E:\SHINHWA\07_품질\2026\TSW10.00x0.7t Z13GPF-N3_재질성적서_230706.pdf,101,2026-06-10,이미 있음(동일)
E:\기존 서류\이광재 부장 서류\기존서류 2\중금속 및 재질 성적서 SUS\대흥정공\중금속성적서\23년 하반기 TSW-GPF-N3 중금속 성적서.pdf,07_품질,폴더(중금속성적서),E:\SHINHWA\07_품질\2026\23년 하반기 TSW-GPF-N3 중금속 성적서.pdf,2621,2026-06-10,이미 있음(동일)
E:\기존 서류\이광재 부장 서류\기존서류 2\중금속 및 재질 성적서 SUS\성한정공\재질성적서\1.STS304 2B 2.0T 재질증명서.pdf,07_품질,폴더(재질성적서),E:\SHINHWA\07_품질\2026\1.STS304 2B 2.0T 재질증명서.pdf,988,2026-06-10,이미 있음(동일)
E:\기존 서류\이광재 부장 서류\기존서류 2\중금속 및 재질 성적서 SUS\성한정공\재질성적서\2.STS304 2B 1.5T 재질증명서.pdf,07_품질,폴더(재질성적서),E:\SHINHWA\07_품질\2026\2.STS304 2B 1.5T 재질증명서.pdf,1033,2026-06-10,이미 있음(동일)
E:\기존 서류\이광재 부장 서류\기존서류 2\중금속 및 재질 성적서 SUS\성한정공\재질성적서\304 2B 1.0T 재질증명서.pdf,07_품질,폴더(재질성적서),E:\SHINHWA\07_품질\2026\304 2B 1.0T 재질증명서.pdf,3240,2026-06-10,이미 있음(동일)
E:\기존 서류\이광재 부장 서류\기존서류 2\중금속 및 재질 성적서 SUS\성한정공\재질성적서\4.S1021B 재질성적서.pdf,07_품질,폴더(재질성적서),E:\SHINHWA\07_품질\2026\4.S1021B 재질성적서.pdf,1012,2026-06-10,이미 있음(동일)
E:\기존 서류\이광재 부장 서류\기존서류 2\중금속 및 재질 성적서 SUS\성한정공\중금속성적서\3.STS CR300 중금속성적서.pdf,07_품질,폴더(중금속성적서),E:\SHINHWA\07_품질\2026\3.STS CR300 중금속성적서.pdf,4570,2026-06-10,이미 있음(동일)
E:\기존 서류\이광재 부장 서류\기존서류 2\중금속 및 재질 성적서 SUS\성한정공\중금속성적서\5.S1021B 중금속성적서.pdf,07_품질,폴더(중금속성적서),E:\SHINHWA\07_품질\2026\5.S1021B 중금속성적서.pdf,3838,2026-06-10,이미 있음(동일)
E:\기존 서류\이광재 부장 서류\기존서류 2\중금속 및 재질 성적서 SUS\성한정공\중금속성적서\STS 304 2B 중금속성적서.pdf,07_품질,폴더(중금속성적서),E:\SHINHWA\07_품질\2026\STS 304 2B 중금속성적서.pdf,1147,2026-06-10,이미 있음(동일)
E:\기존 서류\이광재 부장 서류\기존서류 2\중금속 및 재질 성적서 SUS\송우산업\클립 정기검사 성적서 14720-13006S(SK5M).pdf,07_품질,폴더(중금속 및 재질 성적서 SUS),E:\SHINHWA\07_품질\2026\클립 정기검사 성적서 14720-13006S(SK5M).pdf,2710,2026-06-10,이미 있음(동일)
E:\기존 서류\이광재 부장 서류\기존서류 2\중금속 및 재질 성적서 SUS\송우산업\호스 재질 성적서(VMQ).pdf,07_품질,폴더(중금속 및 재질 성적서 SUS),E:\SHINHWA\07_품질\2026\호스 재질 성적서(VMQ).pdf,59,2026-06-10,이미 있음(동일)
E:\기존 서류\이광재 부장 서류\기존서류 2\중금속 및 재질 성적서 SUS\송우산업\호스 중금속 성적서(VMQ).pdf,07_품질,폴더(중금속 및 재질 성적서 SUS),E:\SHINHWA\07_품질\2026\호스 중금속 성적서(VMQ).pdf,536,2026-06-10,이미 있음(동일)
E:\기존 서류\이광재 부장 서류\기존서류 2\중금속 및 재질 성적서 SUS\신형\대광) SUS303C 재질 성적서_육각봉.pdf,07_품질,폴더(중금속 및 재질 성적서 SUS),E:\SHINHWA\07_품질\2026\대광) SUS303C 재질 성적서_육각봉.pdf,479,2026-06-10,이미 있음(동일)
E:\기존 서류\이광재 부장 서류\기존서류 2\중금속 및 재질 성적서 SUS\신형\대광) SUS303C 중금속 성적서.pdf,07_품질,폴더(중금속 및 재질 성적서 SUS),E:\SHINHWA\07_품질\2026\대광) SUS303C 중금속 성적서.pdf,467,2026-06-10,이미 있음(동일)
E:\기존 서류\이광재 부장 서류\기존서류 2\중금속 및 재질 성적서 SUS\아레이몬드\200263001 재질.pdf,07_품질,폴더(중금속 및 재질 성적서 SUS),E:\SHINHWA\07_품질\2026\200263001 재질.pdf,956,2026-06-10,이미 있음(동일)
E:\기존 서류\이광재 부장 서류\기존서류 2\중금속 및 재질 성적서 SUS\아레이몬드\200263001 중금속.pdf,07_품질,폴더(중금속 및 재질 성적서 SUS),E:\SHINHWA\07_품질\2026\200263001 중금속.pdf,177,2026-06-10,이미 있음(동일)
E:\기존 서류\이광재 부장 서류\기존서류 2\초기유동관리(1)\MQ4 RR GP12 초기유동관리 성적서(20231115).xls,07_품질,파일명,E:\SHINHWA\07_품질\2026\MQ4 RR GP12 초기유동관리 성적서(20231115).xls,1224,2026-06-10,이미 있음(동일)
E:\기존 서류\이광재 부장 서류\기존서류 2\초기유동관리(1)\MQ4 RR GP12 초기유동관리 성적서(20231214).xls,07_품질,파일명,E:\SHINHWA\07_품질\2026\MQ4 RR GP12 초기유동관리 성적서(20231214).xls,1223,2026-06-10,이미 있음(동일)
E:\기존 서류\이광재 부장 서류\기존서류 2\초기유동관리\MQ4 RR GP12 초기유동관리 성적서(20231115).xls,07_품질,파일명,E:\SHINHWA\07_품질\2026\MQ4 RR GP12 초기유동관리 성적서(20231115).xls,1224,2026-06-10,이미 있음(동일)
E:\기존 서류\이광재 부장 서류\기존서류 2\초기유동관리\MQ4 RR GP12 초기유동관리 성적서(20231214).xls,07_품질,파일명,E:\SHINHWA\07_품질\2026\MQ4 RR GP12 초기유동관리 성적서(20231214).xls,1223,2026-06-10,이미 있음(동일)
E:\기존 서류\이광재 부장 서류\기존서류 2\출하(1)\EVAP 성적서\(A2XX EVAP IN) 검사성적서 231213.pdf,07_품질,폴더(EVAP 성적서),E:\SHINHWA\07_품질\2026\(A2XX EVAP IN) 검사성적서 231213.pdf,184,2026-06-10,이미 있음(동일)
E:\기존 서류\이광재 부장 서류\기존서류 2\출하(1)\EVAP 성적서\(A2XX EVAP IN) 검사성적서231212-1.pdf,07_품질,폴더(EVAP 성적서),E:\SHINHWA\07_품질\2026\(A2XX EVAP IN) 검사성적서231212-1.pdf,184,2026-06-10,이미 있음(동일)
E:\기존 서류\이광재 부장 서류\기존서류 2\출하(1)\EVAP 성적서\(MFA2 RHD IN) 검사성적서_PLHH260A6TLA  231212.pdf,07_품질,폴더(EVAP 성적서),E:\SHINHWA\07_품질\2026\(MFA2 RHD IN) 검사성적서_PLHH260A6TLA  231212.pdf,206,2026-06-10,이미 있음(동일)
E:\기존 서류\이광재 부장 서류\기존서류 2\출하(1)\EVAP 성적서\(MFA2 RHD IN) 검사성적서_PLHH260A6TLA 231201.pdf,07_품질,폴더(EVAP 성적서),E:\SHINHWA\07_품질\2026\(MFA2 RHD IN) 검사성적서_PLHH260A6TLA 231201.pdf,206,2026-06-10,이미 있음(동일)
E:\기존 서류\이광재 부장 서류\기존서류 2\출하(1)\EVAP 성적서\(MFA2 RHD OUT) 검사성적서_PLHH261A6TLA  231206.pdf,07_품질,폴더(EVAP 성적서),E:\SHINHWA\07_품질\2026\(MFA2 RHD OUT) 검사성적서_PLHH261A6TLA  231206.pdf,207,2026-06-10,이미 있음(동일)
E:\기존 서류\이광재 부장 서류\기존서류 2\출하(1)\EVAP 성적서\(P702) 검사성적서_HL133G3SAA (2)231206.pdf,07_품질,폴더(EVAP 성적서),E:\SHINHWA\07_품질\2026\(P702) 검사성적서_HL133G3SAA (2)231206.pdf,192,2026-06-10,이미 있음(동일)
E:\기존 서류\이광재 부장 서류\기존서류 2\출하(1)\EVAP 성적서\AD LHD 성적서_Rev.1 (EVAP) 231213.pdf,07_품질,폴더(EVAP 성적서),E:\SHINHWA\07_품질\2026\AD LHD 성적서_Rev.1 (EVAP) 231213.pdf,137,2026-06-10,이미 있음(동일)
E:\기존 서류\이광재 부장 서류\기존서류 2\출하(1)\EVAP 성적서\AD LHD 성적서_Rev.1 (EVAP)231208.pdf,07_품질,폴더(EVAP 성적서),E:\SHINHWA\07_품질\2026\AD LHD 성적서_Rev.1 (EVAP)231208.pdf,137,2026-06-10,이미 있음(동일)
E:\기존 서류\이광재 부장 서류\기존서류 2\출하(1)\EVAP 성적서\AD LHD(1.24t) OUT_Rev.1 231221.pdf,07_품질,폴더(EVAP 성적서),E:\SHINHWA\07_품질\2026\AD LHD(1.24t) OUT_Rev.1 231221.pdf,116,2026-06-10,이미 있음(동일)
E:\기존 서류\이광재 부장 서류\기존서류 2\출하(1)\EVAP 성적서\AD RHD 성적서_Rev.1 (EVAP)231221.pdf,07_품질,폴더(EVAP 성적서),E:\SHINHWA\07_품질\2026\AD RHD 성적서_Rev.1 (EVAP)231221.pdf,137,2026-06-10,이미 있음(동일)
E:\기존 서류\이광재 부장 서류\기존서류 2\출하(1)\EVAP 성적서\BD LHD IN 231201.pdf,07_품질,폴더(EVAP 성적서),E:\SHINHWA\07_품질\2026\BD LHD IN 231201.pdf,118,2026-06-10,이미 있음(동일)
E:\기존 서류\이광재 부장 서류\기존서류 2\출하(1)\EVAP 성적서\BD LHD IN 231221.pdf,07_품질,폴더(EVAP 성적서),E:\SHINHWA\07_품질\2026\BD LHD IN 231221.pdf,118,2026-06-10,이미 있음(동일)
E:\기존 서류\이광재 부장 서류\기존서류 2\출하(1)\EVAP 성적서\BD LHD OUT 231201.pdf,07_품질,폴더(EVAP 성적서),E:\SHINHWA\07_품질\2026\BD LHD OUT 231201.pdf,109,2026-06-10,이미 있음(동일)
E:\기존 서류\이광재 부장 서류\기존서류 2\출하(1)\EVAP 성적서\BD LHD OUT 231221.pdf,07_품질,폴더(EVAP 성적서),E:\SHINHWA\07_품질\2026\BD LHD OUT 231221.pdf,109,2026-06-10,이미 있음(동일)
E:\기존 서류\이광재 부장 서류\기존서류 2\출하(1)\EVAP 성적서\BD RHD IN 231201.pdf,07_품질,폴더(EVAP 성적서),E:\SHINHWA\07_품질\2026\BD RHD IN 231201.pdf,110,2026-06-10,이미 있음(동일)
E:\기존 서류\이광재 부장 서류\기존서류 2\출하(1)\EVAP 성적서\BD RHD IN 231213.pdf,07_품질,폴더(EVAP 성적서),E:\SHINHWA\07_품질\2026\BD RHD IN 231213.pdf,110,2026-06-10,이미 있음(동일)
E:\기존 서류\이광재 부장 서류\기존서류 2\출하(1)\EVAP 성적서\BD RHD IN 231221.pdf,07_품질,폴더(EVAP 성적서),E:\SHINHWA\07_품질\2026\BD RHD IN 231221.pdf,110,2026-06-10,이미 있음(동일)
E:\기존 서류\이광재 부장 서류\기존서류 2\출하(1)\EVAP 성적서\BD RHD OUT 231201.pdf,07_품질,폴더(EVAP 성적서),E:\SHINHWA\07_품질\2026\BD RHD OUT 231201.pdf,121,2026-06-10,이미 있음(동일)
E:\기존 서류\이광재 부장 서류\기존서류 2\출하(1)\EVAP 성적서\BD RHD OUT 231221.pdf,07_품질,폴더(EVAP 성적서),E:\SHINHWA\07_품질\2026\BD RHD OUT 231221.pdf,121,2026-06-10,이미 있음(동일)
E:\기존 서류\이광재 부장 서류\기존서류 2\출하(1)\EVAP 성적서\BDm GSL(SEAL WASHER) 검사 성적서 (Rev.1)231227.pdf,07_품질,폴더(EVAP 성적서),E:\SHINHWA\07_품질\2026\BDm GSL(SEAL WASHER) 검사 성적서 (Rev.1)231227.pdf,143,2026-06-10,이미 있음(동일)
E:\기존 서류\이광재 부장 서류\기존서류 2\출하(1)\EVAP 성적서\BDm GSL(SEAL WASHER) 검사 성적서 (Rev.1)231228.pdf,07_품질,폴더(EVAP 성적서),E:\SHINHWA\07_품질\2026\BDm GSL(SEAL WASHER) 검사 성적서 (Rev.1)231228.pdf,143,2026-06-10,이미 있음(동일)
E:\기존 서류\이광재 부장 서류\기존서류 2\출하(1)\EVAP 성적서\CN7 성적서 (EVAP)231228-1.pdf,07_품질,폴더(EVAP 성적서),E:\SHINHWA\07_품질\2026\CN7 성적서 (EVAP)231228-1.pdf,134,2026-06-10,이미 있음(동일)
E:\기존 서류\이광재 부장 서류\기존서류 2\출하(1)\EVAP 성적서\CN7 성적서 (EVAP)231228.pdf,07_품질,폴더(EVAP 성적서),E:\SHINHWA\07_품질\2026\CN7 성적서 (EVAP)231228.pdf,134,2026-06-10,이미 있음(동일)
E:\기존 서류\이광재 부장 서류\기존서류 2\출하(1)\EVAP 성적서\CN7 성적서 (EVAP)231229.pdf,07_품질,폴더(EVAP 성적서),E:\SHINHWA\07_품질\2026\CN7 성적서 (EVAP)231229.pdf,134,2026-06-10,이미 있음(동일)
E:\기존 서류\이광재 부장 서류\기존서류 2\출하(1)\EVAP 성적서\DN8 N (신냉매) 검사 성적서 (Rev.2)231208.pdf,07_품질,폴더(EVAP 성적서),E:\SHINHWA\07_품질\2026\DN8 N (신냉매) 검사 성적서 (Rev.2)231208.pdf,174,2026-06-10,이미 있음(동일)
E:\기존 서류\이광재 부장 서류\기존서류 2\출하(1)\EVAP 성적서\DN8 성적서 (EVAP)231204.pdf,07_품질,폴더(EVAP 성적서),E:\SHINHWA\07_품질\2026\DN8 성적서 (EVAP)231204.pdf,133,2026-06-10,이미 있음(동일)
E:\기존 서류\이광재 부장 서류\기존서류 2\출하(1)\EVAP 성적서\DN8 성적서 (EVAP)231205-1.pdf,07_품질,폴더(EVAP 성적서),E:\SHINHWA\07_품질\2026\DN8 성적서 (EVAP)231205-1.pdf,133,2026-06-10,이미 있음(동일)
E:\기존 서류\이광재 부장 서류\기존서류 2\출하(1)\EVAP 성적서\DN8 성적서 (EVAP)231205.pdf,07_품질,폴더(EVAP 성적서),E:\SHINHWA\07_품질\2026\DN8 성적서 (EVAP)231205.pdf,133,2026-06-10,이미 있음(동일)
E:\기존 서류\이광재 부장 서류\기존서류 2\출하(1)\EVAP 성적서\DN8 성적서 (EVAP)231206.pdf,07_품질,폴더(EVAP 성적서),E:\SHINHWA\07_품질\2026\DN8 성적서 (EVAP)231206.pdf,133,2026-06-10,이미 있음(동일)
E:\기존 서류\이광재 부장 서류\기존서류 2\출하(1)\EVAP 성적서\DN8 성적서 (EVAP)231208-1.pdf,07_품질,폴더(EVAP 성적서),E:\SHINHWA\07_품질\2026\DN8 성적서 (EVAP)231208-1.pdf,133,2026-06-10,이미 있음(동일)
E:\기존 서류\이광재 부장 서류\기존서류 2\출하(1)\EVAP 성적서\DN8 성적서 (EVAP)231208.pdf,07_품질,폴더(EVAP 성적서),E:\SHINHWA\07_품질\2026\DN8 성적서 (EVAP)231208.pdf,133,2026-06-10,이미 있음(동일)
E:\기존 서류\이광재 부장 서류\기존서류 2\출하(1)\EVAP 성적서\DN8 성적서 (EVAP)231213.pdf,07_품질,폴더(EVAP 성적서),E:\SHINHWA\07_품질\2026\DN8 성적서 (EVAP)231213.pdf,133,2026-06-10,이미 있음(동일)
E:\기존 서류\이광재 부장 서류\기존서류 2\출하(1)\EVAP 성적서\DN8 성적서 (EVAP)231215.pdf,07_품질,폴더(EVAP 성적서),E:\SHINHWA\07_품질\2026\DN8 성적서 (EVAP)231215.pdf,133,2026-06-10,이미 있음(동일)
E:\기존 서류\이광재 부장 서류\기존서류 2\출하(1)\EVAP 성적서\DN8 성적서 (EVAP)231218.pdf,07_품질,폴더(EVAP 성적서),E:\SHINHWA\07_품질\2026\DN8 성적서 (EVAP)231218.pdf,133,2026-06-10,이미 있음(동일)
E:\기존 서류\이광재 부장 서류\기존서류 2\출하(1)\EVAP 성적서\DN8 성적서 (EVAP)231219.pdf,07_품질,폴더(EVAP 성적서),E:\SHINHWA\07_품질\2026\DN8 성적서 (EVAP)231219.pdf,133,2026-06-10,이미 있음(동일)
E:\기존 서류\이광재 부장 서류\기존서류 2\출하(1)\EVAP 성적서\DN8 성적서 (EVAP)231221.pdf,07_품질,폴더(EVAP 성적서),E:\SHINHWA\07_품질\2026\DN8 성적서 (EVAP)231221.pdf,133,2026-06-10,이미 있음(동일)
E:\기존 서류\이광재 부장 서류\기존서류 2\출하(1)\EVAP 성적서\DN8 성적서 (EVAP)231222.pdf,07_품질,폴더(EVAP 성적서),E:\SHINHWA\07_품질\2026\DN8 성적서 (EVAP)231222.pdf,133,2026-06-10,이미 있음(동일)
E:\기존 서류\이광재 부장 서류\기존서류 2\출하(1)\EVAP 성적서\DN8 성적서 (EVAP)231226.pdf,07_품질,폴더(EVAP 성적서),E:\SHINHWA\07_품질\2026\DN8 성적서 (EVAP)231226.pdf,133,2026-06-10,이미 있음(동일)
E:\기존 서류\이광재 부장 서류\기존서류 2\출하(1)\EVAP 성적서\DN8 성적서 (EVAP)231227.pdf,07_품질,폴더(EVAP 성적서),E:\SHINHWA\07_품질\2026\DN8 성적서 (EVAP)231227.pdf,133,2026-06-10,이미 있음(동일)
E:\기존 서류\이광재 부장 서류\기존서류 2\출하(1)\EVAP 성적서\DN8 성적서 (EVAP)231228.pdf,07_품질,폴더(EVAP 성적서),E:\SHINHWA\07_품질\2026\DN8 성적서 (EVAP)231228.pdf,133,2026-06-10,이미 있음(동일)
E:\기존 서류\이광재 부장 서류\기존서류 2\출하(1)\EVAP 성적서\DN8 성적서 (EVAP)231229.pdf,07_품질,폴더(EVAP 성적서),E:\SHINHWA\07_품질\2026\DN8 성적서 (EVAP)231229.pdf,133,2026-06-10,이미 있음(동일)
E:\기존 서류\이광재 부장 서류\기존서류 2\출하(1)\EVAP 성적서\JX 검사 성적서 (Rev.1)231214.pdf,07_품질,폴더(EVAP 성적서),E:\SHINHWA\07_품질\2026\JX 검사 성적서 (Rev.1)231214.pdf,133,2026-06-10,이미 있음(동일)
E:\기존 서류\이광재 부장 서류\기존서류 2\출하(1)\EVAP 성적서\KU 성적서_Rev.1   231213.pdf,07_품질,폴더(EVAP 성적서),E:\SHINHWA\07_품질\2026\KU 성적서_Rev.1   231213.pdf,158,2026-06-10,이미 있음(동일)
E:\기존 서류\이광재 부장 서류\기존서류 2\출하(1)\EVAP 성적서\KU 성적서_Rev.1  231220.pdf,07_품질,폴더(EVAP 성적서),E:\SHINHWA\07_품질\2026\KU 성적서_Rev.1  231220.pdf,158,2026-06-10,이미 있음(동일)
E:\기존 서류\이광재 부장 서류\기존서류 2\출하(1)\EVAP 성적서\KU 성적서_Rev.1 (EVAP)231226.pdf,07_품질,폴더(EVAP 성적서),E:\SHINHWA\07_품질\2026\KU 성적서_Rev.1 (EVAP)231226.pdf,158,2026-06-10,이미 있음(동일)
E:\기존 서류\이광재 부장 서류\기존서류 2\출하(1)\EVAP 성적서\KU 성적서_Rev.1 231213.pdf,07_품질,폴더(EVAP 성적서),E:\SHINHWA\07_품질\2026\KU 성적서_Rev.1 231213.pdf,158,2026-06-10,이미 있음(동일)
E:\기존 서류\이광재 부장 서류\기존서류 2\출하(1)\EVAP 성적서\KU 성적서_Rev1(EVAP) 231226.pdf,07_품질,폴더(EVAP 성적서),E:\SHINHWA\07_품질\2026\KU 성적서_Rev1(EVAP) 231226.pdf,158,2026-06-10,이미 있음(동일)
E:\기존 서류\이광재 부장 서류\기존서류 2\출하(1)\EVAP 성적서\MQ4_LHD(FRT) 성적서 (EVAP)231201.pdf,07_품질,폴더(EVAP 성적서),E:\SHINHWA\07_품질\2026\MQ4_LHD(FRT) 성적서 (EVAP)231201.pdf,134,2026-06-10,이미 있음(동일)
E:\기존 서류\이광재 부장 서류\기존서류 2\출하(1)\EVAP 성적서\MQ4_LHD(FRT) 성적서 (EVAP)231201E.pdf,07_품질,폴더(EVAP 성적서),E:\SHINHWA\07_품질\2026\MQ4_LHD(FRT) 성적서 (EVAP)231201E.pdf,134,2026-06-10,이미 있음(동일)
E:\기존 서류\이광재 부장 서류\기존서류 2\출하(1)\EVAP 성적서\MQ4_LHD(FRT) 성적서 (EVAP)231204 E.pdf,07_품질,폴더(EVAP 성적서),E:\SHINHWA\07_품질\2026\MQ4_LHD(FRT) 성적서 (EVAP)231204 E.pdf,134,2026-06-10,이미 있음(동일)
E:\기존 서류\이광재 부장 서류\기존서류 2\출하(1)\EVAP 성적서\MQ4_LHD(FRT) 성적서 (EVAP)231204.pdf,07_품질,폴더(EVAP 성적서),E:\SHINHWA\07_품질\2026\MQ4_LHD(FRT) 성적서 (EVAP)231204.pdf,134,2026-06-10,이미 있음(동일)
E:\기존 서류\이광재 부장 서류\기존서류 2\출하(1)\EVAP 성적서\MQ4_LHD(FRT) 성적서 (EVAP)231205 에코.pdf,07_품질,폴더(EVAP 성적서),E:\SHINHWA\07_품질\2026\MQ4_LHD(FRT) 성적서 (EVAP)231205 에코.pdf,134,2026-06-10,이미 있음(동일)
E:\기존 서류\이광재 부장 서류\기존서류 2\출하(1)\EVAP 성적서\MQ4_LHD(FRT) 성적서 (EVAP)231205.pdf,07_품질,폴더(EVAP 성적서),E:\SHINHWA\07_품질\2026\MQ4_LHD(FRT) 성적서 (EVAP)231205.pdf,134,2026-06-10,이미 있음(동일)
E:\기존 서류\이광재 부장 서류\기존서류 2\출하(1)\EVAP 성적서\MQ4_LHD(FRT) 성적서 (EVAP)231206.pdf,07_품질,폴더(EVAP 성적서),E:\SHINHWA\07_품질\2026\MQ4_LHD(FRT) 성적서 (EVAP)231206.pdf,134,2026-06-10,이미 있음(동일)
E:\기존 서류\이광재 부장 서류\기존서류 2\출하(1)\EVAP 성적서\MQ4_LHD(FRT) 성적서 (EVAP)231206E.pdf,07_품질,폴더(EVAP 성적서),E:\SHINHWA\07_품질\2026\MQ4_LHD(FRT) 성적서 (EVAP)231206E.pdf,134,2026-06-10,이미 있음(동일)
E:\기존 서류\이광재 부장 서류\기존서류 2\출하(1)\EVAP 성적서\MQ4_LHD(FRT) 성적서 (EVAP)231211 E.pdf,07_품질,폴더(EVAP 성적서),E:\SHINHWA\07_품질\2026\MQ4_LHD(FRT) 성적서 (EVAP)231211 E.pdf,134,2026-06-10,이미 있음(동일)
E:\기존 서류\이광재 부장 서류\기존서류 2\출하(1)\EVAP 성적서\MQ4_LHD(FRT) 성적서 (EVAP)231211.pdf,07_품질,폴더(EVAP 성적서),E:\SHINHWA\07_품질\2026\MQ4_LHD(FRT) 성적서 (EVAP)231211.pdf,134,2026-06-10,이미 있음(동일)
E:\기존 서류\이광재 부장 서류\기존서류 2\출하(1)\EVAP 성적서\MQ4_LHD(FRT) 성적서 (EVAP)231212-1.pdf,07_품질,폴더(EVAP 성적서),E:\SHINHWA\07_품질\2026\MQ4_LHD(FRT) 성적서 (EVAP)231212-1.pdf,134,2026-06-10,이미 있음(동일)
E:\기존 서류\이광재 부장 서류\기존서류 2\출하(1)\EVAP 성적서\MQ4_LHD(FRT) 성적서 (EVAP)231212.pdf,07_품질,폴더(EVAP 성적서),E:\SHINHWA\07_품질\2026\MQ4_LHD(FRT) 성적서 (EVAP)231212.pdf,134,2026-06-10,이미 있음(동일)
E:\기존 서류\이광재 부장 서류\기존서류 2\출하(1)\EVAP 성적서\MQ4_LHD(FRT) 성적서 (EVAP)231213 E.pdf,07_품질,폴더(EVAP 성적서),E:\SHINHWA\07_품질\2026\MQ4_LHD(FRT) 성적서 (EVAP)231213 E.pdf,134,2026-06-10,이미 있음(동일)
E:\기존 서류\이광재 부장 서류\기존서류 2\출하(1)\EVAP 성적서\MQ4_LHD(FRT) 성적서 (EVAP)231213.pdf,07_품질,폴더(EVAP 성적서),E:\SHINHWA\07_품질\2026\MQ4_LHD(FRT) 성적서 (EVAP)231213.pdf,134,2026-06-10,이미 있음(동일)
E:\기존 서류\이광재 부장 서류\기존서류 2\출하(1)\EVAP 성적서\MQ4_LHD(FRT) 성적서 (EVAP)231214.pdf,07_품질,폴더(EVAP 성적서),E:\SHINHWA\07_품질\2026\MQ4_LHD(FRT) 성적서 (EVAP)231214.pdf,134,2026-06-10,이미 있음(동일)
E:\기존 서류\이광재 부장 서류\기존서류 2\출하(1)\EVAP 성적서\MQ4_LHD(FRT) 성적서 (EVAP)231218.pdf,07_품질,폴더(EVAP 성적서),E:\SHINHWA\07_품질\2026\MQ4_LHD(FRT) 성적서 (EVAP)231218.pdf,134,2026-06-10,이미 있음(동일)
E:\기존 서류\이광재 부장 서류\기존서류 2\출하(1)\EVAP 성적서\MQ4_LHD(FRT) 성적서 (EVAP)231219 E.pdf,07_품질,폴더(EVAP 성적서),E:\SHINHWA\07_품질\2026\MQ4_LHD(FRT) 성적서 (EVAP)231219 E.pdf,134,2026-06-10,이미 있음(동일)
E:\기존 서류\이광재 부장 서류\기존서류 2\출하(1)\EVAP 성적서\MQ4_LHD(FRT) 성적서 (EVAP)231220 E.pdf,07_품질,폴더(EVAP 성적서),E:\SHINHWA\07_품질\2026\MQ4_LHD(FRT) 성적서 (EVAP)231220 E.pdf,134,2026-06-10,이미 있음(동일)
E:\기존 서류\이광재 부장 서류\기존서류 2\출하(1)\EVAP 성적서\MQ4_LHD(FRT) 성적서 (EVAP)231220.pdf,07_품질,폴더(EVAP 성적서),E:\SHINHWA\07_품질\2026\MQ4_LHD(FRT) 성적서 (EVAP)231220.pdf,134,2026-06-10,이미 있음(동일)
E:\기존 서류\이광재 부장 서류\기존서류 2\출하(1)\EVAP 성적서\MQ4_LHD(FRT) 성적서 (EVAP)231221.pdf,07_품질,폴더(EVAP 성적서),E:\SHINHWA\07_품질\2026\MQ4_LHD(FRT) 성적서 (EVAP)231221.pdf,134,2026-06-10,이미 있음(동일)
E:\기존 서류\이광재 부장 서류\기존서류 2\출하(1)\EVAP 성적서\MQ4_LHD(FRT) 성적서 (EVAP)231222.pdf,07_품질,폴더(EVAP 성적서),E:\SHINHWA\07_품질\2026\MQ4_LHD(FRT) 성적서 (EVAP)231222.pdf,134,2026-06-10,이미 있음(동일)
E:\기존 서류\이광재 부장 서류\기존서류 2\출하(1)\EVAP 성적서\MQ4_LHD(FRT) 성적서 (EVAP)231226 수출.pdf,07_품질,폴더(EVAP 성적서),E:\SHINHWA\07_품질\2026\MQ4_LHD(FRT) 성적서 (EVAP)231226 수출.pdf,134,2026-06-10,이미 있음(동일)
E:\기존 서류\이광재 부장 서류\기존서류 2\출하(1)\EVAP 성적서\MQ4_LHD(FRT) 성적서 (EVAP)231226.pdf,07_품질,폴더(EVAP 성적서),E:\SHINHWA\07_품질\2026\MQ4_LHD(FRT) 성적서 (EVAP)231226.pdf,134,2026-06-10,이미 있음(동일)
E:\기존 서류\이광재 부장 서류\기존서류 2\출하(1)\EVAP 성적서\MQ4_LHD(FRT) 성적서 (EVAP)231227.pdf,07_품질,폴더(EVAP 성적서),E:\SHINHWA\07_품질\2026\MQ4_LHD(FRT) 성적서 (EVAP)231227.pdf,134,2026-06-10,이미 있음(동일)
E:\기존 서류\이광재 부장 서류\기존서류 2\출하(1)\EVAP 성적서\MQ4_LHD(FRT) 성적서 (EVAP)231229 E.pdf,07_품질,폴더(EVAP 성적서),E:\SHINHWA\07_품질\2026\MQ4_LHD(FRT) 성적서 (EVAP)231229 E.pdf,134,2026-06-10,이미 있음(동일)
E:\기존 서류\이광재 부장 서류\기존서류 2\출하(1)\EVAP 성적서\MQ4_RR 성적서 (EVAP)231211.pdf,07_품질,폴더(EVAP 성적서),E:\SHINHWA\07_품질\2026\MQ4_RR 성적서 (EVAP)231211.pdf,133,2026-06-10,이미 있음(동일)
E:\기존 서류\이광재 부장 서류\기존서류 2\출하(1)\EVAP 성적서\MQ4_RR 성적서 (EVAP)231212.pdf,07_품질,폴더(EVAP 성적서),E:\SHINHWA\07_품질\2026\MQ4_RR 성적서 (EVAP)231212.pdf,133,2026-06-10,이미 있음(동일)
E:\기존 서류\이광재 부장 서류\기존서류 2\출하(1)\EVAP 성적서\MQ4_RR 성적서 (EVAP)231213.pdf,07_품질,폴더(EVAP 성적서),E:\SHINHWA\07_품질\2026\MQ4_RR 성적서 (EVAP)231213.pdf,133,2026-06-10,이미 있음(동일)
E:\기존 서류\이광재 부장 서류\기존서류 2\출하(1)\EVAP 성적서\MQ4_RR 성적서 (EVAP)231215.pdf,07_품질,폴더(EVAP 성적서),E:\SHINHWA\07_품질\2026\MQ4_RR 성적서 (EVAP)231215.pdf,133,2026-06-10,이미 있음(동일)
E:\기존 서류\이광재 부장 서류\기존서류 2\출하(1)\EVAP 성적서\MQ4_RR 성적서 (EVAP)231218.pdf,07_품질,폴더(EVAP 성적서),E:\SHINHWA\07_품질\2026\MQ4_RR 성적서 (EVAP)231218.pdf,133,2026-06-10,이미 있음(동일)
E:\기존 서류\이광재 부장 서류\기존서류 2\출하(1)\EVAP 성적서\NX4 검사 성적서 (Rev.1)231201.pdf,07_품질,폴더(EVAP 성적서),E:\SHINHWA\07_품질\2026\NX4 검사 성적서 (Rev.1)231201.pdf,131,2026-06-10,이미 있음(동일)
E:\기존 서류\이광재 부장 서류\기존서류 2\출하(1)\EVAP 성적서\NX4 검사 성적서 (Rev.1)231205.pdf,07_품질,폴더(EVAP 성적서),E:\SHINHWA\07_품질\2026\NX4 검사 성적서 (Rev.1)231205.pdf,131,2026-06-10,이미 있음(동일)
E:\기존 서류\이광재 부장 서류\기존서류 2\출하(1)\EVAP 성적서\NX4 검사 성적서 (Rev.1)231212.pdf,07_품질,폴더(EVAP 성적서),E:\SHINHWA\07_품질\2026\NX4 검사 성적서 (Rev.1)231212.pdf,131,2026-06-10,이미 있음(동일)
E:\기존 서류\이광재 부장 서류\기존서류 2\출하(1)\EVAP 성적서\NX4 검사 성적서 (Rev.1)231219.pdf,07_품질,폴더(EVAP 성적서),E:\SHINHWA\07_품질\2026\NX4 검사 성적서 (Rev.1)231219.pdf,131,2026-06-10,이미 있음(동일)
E:\기존 서류\이광재 부장 서류\기존서류 2\출하(1)\EVAP 성적서\NX4 검사 성적서 (Rev.1)231222.pdf,07_품질,폴더(EVAP 성적서),E:\SHINHWA\07_품질\2026\NX4 검사 성적서 (Rev.1)231222.pdf,131,2026-06-10,이미 있음(동일)
E:\기존 서류\이광재 부장 서류\기존서류 2\출하(1)\EVAP 성적서\NX4 검사 성적서 (Rev.1)231226.pdf,07_품질,폴더(EVAP 성적서),E:\SHINHWA\07_품질\2026\NX4 검사 성적서 (Rev.1)231226.pdf,131,2026-06-10,이미 있음(동일)
E:\기존 서류\이광재 부장 서류\기존서류 2\출하(1)\EVAP 성적서\NX4 검사 성적서 (Rev.1)231228.pdf,07_품질,폴더(EVAP 성적서),E:\SHINHWA\07_품질\2026\NX4 검사 성적서 (Rev.1)231228.pdf,131,2026-06-10,이미 있음(동일)
E:\기존 서류\이광재 부장 서류\기존서류 2\출하(1)\EVAP 성적서\PD LHD 성적서 (EVAP)231204.pdf,07_품질,폴더(EVAP 성적서),E:\SHINHWA\07_품질\2026\PD LHD 성적서 (EVAP)231204.pdf,132,2026-06-10,이미 있음(동일)
E:\기존 서류\이광재 부장 서류\기존서류 2\출하(1)\EVAP 성적서\PD LHD 성적서 (EVAP)231208.pdf,07_품질,폴더(EVAP 성적서),E:\SHINHWA\07_품질\2026\PD LHD 성적서 (EVAP)231208.pdf,132,2026-06-10,이미 있음(동일)
E:\기존 서류\이광재 부장 서류\기존서류 2\출하(1)\EVAP 성적서\PD LHD 성적서 (EVAP)231211.pdf,07_품질,폴더(EVAP 성적서),E:\SHINHWA\07_품질\2026\PD LHD 성적서 (EVAP)231211.pdf,132,2026-06-10,이미 있음(동일)
E:\기존 서류\이광재 부장 서류\기존서류 2\출하(1)\EVAP 성적서\PD LHD 성적서 (EVAP)231213.pdf,07_품질,폴더(EVAP 성적서),E:\SHINHWA\07_품질\2026\PD LHD 성적서 (EVAP)231213.pdf,132,2026-06-10,이미 있음(동일)
E:\기존 서류\이광재 부장 서류\기존서류 2\출하(1)\EVAP 성적서\PD LHD 성적서 (EVAP)231214.pdf,07_품질,폴더(EVAP 성적서),E:\SHINHWA\07_품질\2026\PD LHD 성적서 (EVAP)231214.pdf,132,2026-06-10,이미 있음(동일)
E:\기존 서류\이광재 부장 서류\기존서류 2\출하(1)\EVAP 성적서\PD LHD 성적서 (EVAP)231218.pdf,07_품질,폴더(EVAP 성적서),E:\SHINHWA\07_품질\2026\PD LHD 성적서 (EVAP)231218.pdf,132,2026-06-10,이미 있음(동일)
E:\기존 서류\이광재 부장 서류\기존서류 2\출하(1)\EVAP 성적서\PD LHD 성적서 (EVAP)231226.pdf,07_품질,폴더(EVAP 성적서),E:\SHINHWA\07_품질\2026\PD LHD 성적서 (EVAP)231226.pdf,132,2026-06-10,이미 있음(동일)
E:\기존 서류\이광재 부장 서류\기존서류 2\출하(1)\EVAP 성적서\PD LHD 성적서 (EVAP)231229.pdf,07_품질,폴더(EVAP 성적서),E:\SHINHWA\07_품질\2026\PD LHD 성적서 (EVAP)231229.pdf,132,2026-06-10,이미 있음(동일)
E:\기존 서류\이광재 부장 서류\기존서류 2\출하(1)\EVAP 성적서\PD RHD 성적서 (EVAP)231208.pdf,07_품질,폴더(EVAP 성적서),E:\SHINHWA\07_품질\2026\PD RHD 성적서 (EVAP)231208.pdf,132,2026-06-10,이미 있음(동일)
E:\기존 서류\이광재 부장 서류\기존서류 2\출하(1)\EVAP 성적서\PDE 1.0T 카파개선(신냉매) 검사 성적서 (Rev.2)231226.pdf,07_품질,폴더(EVAP 성적서),E:\SHINHWA\07_품질\2026\PDE 1.0T 카파개선(신냉매) 검사 성적서 (Rev.2)231226.pdf,150,2026-06-10,이미 있음(동일)
E:\기존 서류\이광재 부장 서류\기존서류 2\출하(1)\EVAP 성적서\UMA 성적서 (EVAP)231208.pdf,07_품질,폴더(EVAP 성적서),E:\SHINHWA\07_품질\2026\UMA 성적서 (EVAP)231208.pdf,138,2026-06-10,이미 있음(동일)
E:\기존 서류\이광재 부장 서류\기존서류 2\출하(1)\EVAP 성적서\US4 성적서 (EVAP)231206.pdf,07_품질,폴더(EVAP 성적서),E:\SHINHWA\07_품질\2026\US4 성적서 (EVAP)231206.pdf,187,2026-06-10,이미 있음(동일)
E:\기존 서류\이광재 부장 서류\기존서류 2\출하(1)\EVAP 성적서\US4 성적서 (EVAP)231211.pdf,07_품질,폴더(EVAP 성적서),E:\SHINHWA\07_품질\2026\US4 성적서 (EVAP)231211.pdf,187,2026-06-10,이미 있음(동일)
E:\기존 서류\이광재 부장 서류\기존서류 2\출하(1)\EVAP 성적서\US4 성적서 (EVAP)231213.pdf,07_품질,폴더(EVAP 성적서),E:\SHINHWA\07_품질\2026\US4 성적서 (EVAP)231213.pdf,187,2026-06-10,이미 있음(동일)
E:\기존 서류\이광재 부장 서류\기존서류 2\출하(1)\EVAP 성적서\US4 성적서 (EVAP)231215.pdf,07_품질,폴더(EVAP 성적서),E:\SHINHWA\07_품질\2026\US4 성적서 (EVAP)231215.pdf,187,2026-06-10,이미 있음(동일)
E:\기존 서류\이광재 부장 서류\기존서류 2\출하(1)\EVAP 성적서\US4 성적서 (EVAP)231218.pdf,07_품질,폴더(EVAP 성적서),E:\SHINHWA\07_품질\2026\US4 성적서 (EVAP)231218.pdf,187,2026-06-10,이미 있음(동일)
E:\기존 서류\이광재 부장 서류\기존서류 2\출하(1)\HEADER 성적서(1)\BD GSL(구냉매) 검사 성적서 (Rev.2)231206.pdf,07_품질,폴더(HEADER 성적서(1)),E:\SHINHWA\07_품질\2026\BD GSL(구냉매) 검사 성적서 (Rev.2)231206.pdf,150,2026-06-10,이미 있음(동일)
E:\기존 서류\이광재 부장 서류\기존서류 2\출하(1)\HEADER 성적서(1)\BD GSL(구냉매) 검사 성적서 (Rev.2)231207-1.pdf,07_품질,폴더(HEADER 성적서(1)),E:\SHINHWA\07_품질\2026\BD GSL(구냉매) 검사 성적서 (Rev.2)231207-1.pdf,150,2026-06-10,이미 있음(동일)
E:\기존 서류\이광재 부장 서류\기존서류 2\출하(1)\HEADER 성적서(1)\BD GSL(구냉매) 검사 성적서 (Rev.2)231207.pdf,07_품질,폴더(HEADER 성적서(1)),E:\SHINHWA\07_품질\2026\BD GSL(구냉매) 검사 성적서 (Rev.2)231207.pdf,150,2026-06-10,이미 있음(동일)
E:\기존 서류\이광재 부장 서류\기존서류 2\출하(1)\HEADER 성적서(1)\BD GSL(구냉매) 검사 성적서 (Rev.2)231212-1.pdf,07_품질,폴더(HEADER 성적서(1)),E:\SHINHWA\07_품질\2026\BD GSL(구냉매) 검사 성적서 (Rev.2)231212-1.pdf,150,2026-06-10,이미 있음(동일)
E:\기존 서류\이광재 부장 서류\기존서류 2\출하(1)\HEADER 성적서(1)\BD GSL(구냉매) 검사 성적서 (Rev.2)231212.pdf,07_품질,폴더(HEADER 성적서(1)),E:\SHINHWA\07_품질\2026\BD GSL(구냉매) 검사 성적서 (Rev.2)231212.pdf,150,2026-06-10,이미 있음(동일)
E:\기존 서류\이광재 부장 서류\기존서류 2\출하(1)\HEADER 성적서(1)\BD GSL(구냉매) 검사 성적서 (Rev.2)231216.pdf,07_품질,폴더(HEADER 성적서(1)),E:\SHINHWA\07_품질\2026\BD GSL(구냉매) 검사 성적서 (Rev.2)231216.pdf,150,2026-06-10,이미 있음(동일)
E:\기존 서류\이광재 부장 서류\기존서류 2\출하(1)\HEADER 성적서(1)\BD GSL(구냉매) 검사 성적서 (Rev.2)231218.pdf,07_품질,폴더(HEADER 성적서(1)),E:\SHINHWA\07_품질\2026\BD GSL(구냉매) 검사 성적서 (Rev.2)231218.pdf,150,2026-06-10,이미 있음(동일)
E:\기존 서류\이광재 부장 서류\기존서류 2\출하(1)\HEADER 성적서(1)\BD RHD OUT 231213.pdf,07_품질,폴더(HEADER 성적서(1)),E:\SHINHWA\07_품질\2026\BD RHD OUT 231213.pdf,121,2026-06-10,이미 있음(동일)
E:\기존 서류\이광재 부장 서류\기존서류 2\출하(1)\HEADER 성적서(1)\BDm GSL(SEAL WASHER) 검사 성적서 (Rev.1)231201.pdf,07_품질,폴더(HEADER 성적서(1)),E:\SHINHWA\07_품질\2026\BDm GSL(SEAL WASHER) 검사 성적서 (Rev.1)231201.pdf,143,2026-06-10,이미 있음(동일)
E:\기존 서류\이광재 부장 서류\기존서류 2\출하(1)\HEADER 성적서(1)\BDm GSL(SEAL WASHER) 검사 성적서 (Rev.1)231204.pdf,07_품질,폴더(HEADER 성적서(1)),E:\SHINHWA\07_품질\2026\BDm GSL(SEAL WASHER) 검사 성적서 (Rev.1)231204.pdf,143,2026-06-10,이미 있음(동일)
E:\기존 서류\이광재 부장 서류\기존서류 2\출하(1)\HEADER 성적서(1)\BDm GSL(SEAL WASHER) 검사 성적서 (Rev.1)231205-1.pdf,07_품질,폴더(HEADER 성적서(1)),E:\SHINHWA\07_품질\2026\BDm GSL(SEAL WASHER) 검사 성적서 (Rev.1)231205-1.pdf,143,2026-06-10,이미 있음(동일)
E:\기존 서류\이광재 부장 서류\기존서류 2\출하(1)\HEADER 성적서(1)\BDm GSL(SEAL WASHER) 검사 성적서 (Rev.1)231205.pdf,07_품질,폴더(HEADER 성적서(1)),E:\SHINHWA\07_품질\2026\BDm GSL(SEAL WASHER) 검사 성적서 (Rev.1)231205.pdf,143,2026-06-10,이미 있음(동일)
E:\기존 서류\이광재 부장 서류\기존서류 2\출하(1)\HEADER 성적서(1)\BDm GSL(SEAL WASHER) 검사 성적서 (Rev.1)231207.pdf,07_품질,폴더(HEADER 성적서(1)),E:\SHINHWA\07_품질\2026\BDm GSL(SEAL WASHER) 검사 성적서 (Rev.1)231207.pdf,143,2026-06-10,이미 있음(동일)
E:\기존 서류\이광재 부장 서류\기존서류 2\출하(1)\HEADER 성적서(1)\BDm GSL(SEAL WASHER) 검사 성적서 (Rev.1)231211.pdf,07_품질,폴더(HEADER 성적서(1)),E:\SHINHWA\07_품질\2026\BDm GSL(SEAL WASHER) 검사 성적서 (Rev.1)231211.pdf,143,2026-06-10,이미 있음(동일)
E:\기존 서류\이광재 부장 서류\기존서류 2\출하(1)\HEADER 성적서(1)\BDm GSL(SEAL WASHER) 검사 성적서 (Rev.1)231212.pdf,07_품질,폴더(HEADER 성적서(1)),E:\SHINHWA\07_품질\2026\BDm GSL(SEAL WASHER) 검사 성적서 (Rev.1)231212.pdf,143,2026-06-10,이미 있음(동일)
E:\기존 서류\이광재 부장 서류\기존서류 2\출하(1)\HEADER 성적서(1)\BDm GSL(SEAL WASHER) 검사 성적서 (Rev.1)231213.pdf,07_품질,폴더(HEADER 성적서(1)),E:\SHINHWA\07_품질\2026\BDm GSL(SEAL WASHER) 검사 성적서 (Rev.1)231213.pdf,143,2026-06-10,이미 있음(동일)
E:\기존 서류\이광재 부장 서류\기존서류 2\출하(1)\HEADER 성적서(1)\BDm GSL(SEAL WASHER) 검사 성적서 (Rev.1)231214.pdf,07_품질,폴더(HEADER 성적서(1)),E:\SHINHWA\07_품질\2026\BDm GSL(SEAL WASHER) 검사 성적서 (Rev.1)231214.pdf,143,2026-06-10,이미 있음(동일)
E:\기존 서류\이광재 부장 서류\기존서류 2\출하(1)\HEADER 성적서(1)\BDm GSL(SEAL WASHER) 검사 성적서 (Rev.1)231218.pdf,07_품질,폴더(HEADER 성적서(1)),E:\SHINHWA\07_품질\2026\BDm GSL(SEAL WASHER) 검사 성적서 (Rev.1)231218.pdf,143,2026-06-10,이미 있음(동일)
E:\기존 서류\이광재 부장 서류\기존서류 2\출하(1)\HEADER 성적서(1)\BDm GSL(SEAL WASHER) 검사 성적서 (Rev.1)231219.pdf,07_품질,폴더(HEADER 성적서(1)),E:\SHINHWA\07_품질\2026\BDm GSL(SEAL WASHER) 검사 성적서 (Rev.1)231219.pdf,143,2026-06-10,이미 있음(동일)
E:\기존 서류\이광재 부장 서류\기존서류 2\출하(1)\HEADER 성적서(1)\BDm GSL(SEAL WASHER) 검사 성적서 (Rev.1)231220.pdf,07_품질,폴더(HEADER 성적서(1)),E:\SHINHWA\07_품질\2026\BDm GSL(SEAL WASHER) 검사 성적서 (Rev.1)231220.pdf,143,2026-06-10,이미 있음(동일)
E:\기존 서류\이광재 부장 서류\기존서류 2\출하(1)\HEADER 성적서(1)\BDm GSL(SEAL WASHER) 검사 성적서 (Rev.1)231222.pdf,07_품질,폴더(HEADER 성적서(1)),E:\SHINHWA\07_품질\2026\BDm GSL(SEAL WASHER) 검사 성적서 (Rev.1)231222.pdf,143,2026-06-10,이미 있음(동일)
E:\기존 서류\이광재 부장 서류\기존서류 2\출하(1)\HEADER 성적서(1)\BDm GSL(SEAL WASHER) 검사 성적서 (Rev.1)231226.pdf,07_품질,폴더(HEADER 성적서(1)),E:\SHINHWA\07_품질\2026\BDm GSL(SEAL WASHER) 검사 성적서 (Rev.1)231226.pdf,143,2026-06-10,이미 있음(동일)
E:\기존 서류\이광재 부장 서류\기존서류 2\출하(1)\HEADER 성적서(1)\BDm TGDI(SEAL WASHER) 검사 성적서 (Rev.1)231208.pdf,07_품질,폴더(HEADER 성적서(1)),E:\SHINHWA\07_품질\2026\BDm TGDI(SEAL WASHER) 검사 성적서 (Rev.1)231208.pdf,142,2026-06-10,이미 있음(동일)
E:\기존 서류\이광재 부장 서류\기존서류 2\출하(1)\HEADER 성적서(1)\BDm TGDI(SEAL WASHER) 검사 성적서 (Rev.1)231220.pdf,07_품질,폴더(HEADER 성적서(1)),E:\SHINHWA\07_품질\2026\BDm TGDI(SEAL WASHER) 검사 성적서 (Rev.1)231220.pdf,142,2026-06-10,이미 있음(동일)
E:\기존 서류\이광재 부장 서류\기존서류 2\출하(1)\HEADER 성적서(1)\CD DSL(구냉매) 검사 성적서 (Rev.2)231208-1.pdf,07_품질,폴더(HEADER 성적서(1)),E:\SHINHWA\07_품질\2026\CD DSL(구냉매) 검사 성적서 (Rev.2)231208-1.pdf,165,2026-06-10,이미 있음(동일)
E:\기존 서류\이광재 부장 서류\기존서류 2\출하(1)\HEADER 성적서(1)\CD GSL(신냉매) 검사 성적서 (Rev.2)231221.pdf,07_품질,폴더(HEADER 성적서(1)),E:\SHINHWA\07_품질\2026\CD GSL(신냉매) 검사 성적서 (Rev.2)231221.pdf,158,2026-06-10,이미 있음(동일)
E:\기존 서류\이광재 부장 서류\기존서류 2\출하(1)\HEADER 성적서(1)\CD GSL(신냉매) 검사 성적서 (Rev.2)231222-1.pdf,07_품질,폴더(HEADER 성적서(1)),E:\SHINHWA\07_품질\2026\CD GSL(신냉매) 검사 성적서 (Rev.2)231222-1.pdf,158,2026-06-10,이미 있음(동일)
E:\기존 서류\이광재 부장 서류\기존서류 2\출하(1)\HEADER 성적서(1)\CD GSL(신냉매) 검사 성적서 (Rev.2)231222.pdf,07_품질,폴더(HEADER 성적서(1)),E:\SHINHWA\07_품질\2026\CD GSL(신냉매) 검사 성적서 (Rev.2)231222.pdf,158,2026-06-10,이미 있음(동일)
E:\기존 서류\이광재 부장 서류\기존서류 2\출하(1)\HEADER 성적서(1)\CD TGDI(신냉매) 검사 성적서 (Rev.2)231201.pdf,07_품질,폴더(HEADER 성적서(1)),E:\SHINHWA\07_품질\2026\CD TGDI(신냉매) 검사 성적서 (Rev.2)231201.pdf,165,2026-06-10,이미 있음(동일)
E:\기존 서류\이광재 부장 서류\기존서류 2\출하(1)\HEADER 성적서(1)\CD TGDI(신냉매) 검사 성적서 (Rev.2)231204.pdf,07_품질,폴더(HEADER 성적서(1)),E:\SHINHWA\07_품질\2026\CD TGDI(신냉매) 검사 성적서 (Rev.2)231204.pdf,165,2026-06-10,이미 있음(동일)
E:\기존 서류\이광재 부장 서류\기존서류 2\출하(1)\HEADER 성적서(1)\CD TGDI(신냉매) 검사 성적서 (Rev.2)231205.pdf,07_품질,폴더(HEADER 성적서(1)),E:\SHINHWA\07_품질\2026\CD TGDI(신냉매) 검사 성적서 (Rev.2)231205.pdf,165,2026-06-10,이미 있음(동일)
E:\기존 서류\이광재 부장 서류\기존서류 2\출하(1)\HEADER 성적서(1)\CD TGDI(신냉매) 검사 성적서 (Rev.2)231207.pdf,07_품질,폴더(HEADER 성적서(1)),E:\SHINHWA\07_품질\2026\CD TGDI(신냉매) 검사 성적서 (Rev.2)231207.pdf,165,2026-06-10,이미 있음(동일)
E:\기존 서류\이광재 부장 서류\기존서류 2\출하(1)\HEADER 성적서(1)\CD TGDI(신냉매) 검사 성적서 (Rev.2)231220.pdf,07_품질,폴더(HEADER 성적서(1)),E:\SHINHWA\07_품질\2026\CD TGDI(신냉매) 검사 성적서 (Rev.2)231220.pdf,165,2026-06-10,이미 있음(동일)
E:\기존 서류\이광재 부장 서류\기존서류 2\출하(1)\HEADER 성적서(1)\CD TGDI(신냉매) 검사 성적서 (Rev.2)231221.pdf,07_품질,폴더(HEADER 성적서(1)),E:\SHINHWA\07_품질\2026\CD TGDI(신냉매) 검사 성적서 (Rev.2)231221.pdf,165,2026-06-10,이미 있음(동일)
E:\기존 서류\이광재 부장 서류\기존서류 2\출하(1)\HEADER 성적서(1)\CD TGDI(신냉매) 검사 성적서 (Rev.2)231222.pdf,07_품질,폴더(HEADER 성적서(1)),E:\SHINHWA\07_품질\2026\CD TGDI(신냉매) 검사 성적서 (Rev.2)231222.pdf,165,2026-06-10,이미 있음(동일)
E:\기존 서류\이광재 부장 서류\기존서류 2\출하(1)\HEADER 성적서(1)\CD TGDI(신냉매) 검사 성적서 (Rev.2)231223.pdf,07_품질,폴더(HEADER 성적서(1)),E:\SHINHWA\07_품질\2026\CD TGDI(신냉매) 검사 성적서 (Rev.2)231223.pdf,165,2026-06-10,이미 있음(동일)
E:\기존 서류\이광재 부장 서류\기존서류 2\출하(1)\HEADER 성적서(1)\CD TGDI(신냉매) 검사 성적서 (Rev.2)231226.pdf,07_품질,폴더(HEADER 성적서(1)),E:\SHINHWA\07_품질\2026\CD TGDI(신냉매) 검사 성적서 (Rev.2)231226.pdf,165,2026-06-10,이미 있음(동일)
E:\기존 서류\이광재 부장 서류\기존서류 2\출하(1)\HEADER 성적서(1)\CD TGDI(신냉매) 검사 성적서 (Rev.2)231229-1.pdf,07_품질,폴더(HEADER 성적서(1)),E:\SHINHWA\07_품질\2026\CD TGDI(신냉매) 검사 성적서 (Rev.2)231229-1.pdf,165,2026-06-10,이미 있음(동일)
E:\기존 서류\이광재 부장 서류\기존서류 2\출하(1)\HEADER 성적서(1)\CD TGDI(신냉매) 검사 성적서 (Rev.2)231229.pdf,07_품질,폴더(HEADER 성적서(1)),E:\SHINHWA\07_품질\2026\CD TGDI(신냉매) 검사 성적서 (Rev.2)231229.pdf,165,2026-06-10,이미 있음(동일)
E:\기존 서류\이광재 부장 서류\기존서류 2\출하(1)\HEADER 성적서(1)\CN7 (구냉매) 검사 성적서 (Rev.3)231212.pdf,07_품질,폴더(HEADER 성적서(1)),E:\SHINHWA\07_품질\2026\CN7 (구냉매) 검사 성적서 (Rev.3)231212.pdf,177,2026-06-10,이미 있음(동일)
E:\기존 서류\이광재 부장 서류\기존서류 2\출하(1)\HEADER 성적서(1)\CN7 (구냉매) 검사 성적서 (Rev.3)231213.pdf,07_품질,폴더(HEADER 성적서(1)),E:\SHINHWA\07_품질\2026\CN7 (구냉매) 검사 성적서 (Rev.3)231213.pdf,177,2026-06-10,이미 있음(동일)
E:\기존 서류\이광재 부장 서류\기존서류 2\출하(1)\HEADER 성적서(1)\CN7 (구냉매) 검사 성적서 (Rev.3)231218.pdf,07_품질,폴더(HEADER 성적서(1)),E:\SHINHWA\07_품질\2026\CN7 (구냉매) 검사 성적서 (Rev.3)231218.pdf,177,2026-06-10,이미 있음(동일)
E:\기존 서류\이광재 부장 서류\기존서류 2\출하(1)\HEADER 성적서(1)\CN7 (구냉매) 검사 성적서 (Rev.3)231219.pdf,07_품질,폴더(HEADER 성적서(1)),E:\SHINHWA\07_품질\2026\CN7 (구냉매) 검사 성적서 (Rev.3)231219.pdf,177,2026-06-10,이미 있음(동일)
E:\기존 서류\이광재 부장 서류\기존서류 2\출하(1)\HEADER 성적서(1)\CN7 (구냉매) 검사 성적서 (Rev.3)231220.pdf,07_품질,폴더(HEADER 성적서(1)),E:\SHINHWA\07_품질\2026\CN7 (구냉매) 검사 성적서 (Rev.3)231220.pdf,177,2026-06-10,이미 있음(동일)
E:\기존 서류\이광재 부장 서류\기존서류 2\출하(1)\HEADER 성적서(1)\CN7 (신냉매) 검사 성적서 (Rev.3)231204-1.pdf,07_품질,폴더(HEADER 성적서(1)),E:\SHINHWA\07_품질\2026\CN7 (신냉매) 검사 성적서 (Rev.3)231204-1.pdf,186,2026-06-10,이미 있음(동일)
E:\기존 서류\이광재 부장 서류\기존서류 2\출하(1)\HEADER 성적서(1)\CN7 (신냉매) 검사 성적서 (Rev.3)231204.pdf,07_품질,폴더(HEADER 성적서(1)),E:\SHINHWA\07_품질\2026\CN7 (신냉매) 검사 성적서 (Rev.3)231204.pdf,186,2026-06-10,이미 있음(동일)
E:\기존 서류\이광재 부장 서류\기존서류 2\출하(1)\HEADER 성적서(1)\CN7 (신냉매) 검사 성적서 (Rev.3)231205.pdf,07_품질,폴더(HEADER 성적서(1)),E:\SHINHWA\07_품질\2026\CN7 (신냉매) 검사 성적서 (Rev.3)231205.pdf,186,2026-06-10,이미 있음(동일)
E:\기존 서류\이광재 부장 서류\기존서류 2\출하(1)\HEADER 성적서(1)\CN7 (신냉매) 검사 성적서 (Rev.3)231207.pdf,07_품질,폴더(HEADER 성적서(1)),E:\SHINHWA\07_품질\2026\CN7 (신냉매) 검사 성적서 (Rev.3)231207.pdf,186,2026-06-10,이미 있음(동일)
E:\기존 서류\이광재 부장 서류\기존서류 2\출하(1)\HEADER 성적서(1)\CN7 (신냉매) 검사 성적서 (Rev.3)231208-1.pdf,07_품질,폴더(HEADER 성적서(1)),E:\SHINHWA\07_품질\2026\CN7 (신냉매) 검사 성적서 (Rev.3)231208-1.pdf,186,2026-06-10,이미 있음(동일)
E:\기존 서류\이광재 부장 서류\기존서류 2\출하(1)\HEADER 성적서(1)\CN7 (신냉매) 검사 성적서 (Rev.3)231208.pdf,07_품질,폴더(HEADER 성적서(1)),E:\SHINHWA\07_품질\2026\CN7 (신냉매) 검사 성적서 (Rev.3)231208.pdf,186,2026-06-10,이미 있음(동일)
E:\기존 서류\이광재 부장 서류\기존서류 2\출하(1)\HEADER 성적서(1)\CN7 (신냉매) 검사 성적서 (Rev.3)231211.pdf,07_품질,폴더(HEADER 성적서(1)),E:\SHINHWA\07_품질\2026\CN7 (신냉매) 검사 성적서 (Rev.3)231211.pdf,186,2026-06-10,이미 있음(동일)
E:\기존 서류\이광재 부장 서류\기존서류 2\출하(1)\HEADER 성적서(1)\CN7 (신냉매) 검사 성적서 (Rev.3)231214.pdf,07_품질,폴더(HEADER 성적서(1)),E:\SHINHWA\07_품질\2026\CN7 (신냉매) 검사 성적서 (Rev.3)231214.pdf,186,2026-06-10,이미 있음(동일)
E:\기존 서류\이광재 부장 서류\기존서류 2\출하(1)\HEADER 성적서(1)\CN7 (신냉매) 검사 성적서 (Rev.3)231218.pdf,07_품질,폴더(HEADER 성적서(1)),E:\SHINHWA\07_품질\2026\CN7 (신냉매) 검사 성적서 (Rev.3)231218.pdf,186,2026-06-10,이미 있음(동일)
E:\기존 서류\이광재 부장 서류\기존서류 2\출하(1)\HEADER 성적서(1)\CN7 (신냉매) 검사 성적서 (Rev.3)231220.pdf,07_품질,폴더(HEADER 성적서(1)),E:\SHINHWA\07_품질\2026\CN7 (신냉매) 검사 성적서 (Rev.3)231220.pdf,186,2026-06-10,이미 있음(동일)
E:\기존 서류\이광재 부장 서류\기존서류 2\출하(1)\HEADER 성적서(1)\CN7 (신냉매) 검사 성적서 (Rev.3)231221.pdf,07_품질,폴더(HEADER 성적서(1)),E:\SHINHWA\07_품질\2026\CN7 (신냉매) 검사 성적서 (Rev.3)231221.pdf,186,2026-06-10,이미 있음(동일)
E:\기존 서류\이광재 부장 서류\기존서류 2\출하(1)\HEADER 성적서(1)\CN7 (신냉매) 검사 성적서 (Rev.3)231222.pdf,07_품질,폴더(HEADER 성적서(1)),E:\SHINHWA\07_품질\2026\CN7 (신냉매) 검사 성적서 (Rev.3)231222.pdf,189,2026-06-10,이미 있음(동일)
E:\기존 서류\이광재 부장 서류\기존서류 2\출하(1)\HEADER 성적서(1)\CN7 N 검사성적서(Rev.1)231218.pdf,07_품질,폴더(HEADER 성적서(1)),E:\SHINHWA\07_품질\2026\CN7 N 검사성적서(Rev.1)231218.pdf,149,2026-06-10,이미 있음(동일)
E:\기존 서류\이광재 부장 서류\기존서류 2\출하(1)\HEADER 성적서(1)\DN8 HEV (구냉매) 검사 성적서 (Rev.2)231204.pdf,07_품질,폴더(HEADER 성적서(1)),E:\SHINHWA\07_품질\2026\DN8 HEV (구냉매) 검사 성적서 (Rev.2)231204.pdf,178,2026-06-10,이미 있음(동일)
E:\기존 서류\이광재 부장 서류\기존서류 2\출하(1)\HEADER 성적서(1)\DN8 HEV (구냉매) 검사 성적서 (Rev.2)231205.pdf,07_품질,폴더(HEADER 성적서(1)),E:\SHINHWA\07_품질\2026\DN8 HEV (구냉매) 검사 성적서 (Rev.2)231205.pdf,178,2026-06-10,이미 있음(동일)
E:\기존 서류\이광재 부장 서류\기존서류 2\출하(1)\HEADER 성적서(1)\DN8 HEV (구냉매) 검사 성적서 (Rev.2)231214.pdf,07_품질,폴더(HEADER 성적서(1)),E:\SHINHWA\07_품질\2026\DN8 HEV (구냉매) 검사 성적서 (Rev.2)231214.pdf,178,2026-06-10,이미 있음(동일)
E:\기존 서류\이광재 부장 서류\기존서류 2\출하(1)\HEADER 성적서(1)\DN8 HEV (구냉매) 검사 성적서 (Rev.2)231215.pdf,07_품질,폴더(HEADER 성적서(1)),E:\SHINHWA\07_품질\2026\DN8 HEV (구냉매) 검사 성적서 (Rev.2)231215.pdf,178,2026-06-10,이미 있음(동일)
E:\기존 서류\이광재 부장 서류\기존서류 2\출하(1)\HEADER 성적서(1)\DN8 HEV (구냉매) 검사 성적서 (Rev.2)231221.pdf,07_품질,폴더(HEADER 성적서(1)),E:\SHINHWA\07_품질\2026\DN8 HEV (구냉매) 검사 성적서 (Rev.2)231221.pdf,179,2026-06-10,이미 있음(동일)
E:\기존 서류\이광재 부장 서류\기존서류 2\출하(1)\HEADER 성적서(1)\DN8 HEV (구냉매) 검사 성적서 (Rev.2)231222.pdf,07_품질,폴더(HEADER 성적서(1)),E:\SHINHWA\07_품질\2026\DN8 HEV (구냉매) 검사 성적서 (Rev.2)231222.pdf,179,2026-06-10,이미 있음(동일)
E:\기존 서류\이광재 부장 서류\기존서류 2\출하(1)\HEADER 성적서(1)\DN8 HEV (구냉매) 검사 성적서 (Rev.2)231223.pdf,07_품질,폴더(HEADER 성적서(1)),E:\SHINHWA\07_품질\2026\DN8 HEV (구냉매) 검사 성적서 (Rev.2)231223.pdf,178,2026-06-10,이미 있음(동일)
E:\기존 서류\이광재 부장 서류\기존서류 2\출하(1)\HEADER 성적서(1)\DN8 HEV (구냉매) 검사 성적서 (Rev.2)231228-1.pdf,07_품질,폴더(HEADER 성적서(1)),E:\SHINHWA\07_품질\2026\DN8 HEV (구냉매) 검사 성적서 (Rev.2)231228-1.pdf,179,2026-06-10,이미 있음(동일)
E:\기존 서류\이광재 부장 서류\기존서류 2\출하(1)\HEADER 성적서(1)\DN8 HEV (구냉매) 검사 성적서 (Rev.2)231228.pdf,07_품질,폴더(HEADER 성적서(1)),E:\SHINHWA\07_품질\2026\DN8 HEV (구냉매) 검사 성적서 (Rev.2)231228.pdf,178,2026-06-10,이미 있음(동일)
E:\기존 서류\이광재 부장 서류\기존서류 2\출하(1)\HEADER 성적서(1)\DN8 N (신냉매) 검사 성적서 (Rev.2)231212.pdf,07_품질,폴더(HEADER 성적서(1)),E:\SHINHWA\07_품질\2026\DN8 N (신냉매) 검사 성적서 (Rev.2)231212.pdf,174,2026-06-10,이미 있음(동일)
E:\기존 서류\이광재 부장 서류\기존서류 2\출하(1)\HEADER 성적서(1)\DN8 N (신냉매) 검사 성적서 (Rev.2)231228.pdf,07_품질,폴더(HEADER 성적서(1)),E:\SHINHWA\07_품질\2026\DN8 N (신냉매) 검사 성적서 (Rev.2)231228.pdf,174,2026-06-10,이미 있음(동일)
E:\기존 서류\이광재 부장 서류\기존서류 2\출하(1)\HEADER 성적서(1)\GN7(핀有) 검사 성적서 (Rev.1)231222.pdf,07_품질,폴더(HEADER 성적서(1)),E:\SHINHWA\07_품질\2026\GN7(핀有) 검사 성적서 (Rev.1)231222.pdf,189,2026-06-10,이미 있음(동일)
E:\기존 서류\이광재 부장 서류\기존서류 2\출하(1)\HEADER 성적서(1)\GN7(핀有) 검사 성적서 (Rev.1)231223.pdf,07_품질,폴더(HEADER 성적서(1)),E:\SHINHWA\07_품질\2026\GN7(핀有) 검사 성적서 (Rev.1)231223.pdf,189,2026-06-10,이미 있음(동일)
E:\기존 서류\이광재 부장 서류\기존서류 2\출하(1)\HEADER 성적서(1)\GN7(핀有) 검사 성적서 (Rev.1)231226.pdf,07_품질,폴더(HEADER 성적서(1)),E:\SHINHWA\07_품질\2026\GN7(핀有) 검사 성적서 (Rev.1)231226.pdf,189,2026-06-10,이미 있음(동일)
E:\기존 서류\이광재 부장 서류\기존서류 2\출하(1)\HEADER 성적서(1)\GN7(핀有) 검사 성적서 (Rev.1)231227.pdf,07_품질,폴더(HEADER 성적서(1)),E:\SHINHWA\07_품질\2026\GN7(핀有) 검사 성적서 (Rev.1)231227.pdf,189,2026-06-10,이미 있음(동일)
E:\기존 서류\이광재 부장 서류\기존서류 2\출하(1)\HEADER 성적서(1)\GN7(핀有) 검사 성적서 (Rev.1)231228.pdf,07_품질,폴더(HEADER 성적서(1)),E:\SHINHWA\07_품질\2026\GN7(핀有) 검사 성적서 (Rev.1)231228.pdf,189,2026-06-10,이미 있음(동일)
E:\기존 서류\이광재 부장 서류\기존서류 2\출하(1)\HEADER 성적서(1)\GN7(핀有) 검사 성적서 (Rev.1)231229.pdf,07_품질,폴더(HEADER 성적서(1)),E:\SHINHWA\07_품질\2026\GN7(핀有) 검사 성적서 (Rev.1)231229.pdf,189,2026-06-10,이미 있음(동일)
E:\기존 서류\이광재 부장 서류\기존서류 2\출하(1)\HEADER 성적서(1)\GN7(핀無) 검사 성적서 (Rev.1)231205.pdf,07_품질,폴더(HEADER 성적서(1)),E:\SHINHWA\07_품질\2026\GN7(핀無) 검사 성적서 (Rev.1)231205.pdf,165,2026-06-10,이미 있음(동일)
E:\기존 서류\이광재 부장 서류\기존서류 2\출하(1)\HEADER 성적서(1)\GN7(핀無) 검사 성적서 (Rev.1)231208.pdf,07_품질,폴더(HEADER 성적서(1)),E:\SHINHWA\07_품질\2026\GN7(핀無) 검사 성적서 (Rev.1)231208.pdf,165,2026-06-10,이미 있음(동일)
E:\기존 서류\이광재 부장 서류\기존서류 2\출하(1)\HEADER 성적서(1)\GN7(핀無) 검사 성적서 (Rev.1)231211.pdf,07_품질,폴더(HEADER 성적서(1)),E:\SHINHWA\07_품질\2026\GN7(핀無) 검사 성적서 (Rev.1)231211.pdf,165,2026-06-10,이미 있음(동일)
E:\기존 서류\이광재 부장 서류\기존서류 2\출하(1)\HEADER 성적서(1)\GN7(핀無) 검사 성적서 (Rev.1)231212.pdf,07_품질,폴더(HEADER 성적서(1)),E:\SHINHWA\07_품질\2026\GN7(핀無) 검사 성적서 (Rev.1)231212.pdf,165,2026-06-10,이미 있음(동일)
E:\기존 서류\이광재 부장 서류\기존서류 2\출하(1)\HEADER 성적서(1)\GN7(핀無) 검사 성적서 (Rev.1)231213-1.pdf,07_품질,폴더(HEADER 성적서(1)),E:\SHINHWA\07_품질\2026\GN7(핀無) 검사 성적서 (Rev.1)231213-1.pdf,165,2026-06-10,이미 있음(동일)
E:\기존 서류\이광재 부장 서류\기존서류 2\출하(1)\HEADER 성적서(1)\GN7(핀無) 검사 성적서 (Rev.1)231213.pdf,07_품질,폴더(HEADER 성적서(1)),E:\SHINHWA\07_품질\2026\GN7(핀無) 검사 성적서 (Rev.1)231213.pdf,165,2026-06-10,이미 있음(동일)
E:\기존 서류\이광재 부장 서류\기존서류 2\출하(1)\HEADER 성적서(1)\GN7(핀無) 검사 성적서 (Rev.1)231214.pdf,07_품질,폴더(HEADER 성적서(1)),E:\SHINHWA\07_품질\2026\GN7(핀無) 검사 성적서 (Rev.1)231214.pdf,165,2026-06-10,이미 있음(동일)
E:\기존 서류\이광재 부장 서류\기존서류 2\출하(1)\HEADER 성적서(1)\GN7(핀無) 검사 성적서 (Rev.1)231215.pdf,07_품질,폴더(HEADER 성적서(1)),E:\SHINHWA\07_품질\2026\GN7(핀無) 검사 성적서 (Rev.1)231215.pdf,165,2026-06-10,이미 있음(동일)
E:\기존 서류\이광재 부장 서류\기존서류 2\출하(1)\HEADER 성적서(1)\GN7(핀無) 검사 성적서 (Rev.1)231216.pdf,07_품질,폴더(HEADER 성적서(1)),E:\SHINHWA\07_품질\2026\GN7(핀無) 검사 성적서 (Rev.1)231216.pdf,165,2026-06-10,이미 있음(동일)
E:\기존 서류\이광재 부장 서류\기존서류 2\출하(1)\HEADER 성적서(1)\GN7(핀無) 검사 성적서 (Rev.1)231218-1.pdf,07_품질,폴더(HEADER 성적서(1)),E:\SHINHWA\07_품질\2026\GN7(핀無) 검사 성적서 (Rev.1)231218-1.pdf,165,2026-06-10,이미 있음(동일)
E:\기존 서류\이광재 부장 서류\기존서류 2\출하(1)\HEADER 성적서(1)\GN7(핀無) 검사 성적서 (Rev.1)231218.pdf,07_품질,폴더(HEADER 성적서(1)),E:\SHINHWA\07_품질\2026\GN7(핀無) 검사 성적서 (Rev.1)231218.pdf,165,2026-06-10,이미 있음(동일)
E:\기존 서류\이광재 부장 서류\기존서류 2\출하(1)\HEADER 성적서(1)\GN7(핀無) 검사 성적서 (Rev.1)231219.pdf,07_품질,폴더(HEADER 성적서(1)),E:\SHINHWA\07_품질\2026\GN7(핀無) 검사 성적서 (Rev.1)231219.pdf,165,2026-06-10,이미 있음(동일)
E:\기존 서류\이광재 부장 서류\기존서류 2\출하(1)\HEADER 성적서(1)\GN7(핀無) 검사 성적서 (Rev.1)231226.pdf,07_품질,폴더(HEADER 성적서(1)),E:\SHINHWA\07_품질\2026\GN7(핀無) 검사 성적서 (Rev.1)231226.pdf,165,2026-06-10,이미 있음(동일)
E:\기존 서류\이광재 부장 서류\기존서류 2\출하(1)\HEADER 성적서(1)\JA 12T(구냉매) 검사 성적서 (Rev.2)231206.pdf,07_품질,폴더(HEADER 성적서(1)),E:\SHINHWA\07_품질\2026\JA 12T(구냉매) 검사 성적서 (Rev.2)231206.pdf,162,2026-06-10,이미 있음(동일)
E:\기존 서류\이광재 부장 서류\기존서류 2\출하(1)\HEADER 성적서(1)\JA 12T(구냉매) 검사 성적서 (Rev.2)231208-1.pdf,07_품질,폴더(HEADER 성적서(1)),E:\SHINHWA\07_품질\2026\JA 12T(구냉매) 검사 성적서 (Rev.2)231208-1.pdf,162,2026-06-10,이미 있음(동일)
E:\기존 서류\이광재 부장 서류\기존서류 2\출하(1)\HEADER 성적서(1)\JA 12T(구냉매) 검사 성적서 (Rev.2)231208.pdf,07_품질,폴더(HEADER 성적서(1)),E:\SHINHWA\07_품질\2026\JA 12T(구냉매) 검사 성적서 (Rev.2)231208.pdf,163,2026-06-10,이미 있음(동일)
E:\기존 서류\이광재 부장 서류\기존서류 2\출하(1)\HEADER 성적서(1)\JA 12T(구냉매) 검사 성적서 (Rev.2)231213.pdf,07_품질,폴더(HEADER 성적서(1)),E:\SHINHWA\07_품질\2026\JA 12T(구냉매) 검사 성적서 (Rev.2)231213.pdf,162,2026-06-10,이미 있음(동일)
E:\기존 서류\이광재 부장 서류\기존서류 2\출하(1)\HEADER 성적서(1)\JA 12T(구냉매) 검사 성적서 (Rev.2)231214.pdf,07_품질,폴더(HEADER 성적서(1)),E:\SHINHWA\07_품질\2026\JA 12T(구냉매) 검사 성적서 (Rev.2)231214.pdf,162,2026-06-10,이미 있음(동일)
E:\기존 서류\이광재 부장 서류\기존서류 2\출하(1)\HEADER 성적서(1)\JA 12T(구냉매) 검사 성적서 (Rev.2)23122.pdf,07_품질,폴더(HEADER 성적서(1)),E:\SHINHWA\07_품질\2026\JA 12T(구냉매) 검사 성적서 (Rev.2)23122.pdf,162,2026-06-10,이미 있음(동일)
E:\기존 서류\이광재 부장 서류\기존서류 2\출하(1)\HEADER 성적서(1)\JA 12T(구냉매) 검사 성적서 (Rev.2)231223.pdf,07_품질,폴더(HEADER 성적서(1)),E:\SHINHWA\07_품질\2026\JA 12T(구냉매) 검사 성적서 (Rev.2)231223.pdf,162,2026-06-10,이미 있음(동일)
E:\기존 서류\이광재 부장 서류\기존서류 2\출하(1)\HEADER 성적서(1)\JA 12T(구냉매) 검사 성적서 (Rev.2)231226.pdf,07_품질,폴더(HEADER 성적서(1)),E:\SHINHWA\07_품질\2026\JA 12T(구냉매) 검사 성적서 (Rev.2)231226.pdf,162,2026-06-10,이미 있음(동일)
E:\기존 서류\이광재 부장 서류\기존서류 2\출하(1)\HEADER 성적서(1)\JA 12T(구냉매) 검사 성적서 (Rev.2)231227.pdf,07_품질,폴더(HEADER 성적서(1)),E:\SHINHWA\07_품질\2026\JA 12T(구냉매) 검사 성적서 (Rev.2)231227.pdf,162,2026-06-10,이미 있음(동일)
E:\기존 서류\이광재 부장 서류\기존서류 2\출하(1)\HEADER 성적서(1)\JA 12T(구냉매) 검사 성적서 (Rev.2)231228.pdf,07_품질,폴더(HEADER 성적서(1)),E:\SHINHWA\07_품질\2026\JA 12T(구냉매) 검사 성적서 (Rev.2)231228.pdf,162,2026-06-10,이미 있음(동일)
E:\기존 서류\이광재 부장 서류\기존서류 2\출하(1)\HEADER 성적서(1)\JA 12T(구냉매) 검사 성적서 (Rev.2)231229.pdf,07_품질,폴더(HEADER 성적서(1)),E:\SHINHWA\07_품질\2026\JA 12T(구냉매) 검사 성적서 (Rev.2)231229.pdf,162,2026-06-10,이미 있음(동일)
E:\기존 서류\이광재 부장 서류\기존서류 2\출하(1)\HEADER 성적서(1)\JA 12T(신냉매) 검사 성적서 (Rev.2).pdf,07_품질,폴더(HEADER 성적서(1)),E:\SHINHWA\07_품질\2026\JA 12T(신냉매) 검사 성적서 (Rev.2).pdf,151,2026-06-10,이미 있음(동일)
E:\기존 서류\이광재 부장 서류\기존서류 2\출하(1)\HEADER 성적서(1)\JA 12T(신냉매) 검사 성적서 (Rev.2)231201.pdf,07_품질,폴더(HEADER 성적서(1)),E:\SHINHWA\07_품질\2026\JA 12T(신냉매) 검사 성적서 (Rev.2)231201.pdf,151,2026-06-10,이미 있음(동일)
E:\기존 서류\이광재 부장 서류\기존서류 2\출하(1)\HEADER 성적서(1)\JA 12T(신냉매) 검사 성적서 (Rev.2)231204.pdf,07_품질,폴더(HEADER 성적서(1)),E:\SHINHWA\07_품질\2026\JA 12T(신냉매) 검사 성적서 (Rev.2)231204.pdf,151,2026-06-10,이미 있음(동일)
E:\기존 서류\이광재 부장 서류\기존서류 2\출하(1)\HEADER 성적서(1)\JA 12T(신냉매) 검사 성적서 (Rev.2)231205.pdf,07_품질,폴더(HEADER 성적서(1)),E:\SHINHWA\07_품질\2026\JA 12T(신냉매) 검사 성적서 (Rev.2)231205.pdf,151,2026-06-10,이미 있음(동일)
E:\기존 서류\이광재 부장 서류\기존서류 2\출하(1)\HEADER 성적서(1)\JA 12T(신냉매) 검사 성적서 (Rev.2)231211-1.pdf,07_품질,폴더(HEADER 성적서(1)),E:\SHINHWA\07_품질\2026\JA 12T(신냉매) 검사 성적서 (Rev.2)231211-1.pdf,151,2026-06-10,이미 있음(동일)
E:\기존 서류\이광재 부장 서류\기존서류 2\출하(1)\HEADER 성적서(1)\JA 12T(신냉매) 검사 성적서 (Rev.2)231212.pdf,07_품질,폴더(HEADER 성적서(1)),E:\SHINHWA\07_품질\2026\JA 12T(신냉매) 검사 성적서 (Rev.2)231212.pdf,151,2026-06-10,이미 있음(동일)
E:\기존 서류\이광재 부장 서류\기존서류 2\출하(1)\HEADER 성적서(1)\JA 12T(신냉매) 검사 성적서 (Rev.2)231216.pdf,07_품질,폴더(HEADER 성적서(1)),E:\SHINHWA\07_품질\2026\JA 12T(신냉매) 검사 성적서 (Rev.2)231216.pdf,151,2026-06-10,이미 있음(동일)
E:\기존 서류\이광재 부장 서류\기존서류 2\출하(1)\HEADER 성적서(1)\JX 20T 검사 성적서 (Rev.1)231220.pdf,07_품질,폴더(HEADER 성적서(1)),E:\SHINHWA\07_품질\2026\JX 20T 검사 성적서 (Rev.1)231220.pdf,130,2026-06-10,이미 있음(동일)
E:\기존 서류\이광재 부장 서류\기존서류 2\출하(1)\HEADER 성적서(1)\JX 검사 성적서 (Rev.1)231215.pdf,07_품질,폴더(HEADER 성적서(1)),E:\SHINHWA\07_품질\2026\JX 검사 성적서 (Rev.1)231215.pdf,133,2026-06-10,이미 있음(동일)
E:\기존 서류\이광재 부장 서류\기존서류 2\출하(1)\HEADER 성적서(1)\JX 검사 성적서 (Rev.1)231220.pdf,07_품질,폴더(HEADER 성적서(1)),E:\SHINHWA\07_품질\2026\JX 검사 성적서 (Rev.1)231220.pdf,133,2026-06-10,이미 있음(동일)
E:\기존 서류\이광재 부장 서류\기존서류 2\출하(1)\HEADER 성적서(1)\P702 검사 성적서 (Rev.1)231208.pdf,07_품질,폴더(HEADER 성적서(1)),E:\SHINHWA\07_품질\2026\P702 검사 성적서 (Rev.1)231208.pdf,191,2026-06-10,이미 있음(동일)
E:\기존 서류\이광재 부장 서류\기존서류 2\출하(1)\HEADER 성적서(1)\PDE 1.0T 카파개선(신냉매) 검사 성적서 (Rev.2).pdf,07_품질,폴더(HEADER 성적서(1)),E:\SHINHWA\07_품질\2026\PDE 1.0T 카파개선(신냉매) 검사 성적서 (Rev.2).pdf,150,2026-06-10,이미 있음(동일)
E:\기존 서류\이광재 부장 서류\기존서류 2\출하(1)\HEADER 성적서(1)\PDE 1.0T 카파개선(신냉매) 검사 성적서 (Rev.2)231211-1.pdf,07_품질,폴더(HEADER 성적서(1)),E:\SHINHWA\07_품질\2026\PDE 1.0T 카파개선(신냉매) 검사 성적서 (Rev.2)231211-1.pdf,150,2026-06-10,이미 있음(동일)
E:\기존 서류\이광재 부장 서류\기존서류 2\출하(1)\HEADER 성적서(1)\PDE 1.0T 카파개선(신냉매) 검사 성적서 (Rev.2)231211.pdf,07_품질,폴더(HEADER 성적서(1)),E:\SHINHWA\07_품질\2026\PDE 1.0T 카파개선(신냉매) 검사 성적서 (Rev.2)231211.pdf,150,2026-06-10,이미 있음(동일)
E:\기존 서류\이광재 부장 서류\기존서류 2\출하(1)\HEADER 성적서(1)\PDE 1.0T 카파개선(신냉매) 검사 성적서 (Rev.2)231213.pdf,07_품질,폴더(HEADER 성적서(1)),E:\SHINHWA\07_품질\2026\PDE 1.0T 카파개선(신냉매) 검사 성적서 (Rev.2)231213.pdf,150,2026-06-10,이미 있음(동일)
E:\기존 서류\이광재 부장 서류\기존서류 2\출하(1)\HEADER 성적서(1)\PDE 1.0T 카파개선(신냉매) 검사 성적서 (Rev.2)231226-1.pdf,07_품질,폴더(HEADER 성적서(1)),E:\SHINHWA\07_품질\2026\PDE 1.0T 카파개선(신냉매) 검사 성적서 (Rev.2)231226-1.pdf,150,2026-06-10,이미 있음(동일)
E:\기존 서류\이광재 부장 서류\기존서류 2\출하(1)\HEADER 성적서(1)\PDE 1.0T 카파개선(신냉매) 검사 성적서 (Rev.2)231227.pdf,07_품질,폴더(HEADER 성적서(1)),E:\SHINHWA\07_품질\2026\PDE 1.0T 카파개선(신냉매) 검사 성적서 (Rev.2)231227.pdf,150,2026-06-10,이미 있음(동일)
E:\기존 서류\이광재 부장 서류\기존서류 2\출하(1)\HEADER 성적서(1)\PDE 1.0T 카파개선(신냉매) 검사 성적서 (Rev.2)231228.pdf,07_품질,폴더(HEADER 성적서(1)),E:\SHINHWA\07_품질\2026\PDE 1.0T 카파개선(신냉매) 검사 성적서 (Rev.2)231228.pdf,150,2026-06-10,이미 있음(동일)
E:\기존 서류\이광재 부장 서류\기존서류 2\출하(1)\HEADER 성적서(1)\PDEN PE DCT_MT(신냉매) 검사 성적서 (Rev.2)231215.pdf,07_품질,폴더(HEADER 성적서(1)),E:\SHINHWA\07_품질\2026\PDEN PE DCT_MT(신냉매) 검사 성적서 (Rev.2)231215.pdf,156,2026-06-10,이미 있음(동일)
E:\기존 서류\이광재 부장 서류\기존서류 2\출하(1)\HEADER 성적서(1)\TAM (구냉매) 검사 성적서 (Rev.2)231219.pdf,07_품질,폴더(HEADER 성적서(1)),E:\SHINHWA\07_품질\2026\TAM (구냉매) 검사 성적서 (Rev.2)231219.pdf,163,2026-06-10,이미 있음(동일)
E:\기존 서류\이광재 부장 서류\기존서류 2\출하(1)\HEADER 성적서(1)\TAM PE(신냉매) 검사 성적서 (Rev.2)231211.pdf,07_품질,폴더(HEADER 성적서(1)),E:\SHINHWA\07_품질\2026\TAM PE(신냉매) 검사 성적서 (Rev.2)231211.pdf,161,2026-06-10,이미 있음(동일)
E:\기존 서류\이광재 부장 서류\기존서류 2\출하(1)\HEADER 성적서(1)\TAM PE(신냉매) 검사 성적서 (Rev.2)231216.pdf,07_품질,폴더(HEADER 성적서(1)),E:\SHINHWA\07_품질\2026\TAM PE(신냉매) 검사 성적서 (Rev.2)231216.pdf,161,2026-06-10,이미 있음(동일)
E:\기존 서류\이광재 부장 서류\기존서류 2\출하(1)\HEADER 성적서(1)\TAM PE(신냉매) 검사 성적서 (Rev.2)231222.pdf,07_품질,폴더(HEADER 성적서(1)),E:\SHINHWA\07_품질\2026\TAM PE(신냉매) 검사 성적서 (Rev.2)231222.pdf,161,2026-06-10,이미 있음(동일)
E:\기존 서류\이광재 부장 서류\기존서류 2\출하(1)\HEADER 성적서(1)\TAM PE(신냉매) 검사 성적서 (Rev.2)231229.pdf,07_품질,폴더(HEADER 성적서(1)),E:\SHINHWA\07_품질\2026\TAM PE(신냉매) 검사 성적서 (Rev.2)231229.pdf,161,2026-06-10,이미 있음(동일)
E:\기존 서류\이광재 부장 서류\기존서류 2\출하(1)\HEADER 성적서(1)\TLE 검사 성적서 (Rev.1)231205.pdf,07_품질,폴더(HEADER 성적서(1)),E:\SHINHWA\07_품질\2026\TLE 검사 성적서 (Rev.1)231205.pdf,145,2026-06-10,이미 있음(동일)
E:\기존 서류\이광재 부장 서류\기존서류 2\출하(1)\HEADER 성적서(1)\U502 GTDI BB 831 231206.pdf,07_품질,폴더(HEADER 성적서(1)),E:\SHINHWA\07_품질\2026\U502 GTDI BB 831 231206.pdf,116,2026-06-10,이미 있음(동일)
E:\기존 서류\이광재 부장 서류\기존서류 2\출하(1)\HEADER 성적서(1)\US4 검사 성적서 (Rev.1)231208.pdf,07_품질,폴더(HEADER 성적서(1)),E:\SHINHWA\07_품질\2026\US4 검사 성적서 (Rev.1)231208.pdf,134,2026-06-10,이미 있음(동일)
E:\기존 서류\이광재 부장 서류\기존서류 2\출하(1)\HEADER 성적서(1)\YF13MY 검사 성적서 (Rev.2)231213.pdf,07_품질,폴더(HEADER 성적서(1)),E:\SHINHWA\07_품질\2026\YF13MY 검사 성적서 (Rev.2)231213.pdf,149,2026-06-10,이미 있음(동일)
E:\기존 서류\이광재 부장 서류\기존서류 2\출하(1)\HEADER 성적서\BD GSL(구냉매) 검사 성적서 (Rev.2)231206.pdf,07_품질,폴더(HEADER 성적서),E:\SHINHWA\07_품질\2026\BD GSL(구냉매) 검사 성적서 (Rev.2)231206.pdf,150,2026-06-10,이미 있음(동일)
E:\기존 서류\이광재 부장 서류\기존서류 2\출하(1)\HEADER 성적서\BD GSL(구냉매) 검사 성적서 (Rev.2)231207-1.pdf,07_품질,폴더(HEADER 성적서),E:\SHINHWA\07_품질\2026\BD GSL(구냉매) 검사 성적서 (Rev.2)231207-1.pdf,150,2026-06-10,이미 있음(동일)
E:\기존 서류\이광재 부장 서류\기존서류 2\출하(1)\HEADER 성적서\BD GSL(구냉매) 검사 성적서 (Rev.2)231207.pdf,07_품질,폴더(HEADER 성적서),E:\SHINHWA\07_품질\2026\BD GSL(구냉매) 검사 성적서 (Rev.2)231207.pdf,150,2026-06-10,이미 있음(동일)
E:\기존 서류\이광재 부장 서류\기존서류 2\출하(1)\HEADER 성적서\BD GSL(구냉매) 검사 성적서 (Rev.2)231212-1.pdf,07_품질,폴더(HEADER 성적서),E:\SHINHWA\07_품질\2026\BD GSL(구냉매) 검사 성적서 (Rev.2)231212-1.pdf,150,2026-06-10,이미 있음(동일)
E:\기존 서류\이광재 부장 서류\기존서류 2\출하(1)\HEADER 성적서\BD GSL(구냉매) 검사 성적서 (Rev.2)231212.pdf,07_품질,폴더(HEADER 성적서),E:\SHINHWA\07_품질\2026\BD GSL(구냉매) 검사 성적서 (Rev.2)231212.pdf,150,2026-06-10,이미 있음(동일)
E:\기존 서류\이광재 부장 서류\기존서류 2\출하(1)\HEADER 성적서\BD GSL(구냉매) 검사 성적서 (Rev.2)231216.pdf,07_품질,폴더(HEADER 성적서),E:\SHINHWA\07_품질\2026\BD GSL(구냉매) 검사 성적서 (Rev.2)231216.pdf,150,2026-06-10,이미 있음(동일)
E:\기존 서류\이광재 부장 서류\기존서류 2\출하(1)\HEADER 성적서\BD GSL(구냉매) 검사 성적서 (Rev.2)231218.pdf,07_품질,폴더(HEADER 성적서),E:\SHINHWA\07_품질\2026\BD GSL(구냉매) 검사 성적서 (Rev.2)231218.pdf,150,2026-06-10,이미 있음(동일)
E:\기존 서류\이광재 부장 서류\기존서류 2\출하(1)\HEADER 성적서\BD RHD OUT 231213.pdf,07_품질,폴더(HEADER 성적서),E:\SHINHWA\07_품질\2026\BD RHD OUT 231213.pdf,121,2026-06-10,이미 있음(동일)
E:\기존 서류\이광재 부장 서류\기존서류 2\출하(1)\HEADER 성적서\BDm GSL(SEAL WASHER) 검사 성적서 (Rev.1)231201.pdf,07_품질,폴더(HEADER 성적서),E:\SHINHWA\07_품질\2026\BDm GSL(SEAL WASHER) 검사 성적서 (Rev.1)231201.pdf,143,2026-06-10,이미 있음(동일)
E:\기존 서류\이광재 부장 서류\기존서류 2\출하(1)\HEADER 성적서\BDm GSL(SEAL WASHER) 검사 성적서 (Rev.1)231204.pdf,07_품질,폴더(HEADER 성적서),E:\SHINHWA\07_품질\2026\BDm GSL(SEAL WASHER) 검사 성적서 (Rev.1)231204.pdf,143,2026-06-10,이미 있음(동일)
E:\기존 서류\이광재 부장 서류\기존서류 2\출하(1)\HEADER 성적서\BDm GSL(SEAL WASHER) 검사 성적서 (Rev.1)231205-1.pdf,07_품질,폴더(HEADER 성적서),E:\SHINHWA\07_품질\2026\BDm GSL(SEAL WASHER) 검사 성적서 (Rev.1)231205-1.pdf,143,2026-06-10,이미 있음(동일)
E:\기존 서류\이광재 부장 서류\기존서류 2\출하(1)\HEADER 성적서\BDm GSL(SEAL WASHER) 검사 성적서 (Rev.1)231205.pdf,07_품질,폴더(HEADER 성적서),E:\SHINHWA\07_품질\2026\BDm GSL(SEAL WASHER) 검사 성적서 (Rev.1)231205.pdf,143,2026-06-10,이미 있음(동일)
E:\기존 서류\이광재 부장 서류\기존서류 2\출하(1)\HEADER 성적서\BDm GSL(SEAL WASHER) 검사 성적서 (Rev.1)231207.pdf,07_품질,폴더(HEADER 성적서),E:\SHINHWA\07_품질\2026\BDm GSL(SEAL WASHER) 검사 성적서 (Rev.1)231207.pdf,143,2026-06-10,이미 있음(동일)
E:\기존 서류\이광재 부장 서류\기존서류 2\출하(1)\HEADER 성적서\BDm GSL(SEAL WASHER) 검사 성적서 (Rev.1)231211.pdf,07_품질,폴더(HEADER 성적서),E:\SHINHWA\07_품질\2026\BDm GSL(SEAL WASHER) 검사 성적서 (Rev.1)231211.pdf,143,2026-06-10,이미 있음(동일)
E:\기존 서류\이광재 부장 서류\기존서류 2\출하(1)\HEADER 성적서\BDm GSL(SEAL WASHER) 검사 성적서 (Rev.1)231212.pdf,07_품질,폴더(HEADER 성적서),E:\SHINHWA\07_품질\2026\BDm GSL(SEAL WASHER) 검사 성적서 (Rev.1)231212.pdf,143,2026-06-10,이미 있음(동일)
E:\기존 서류\이광재 부장 서류\기존서류 2\출하(1)\HEADER 성적서\BDm GSL(SEAL WASHER) 검사 성적서 (Rev.1)231213.pdf,07_품질,폴더(HEADER 성적서),E:\SHINHWA\07_품질\2026\BDm GSL(SEAL WASHER) 검사 성적서 (Rev.1)231213.pdf,143,2026-06-10,이미 있음(동일)
E:\기존 서류\이광재 부장 서류\기존서류 2\출하(1)\HEADER 성적서\BDm GSL(SEAL WASHER) 검사 성적서 (Rev.1)231214.pdf,07_품질,폴더(HEADER 성적서),E:\SHINHWA\07_품질\2026\BDm GSL(SEAL WASHER) 검사 성적서 (Rev.1)231214.pdf,143,2026-06-10,이미 있음(동일)
E:\기존 서류\이광재 부장 서류\기존서류 2\출하(1)\HEADER 성적서\BDm GSL(SEAL WASHER) 검사 성적서 (Rev.1)231218.pdf,07_품질,폴더(HEADER 성적서),E:\SHINHWA\07_품질\2026\BDm GSL(SEAL WASHER) 검사 성적서 (Rev.1)231218.pdf,143,2026-06-10,이미 있음(동일)
E:\기존 서류\이광재 부장 서류\기존서류 2\출하(1)\HEADER 성적서\BDm GSL(SEAL WASHER) 검사 성적서 (Rev.1)231219.pdf,07_품질,폴더(HEADER 성적서),E:\SHINHWA\07_품질\2026\BDm GSL(SEAL WASHER) 검사 성적서 (Rev.1)231219.pdf,143,2026-06-10,이미 있음(동일)
E:\기존 서류\이광재 부장 서류\기존서류 2\출하(1)\HEADER 성적서\BDm GSL(SEAL WASHER) 검사 성적서 (Rev.1)231220.pdf,07_품질,폴더(HEADER 성적서),E:\SHINHWA\07_품질\2026\BDm GSL(SEAL WASHER) 검사 성적서 (Rev.1)231220.pdf,143,2026-06-10,이미 있음(동일)
E:\기존 서류\이광재 부장 서류\기존서류 2\출하(1)\HEADER 성적서\BDm GSL(SEAL WASHER) 검사 성적서 (Rev.1)231222.pdf,07_품질,폴더(HEADER 성적서),E:\SHINHWA\07_품질\2026\BDm GSL(SEAL WASHER) 검사 성적서 (Rev.1)231222.pdf,143,2026-06-10,이미 있음(동일)
E:\기존 서류\이광재 부장 서류\기존서류 2\출하(1)\HEADER 성적서\BDm GSL(SEAL WASHER) 검사 성적서 (Rev.1)231226.pdf,07_품질,폴더(HEADER 성적서),E:\SHINHWA\07_품질\2026\BDm GSL(SEAL WASHER) 검사 성적서 (Rev.1)231226.pdf,143,2026-06-10,이미 있음(동일)
E:\기존 서류\이광재 부장 서류\기존서류 2\출하(1)\HEADER 성적서\BDm TGDI(SEAL WASHER) 검사 성적서 (Rev.1)231208.pdf,07_품질,폴더(HEADER 성적서),E:\SHINHWA\07_품질\2026\BDm TGDI(SEAL WASHER) 검사 성적서 (Rev.1)231208.pdf,142,2026-06-10,이미 있음(동일)
E:\기존 서류\이광재 부장 서류\기존서류 2\출하(1)\HEADER 성적서\BDm TGDI(SEAL WASHER) 검사 성적서 (Rev.1)231220.pdf,07_품질,폴더(HEADER 성적서),E:\SHINHWA\07_품질\2026\BDm TGDI(SEAL WASHER) 검사 성적서 (Rev.1)231220.pdf,142,2026-06-10,이미 있음(동일)
E:\기존 서류\이광재 부장 서류\기존서류 2\출하(1)\HEADER 성적서\CD DSL(구냉매) 검사 성적서 (Rev.2)231208-1.pdf,07_품질,폴더(HEADER 성적서),E:\SHINHWA\07_품질\2026\CD DSL(구냉매) 검사 성적서 (Rev.2)231208-1.pdf,165,2026-06-10,이미 있음(동일)
E:\기존 서류\이광재 부장 서류\기존서류 2\출하(1)\HEADER 성적서\CD GSL(신냉매) 검사 성적서 (Rev.2)231221.pdf,07_품질,폴더(HEADER 성적서),E:\SHINHWA\07_품질\2026\CD GSL(신냉매) 검사 성적서 (Rev.2)231221.pdf,158,2026-06-10,이미 있음(동일)
E:\기존 서류\이광재 부장 서류\기존서류 2\출하(1)\HEADER 성적서\CD GSL(신냉매) 검사 성적서 (Rev.2)231222-1.pdf,07_품질,폴더(HEADER 성적서),E:\SHINHWA\07_품질\2026\CD GSL(신냉매) 검사 성적서 (Rev.2)231222-1.pdf,158,2026-06-10,이미 있음(동일)
E:\기존 서류\이광재 부장 서류\기존서류 2\출하(1)\HEADER 성적서\CD GSL(신냉매) 검사 성적서 (Rev.2)231222.pdf,07_품질,폴더(HEADER 성적서),E:\SHINHWA\07_품질\2026\CD GSL(신냉매) 검사 성적서 (Rev.2)231222.pdf,158,2026-06-10,이미 있음(동일)
E:\기존 서류\이광재 부장 서류\기존서류 2\출하(1)\HEADER 성적서\CD TGDI(신냉매) 검사 성적서 (Rev.2)231201.pdf,07_품질,폴더(HEADER 성적서),E:\SHINHWA\07_품질\2026\CD TGDI(신냉매) 검사 성적서 (Rev.2)231201.pdf,165,2026-06-10,이미 있음(동일)
E:\기존 서류\이광재 부장 서류\기존서류 2\출하(1)\HEADER 성적서\CD TGDI(신냉매) 검사 성적서 (Rev.2)231204.pdf,07_품질,폴더(HEADER 성적서),E:\SHINHWA\07_품질\2026\CD TGDI(신냉매) 검사 성적서 (Rev.2)231204.pdf,165,2026-06-10,이미 있음(동일)
E:\기존 서류\이광재 부장 서류\기존서류 2\출하(1)\HEADER 성적서\CD TGDI(신냉매) 검사 성적서 (Rev.2)231205.pdf,07_품질,폴더(HEADER 성적서),E:\SHINHWA\07_품질\2026\CD TGDI(신냉매) 검사 성적서 (Rev.2)231205.pdf,165,2026-06-10,이미 있음(동일)
E:\기존 서류\이광재 부장 서류\기존서류 2\출하(1)\HEADER 성적서\CD TGDI(신냉매) 검사 성적서 (Rev.2)231207.pdf,07_품질,폴더(HEADER 성적서),E:\SHINHWA\07_품질\2026\CD TGDI(신냉매) 검사 성적서 (Rev.2)231207.pdf,165,2026-06-10,이미 있음(동일)
E:\기존 서류\이광재 부장 서류\기존서류 2\출하(1)\HEADER 성적서\CD TGDI(신냉매) 검사 성적서 (Rev.2)231220.pdf,07_품질,폴더(HEADER 성적서),E:\SHINHWA\07_품질\2026\CD TGDI(신냉매) 검사 성적서 (Rev.2)231220.pdf,165,2026-06-10,이미 있음(동일)
E:\기존 서류\이광재 부장 서류\기존서류 2\출하(1)\HEADER 성적서\CD TGDI(신냉매) 검사 성적서 (Rev.2)231221.pdf,07_품질,폴더(HEADER 성적서),E:\SHINHWA\07_품질\2026\CD TGDI(신냉매) 검사 성적서 (Rev.2)231221.pdf,165,2026-06-10,이미 있음(동일)
E:\기존 서류\이광재 부장 서류\기존서류 2\출하(1)\HEADER 성적서\CD TGDI(신냉매) 검사 성적서 (Rev.2)231222.pdf,07_품질,폴더(HEADER 성적서),E:\SHINHWA\07_품질\2026\CD TGDI(신냉매) 검사 성적서 (Rev.2)231222.pdf,165,2026-06-10,이미 있음(동일)
E:\기존 서류\이광재 부장 서류\기존서류 2\출하(1)\HEADER 성적서\CD TGDI(신냉매) 검사 성적서 (Rev.2)231223.pdf,07_품질,폴더(HEADER 성적서),E:\SHINHWA\07_품질\2026\CD TGDI(신냉매) 검사 성적서 (Rev.2)231223.pdf,165,2026-06-10,이미 있음(동일)
E:\기존 서류\이광재 부장 서류\기존서류 2\출하(1)\HEADER 성적서\CD TGDI(신냉매) 검사 성적서 (Rev.2)231226.pdf,07_품질,폴더(HEADER 성적서),E:\SHINHWA\07_품질\2026\CD TGDI(신냉매) 검사 성적서 (Rev.2)231226.pdf,165,2026-06-10,이미 있음(동일)
E:\기존 서류\이광재 부장 서류\기존서류 2\출하(1)\HEADER 성적서\CD TGDI(신냉매) 검사 성적서 (Rev.2)231229-1.pdf,07_품질,폴더(HEADER 성적서),E:\SHINHWA\07_품질\2026\CD TGDI(신냉매) 검사 성적서 (Rev.2)231229-1.pdf,165,2026-06-10,이미 있음(동일)
E:\기존 서류\이광재 부장 서류\기존서류 2\출하(1)\HEADER 성적서\CD TGDI(신냉매) 검사 성적서 (Rev.2)231229.pdf,07_품질,폴더(HEADER 성적서),E:\SHINHWA\07_품질\2026\CD TGDI(신냉매) 검사 성적서 (Rev.2)231229.pdf,165,2026-06-10,이미 있음(동일)
E:\기존 서류\이광재 부장 서류\기존서류 2\출하(1)\HEADER 성적서\CN7 (구냉매) 검사 성적서 (Rev.3)231212.pdf,07_품질,폴더(HEADER 성적서),E:\SHINHWA\07_품질\2026\CN7 (구냉매) 검사 성적서 (Rev.3)231212.pdf,177,2026-06-10,이미 있음(동일)
E:\기존 서류\이광재 부장 서류\기존서류 2\출하(1)\HEADER 성적서\CN7 (구냉매) 검사 성적서 (Rev.3)231213.pdf,07_품질,폴더(HEADER 성적서),E:\SHINHWA\07_품질\2026\CN7 (구냉매) 검사 성적서 (Rev.3)231213.pdf,177,2026-06-10,이미 있음(동일)
E:\기존 서류\이광재 부장 서류\기존서류 2\출하(1)\HEADER 성적서\CN7 (구냉매) 검사 성적서 (Rev.3)231218.pdf,07_품질,폴더(HEADER 성적서),E:\SHINHWA\07_품질\2026\CN7 (구냉매) 검사 성적서 (Rev.3)231218.pdf,177,2026-06-10,이미 있음(동일)
E:\기존 서류\이광재 부장 서류\기존서류 2\출하(1)\HEADER 성적서\CN7 (구냉매) 검사 성적서 (Rev.3)231219.pdf,07_품질,폴더(HEADER 성적서),E:\SHINHWA\07_품질\2026\CN7 (구냉매) 검사 성적서 (Rev.3)231219.pdf,177,2026-06-10,이미 있음(동일)
E:\기존 서류\이광재 부장 서류\기존서류 2\출하(1)\HEADER 성적서\CN7 (구냉매) 검사 성적서 (Rev.3)231220.pdf,07_품질,폴더(HEADER 성적서),E:\SHINHWA\07_품질\2026\CN7 (구냉매) 검사 성적서 (Rev.3)231220.pdf,177,2026-06-10,이미 있음(동일)
E:\기존 서류\이광재 부장 서류\기존서류 2\출하(1)\HEADER 성적서\CN7 (신냉매) 검사 성적서 (Rev.3)231204-1.pdf,07_품질,폴더(HEADER 성적서),E:\SHINHWA\07_품질\2026\CN7 (신냉매) 검사 성적서 (Rev.3)231204-1.pdf,186,2026-06-10,이미 있음(동일)
E:\기존 서류\이광재 부장 서류\기존서류 2\출하(1)\HEADER 성적서\CN7 (신냉매) 검사 성적서 (Rev.3)231204.pdf,07_품질,폴더(HEADER 성적서),E:\SHINHWA\07_품질\2026\CN7 (신냉매) 검사 성적서 (Rev.3)231204.pdf,186,2026-06-10,이미 있음(동일)
E:\기존 서류\이광재 부장 서류\기존서류 2\출하(1)\HEADER 성적서\CN7 (신냉매) 검사 성적서 (Rev.3)231205.pdf,07_품질,폴더(HEADER 성적서),E:\SHINHWA\07_품질\2026\CN7 (신냉매) 검사 성적서 (Rev.3)231205.pdf,186,2026-06-10,이미 있음(동일)
E:\기존 서류\이광재 부장 서류\기존서류 2\출하(1)\HEADER 성적서\CN7 (신냉매) 검사 성적서 (Rev.3)231207.pdf,07_품질,폴더(HEADER 성적서),E:\SHINHWA\07_품질\2026\CN7 (신냉매) 검사 성적서 (Rev.3)231207.pdf,186,2026-06-10,이미 있음(동일)
E:\기존 서류\이광재 부장 서류\기존서류 2\출하(1)\HEADER 성적서\CN7 (신냉매) 검사 성적서 (Rev.3)231208-1.pdf,07_품질,폴더(HEADER 성적서),E:\SHINHWA\07_품질\2026\CN7 (신냉매) 검사 성적서 (Rev.3)231208-1.pdf,186,2026-06-10,이미 있음(동일)
E:\기존 서류\이광재 부장 서류\기존서류 2\출하(1)\HEADER 성적서\CN7 (신냉매) 검사 성적서 (Rev.3)231208.pdf,07_품질,폴더(HEADER 성적서),E:\SHINHWA\07_품질\2026\CN7 (신냉매) 검사 성적서 (Rev.3)231208.pdf,186,2026-06-10,이미 있음(동일)
E:\기존 서류\이광재 부장 서류\기존서류 2\출하(1)\HEADER 성적서\CN7 (신냉매) 검사 성적서 (Rev.3)231211.pdf,07_품질,폴더(HEADER 성적서),E:\SHINHWA\07_품질\2026\CN7 (신냉매) 검사 성적서 (Rev.3)231211.pdf,186,2026-06-10,이미 있음(동일)
E:\기존 서류\이광재 부장 서류\기존서류 2\출하(1)\HEADER 성적서\CN7 (신냉매) 검사 성적서 (Rev.3)231214.pdf,07_품질,폴더(HEADER 성적서),E:\SHINHWA\07_품질\2026\CN7 (신냉매) 검사 성적서 (Rev.3)231214.pdf,186,2026-06-10,이미 있음(동일)
E:\기존 서류\이광재 부장 서류\기존서류 2\출하(1)\HEADER 성적서\CN7 (신냉매) 검사 성적서 (Rev.3)231218.pdf,07_품질,폴더(HEADER 성적서),E:\SHINHWA\07_품질\2026\CN7 (신냉매) 검사 성적서 (Rev.3)231218.pdf,186,2026-06-10,이미 있음(동일)
E:\기존 서류\이광재 부장 서류\기존서류 2\출하(1)\HEADER 성적서\CN7 (신냉매) 검사 성적서 (Rev.3)231220.pdf,07_품질,폴더(HEADER 성적서),E:\SHINHWA\07_품질\2026\CN7 (신냉매) 검사 성적서 (Rev.3)231220.pdf,186,2026-06-10,이미 있음(동일)
E:\기존 서류\이광재 부장 서류\기존서류 2\출하(1)\HEADER 성적서\CN7 (신냉매) 검사 성적서 (Rev.3)231221.pdf,07_품질,폴더(HEADER 성적서),E:\SHINHWA\07_품질\2026\CN7 (신냉매) 검사 성적서 (Rev.3)231221.pdf,186,2026-06-10,이미 있음(동일)
E:\기존 서류\이광재 부장 서류\기존서류 2\출하(1)\HEADER 성적서\CN7 (신냉매) 검사 성적서 (Rev.3)231222.pdf,07_품질,폴더(HEADER 성적서),E:\SHINHWA\07_품질\2026\CN7 (신냉매) 검사 성적서 (Rev.3)231222.pdf,189,2026-06-10,이미 있음(동일)
E:\기존 서류\이광재 부장 서류\기존서류 2\출하(1)\HEADER 성적서\CN7 N 검사성적서(Rev.1)231218.pdf,07_품질,폴더(HEADER 성적서),E:\SHINHWA\07_품질\2026\CN7 N 검사성적서(Rev.1)231218.pdf,149,2026-06-10,이미 있음(동일)
E:\기존 서류\이광재 부장 서류\기존서류 2\출하(1)\HEADER 성적서\DN8 HEV (구냉매) 검사 성적서 (Rev.2)231204.pdf,07_품질,폴더(HEADER 성적서),E:\SHINHWA\07_품질\2026\DN8 HEV (구냉매) 검사 성적서 (Rev.2)231204.pdf,178,2026-06-10,이미 있음(동일)
E:\기존 서류\이광재 부장 서류\기존서류 2\출하(1)\HEADER 성적서\DN8 HEV (구냉매) 검사 성적서 (Rev.2)231205.pdf,07_품질,폴더(HEADER 성적서),E:\SHINHWA\07_품질\2026\DN8 HEV (구냉매) 검사 성적서 (Rev.2)231205.pdf,178,2026-06-10,이미 있음(동일)
E:\기존 서류\이광재 부장 서류\기존서류 2\출하(1)\HEADER 성적서\DN8 HEV (구냉매) 검사 성적서 (Rev.2)231214.pdf,07_품질,폴더(HEADER 성적서),E:\SHINHWA\07_품질\2026\DN8 HEV (구냉매) 검사 성적서 (Rev.2)231214.pdf,178,2026-06-10,이미 있음(동일)
E:\기존 서류\이광재 부장 서류\기존서류 2\출하(1)\HEADER 성적서\DN8 HEV (구냉매) 검사 성적서 (Rev.2)231215.pdf,07_품질,폴더(HEADER 성적서),E:\SHINHWA\07_품질\2026\DN8 HEV (구냉매) 검사 성적서 (Rev.2)231215.pdf,178,2026-06-10,이미 있음(동일)
E:\기존 서류\이광재 부장 서류\기존서류 2\출하(1)\HEADER 성적서\DN8 HEV (구냉매) 검사 성적서 (Rev.2)231221.pdf,07_품질,폴더(HEADER 성적서),E:\SHINHWA\07_품질\2026\DN8 HEV (구냉매) 검사 성적서 (Rev.2)231221.pdf,179,2026-06-10,이미 있음(동일)
E:\기존 서류\이광재 부장 서류\기존서류 2\출하(1)\HEADER 성적서\DN8 HEV (구냉매) 검사 성적서 (Rev.2)231222.pdf,07_품질,폴더(HEADER 성적서),E:\SHINHWA\07_품질\2026\DN8 HEV (구냉매) 검사 성적서 (Rev.2)231222.pdf,179,2026-06-10,이미 있음(동일)
E:\기존 서류\이광재 부장 서류\기존서류 2\출하(1)\HEADER 성적서\DN8 HEV (구냉매) 검사 성적서 (Rev.2)231223.pdf,07_품질,폴더(HEADER 성적서),E:\SHINHWA\07_품질\2026\DN8 HEV (구냉매) 검사 성적서 (Rev.2)231223.pdf,178,2026-06-10,이미 있음(동일)
E:\기존 서류\이광재 부장 서류\기존서류 2\출하(1)\HEADER 성적서\DN8 HEV (구냉매) 검사 성적서 (Rev.2)231228-1.pdf,07_품질,폴더(HEADER 성적서),E:\SHINHWA\07_품질\2026\DN8 HEV (구냉매) 검사 성적서 (Rev.2)231228-1.pdf,179,2026-06-10,이미 있음(동일)
E:\기존 서류\이광재 부장 서류\기존서류 2\출하(1)\HEADER 성적서\DN8 HEV (구냉매) 검사 성적서 (Rev.2)231228.pdf,07_품질,폴더(HEADER 성적서),E:\SHINHWA\07_품질\2026\DN8 HEV (구냉매) 검사 성적서 (Rev.2)231228.pdf,178,2026-06-10,이미 있음(동일)
E:\기존 서류\이광재 부장 서류\기존서류 2\출하(1)\HEADER 성적서\DN8 N (신냉매) 검사 성적서 (Rev.2)231212.pdf,07_품질,폴더(HEADER 성적서),E:\SHINHWA\07_품질\2026\DN8 N (신냉매) 검사 성적서 (Rev.2)231212.pdf,174,2026-06-10,이미 있음(동일)
E:\기존 서류\이광재 부장 서류\기존서류 2\출하(1)\HEADER 성적서\DN8 N (신냉매) 검사 성적서 (Rev.2)231228.pdf,07_품질,폴더(HEADER 성적서),E:\SHINHWA\07_품질\2026\DN8 N (신냉매) 검사 성적서 (Rev.2)231228.pdf,174,2026-06-10,이미 있음(동일)
E:\기존 서류\이광재 부장 서류\기존서류 2\출하(1)\HEADER 성적서\GN7(핀有) 검사 성적서 (Rev.1)231222.pdf,07_품질,폴더(HEADER 성적서),E:\SHINHWA\07_품질\2026\GN7(핀有) 검사 성적서 (Rev.1)231222.pdf,189,2026-06-10,이미 있음(동일)
E:\기존 서류\이광재 부장 서류\기존서류 2\출하(1)\HEADER 성적서\GN7(핀有) 검사 성적서 (Rev.1)231223.pdf,07_품질,폴더(HEADER 성적서),E:\SHINHWA\07_품질\2026\GN7(핀有) 검사 성적서 (Rev.1)231223.pdf,189,2026-06-10,이미 있음(동일)
E:\기존 서류\이광재 부장 서류\기존서류 2\출하(1)\HEADER 성적서\GN7(핀有) 검사 성적서 (Rev.1)231226.pdf,07_품질,폴더(HEADER 성적서),E:\SHINHWA\07_품질\2026\GN7(핀有) 검사 성적서 (Rev.1)231226.pdf,189,2026-06-10,이미 있음(동일)
E:\기존 서류\이광재 부장 서류\기존서류 2\출하(1)\HEADER 성적서\GN7(핀有) 검사 성적서 (Rev.1)231227.pdf,07_품질,폴더(HEADER 성적서),E:\SHINHWA\07_품질\2026\GN7(핀有) 검사 성적서 (Rev.1)231227.pdf,189,2026-06-10,이미 있음(동일)
E:\기존 서류\이광재 부장 서류\기존서류 2\출하(1)\HEADER 성적서\GN7(핀有) 검사 성적서 (Rev.1)231228.pdf,07_품질,폴더(HEADER 성적서),E:\SHINHWA\07_품질\2026\GN7(핀有) 검사 성적서 (Rev.1)231228.pdf,189,2026-06-10,이미 있음(동일)
E:\기존 서류\이광재 부장 서류\기존서류 2\출하(1)\HEADER 성적서\GN7(핀有) 검사 성적서 (Rev.1)231229.pdf,07_품질,폴더(HEADER 성적서),E:\SHINHWA\07_품질\2026\GN7(핀有) 검사 성적서 (Rev.1)231229.pdf,189,2026-06-10,이미 있음(동일)
E:\기존 서류\이광재 부장 서류\기존서류 2\출하(1)\HEADER 성적서\GN7(핀無) 검사 성적서 (Rev.1)231205.pdf,07_품질,폴더(HEADER 성적서),E:\SHINHWA\07_품질\2026\GN7(핀無) 검사 성적서 (Rev.1)231205.pdf,165,2026-06-10,이미 있음(동일)
E:\기존 서류\이광재 부장 서류\기존서류 2\출하(1)\HEADER 성적서\GN7(핀無) 검사 성적서 (Rev.1)231208.pdf,07_품질,폴더(HEADER 성적서),E:\SHINHWA\07_품질\2026\GN7(핀無) 검사 성적서 (Rev.1)231208.pdf,165,2026-06-10,이미 있음(동일)
E:\기존 서류\이광재 부장 서류\기존서류 2\출하(1)\HEADER 성적서\GN7(핀無) 검사 성적서 (Rev.1)231211.pdf,07_품질,폴더(HEADER 성적서),E:\SHINHWA\07_품질\2026\GN7(핀無) 검사 성적서 (Rev.1)231211.pdf,165,2026-06-10,이미 있음(동일)
E:\기존 서류\이광재 부장 서류\기존서류 2\출하(1)\HEADER 성적서\GN7(핀無) 검사 성적서 (Rev.1)231212.pdf,07_품질,폴더(HEADER 성적서),E:\SHINHWA\07_품질\2026\GN7(핀無) 검사 성적서 (Rev.1)231212.pdf,165,2026-06-10,이미 있음(동일)
E:\기존 서류\이광재 부장 서류\기존서류 2\출하(1)\HEADER 성적서\GN7(핀無) 검사 성적서 (Rev.1)231213-1.pdf,07_품질,폴더(HEADER 성적서),E:\SHINHWA\07_품질\2026\GN7(핀無) 검사 성적서 (Rev.1)231213-1.pdf,165,2026-06-10,이미 있음(동일)
E:\기존 서류\이광재 부장 서류\기존서류 2\출하(1)\HEADER 성적서\GN7(핀無) 검사 성적서 (Rev.1)231213.pdf,07_품질,폴더(HEADER 성적서),E:\SHINHWA\07_품질\2026\GN7(핀無) 검사 성적서 (Rev.1)231213.pdf,165,2026-06-10,이미 있음(동일)
E:\기존 서류\이광재 부장 서류\기존서류 2\출하(1)\HEADER 성적서\GN7(핀無) 검사 성적서 (Rev.1)231214.pdf,07_품질,폴더(HEADER 성적서),E:\SHINHWA\07_품질\2026\GN7(핀無) 검사 성적서 (Rev.1)231214.pdf,165,2026-06-10,이미 있음(동일)
E:\기존 서류\이광재 부장 서류\기존서류 2\출하(1)\HEADER 성적서\GN7(핀無) 검사 성적서 (Rev.1)231215.pdf,07_품질,폴더(HEADER 성적서),E:\SHINHWA\07_품질\2026\GN7(핀無) 검사 성적서 (Rev.1)231215.pdf,165,2026-06-10,이미 있음(동일)
E:\기존 서류\이광재 부장 서류\기존서류 2\출하(1)\HEADER 성적서\GN7(핀無) 검사 성적서 (Rev.1)231216.pdf,07_품질,폴더(HEADER 성적서),E:\SHINHWA\07_품질\2026\GN7(핀無) 검사 성적서 (Rev.1)231216.pdf,165,2026-06-10,이미 있음(동일)
E:\기존 서류\이광재 부장 서류\기존서류 2\출하(1)\HEADER 성적서\GN7(핀無) 검사 성적서 (Rev.1)231218-1.pdf,07_품질,폴더(HEADER 성적서),E:\SHINHWA\07_품질\2026\GN7(핀無) 검사 성적서 (Rev.1)231218-1.pdf,165,2026-06-10,이미 있음(동일)
E:\기존 서류\이광재 부장 서류\기존서류 2\출하(1)\HEADER 성적서\GN7(핀無) 검사 성적서 (Rev.1)231218.pdf,07_품질,폴더(HEADER 성적서),E:\SHINHWA\07_품질\2026\GN7(핀無) 검사 성적서 (Rev.1)231218.pdf,165,2026-06-10,이미 있음(동일)
E:\기존 서류\이광재 부장 서류\기존서류 2\출하(1)\HEADER 성적서\GN7(핀無) 검사 성적서 (Rev.1)231219.pdf,07_품질,폴더(HEADER 성적서),E:\SHINHWA\07_품질\2026\GN7(핀無) 검사 성적서 (Rev.1)231219.pdf,165,2026-06-10,이미 있음(동일)
E:\기존 서류\이광재 부장 서류\기존서류 2\출하(1)\HEADER 성적서\GN7(핀無) 검사 성적서 (Rev.1)231226.pdf,07_품질,폴더(HEADER 성적서),E:\SHINHWA\07_품질\2026\GN7(핀無) 검사 성적서 (Rev.1)231226.pdf,165,2026-06-10,이미 있음(동일)
E:\기존 서류\이광재 부장 서류\기존서류 2\출하(1)\HEADER 성적서\JA 12T(구냉매) 검사 성적서 (Rev.2)231206.pdf,07_품질,폴더(HEADER 성적서),E:\SHINHWA\07_품질\2026\JA 12T(구냉매) 검사 성적서 (Rev.2)231206.pdf,162,2026-06-10,이미 있음(동일)
E:\기존 서류\이광재 부장 서류\기존서류 2\출하(1)\HEADER 성적서\JA 12T(구냉매) 검사 성적서 (Rev.2)231208-1.pdf,07_품질,폴더(HEADER 성적서),E:\SHINHWA\07_품질\2026\JA 12T(구냉매) 검사 성적서 (Rev.2)231208-1.pdf,162,2026-06-10,이미 있음(동일)
E:\기존 서류\이광재 부장 서류\기존서류 2\출하(1)\HEADER 성적서\JA 12T(구냉매) 검사 성적서 (Rev.2)231208.pdf,07_품질,폴더(HEADER 성적서),E:\SHINHWA\07_품질\2026\JA 12T(구냉매) 검사 성적서 (Rev.2)231208.pdf,163,2026-06-10,이미 있음(동일)
E:\기존 서류\이광재 부장 서류\기존서류 2\출하(1)\HEADER 성적서\JA 12T(구냉매) 검사 성적서 (Rev.2)231213.pdf,07_품질,폴더(HEADER 성적서),E:\SHINHWA\07_품질\2026\JA 12T(구냉매) 검사 성적서 (Rev.2)231213.pdf,162,2026-06-10,이미 있음(동일)
E:\기존 서류\이광재 부장 서류\기존서류 2\출하(1)\HEADER 성적서\JA 12T(구냉매) 검사 성적서 (Rev.2)231214.pdf,07_품질,폴더(HEADER 성적서),E:\SHINHWA\07_품질\2026\JA 12T(구냉매) 검사 성적서 (Rev.2)231214.pdf,162,2026-06-10,이미 있음(동일)
E:\기존 서류\이광재 부장 서류\기존서류 2\출하(1)\HEADER 성적서\JA 12T(구냉매) 검사 성적서 (Rev.2)23122.pdf,07_품질,폴더(HEADER 성적서),E:\SHINHWA\07_품질\2026\JA 12T(구냉매) 검사 성적서 (Rev.2)23122.pdf,162,2026-06-10,이미 있음(동일)
E:\기존 서류\이광재 부장 서류\기존서류 2\출하(1)\HEADER 성적서\JA 12T(구냉매) 검사 성적서 (Rev.2)231223.pdf,07_품질,폴더(HEADER 성적서),E:\SHINHWA\07_품질\2026\JA 12T(구냉매) 검사 성적서 (Rev.2)231223.pdf,162,2026-06-10,이미 있음(동일)
E:\기존 서류\이광재 부장 서류\기존서류 2\출하(1)\HEADER 성적서\JA 12T(구냉매) 검사 성적서 (Rev.2)231226.pdf,07_품질,폴더(HEADER 성적서),E:\SHINHWA\07_품질\2026\JA 12T(구냉매) 검사 성적서 (Rev.2)231226.pdf,162,2026-06-10,이미 있음(동일)
E:\기존 서류\이광재 부장 서류\기존서류 2\출하(1)\HEADER 성적서\JA 12T(구냉매) 검사 성적서 (Rev.2)231227.pdf,07_품질,폴더(HEADER 성적서),E:\SHINHWA\07_품질\2026\JA 12T(구냉매) 검사 성적서 (Rev.2)231227.pdf,162,2026-06-10,이미 있음(동일)
E:\기존 서류\이광재 부장 서류\기존서류 2\출하(1)\HEADER 성적서\JA 12T(구냉매) 검사 성적서 (Rev.2)231228.pdf,07_품질,폴더(HEADER 성적서),E:\SHINHWA\07_품질\2026\JA 12T(구냉매) 검사 성적서 (Rev.2)231228.pdf,162,2026-06-10,이미 있음(동일)
E:\기존 서류\이광재 부장 서류\기존서류 2\출하(1)\HEADER 성적서\JA 12T(구냉매) 검사 성적서 (Rev.2)231229.pdf,07_품질,폴더(HEADER 성적서),E:\SHINHWA\07_품질\2026\JA 12T(구냉매) 검사 성적서 (Rev.2)231229.pdf,162,2026-06-10,이미 있음(동일)
E:\기존 서류\이광재 부장 서류\기존서류 2\출하(1)\HEADER 성적서\JA 12T(신냉매) 검사 성적서 (Rev.2).pdf,07_품질,폴더(HEADER 성적서),E:\SHINHWA\07_품질\2026\JA 12T(신냉매) 검사 성적서 (Rev.2).pdf,151,2026-06-10,이미 있음(동일)
E:\기존 서류\이광재 부장 서류\기존서류 2\출하(1)\HEADER 성적서\JA 12T(신냉매) 검사 성적서 (Rev.2)231201.pdf,07_품질,폴더(HEADER 성적서),E:\SHINHWA\07_품질\2026\JA 12T(신냉매) 검사 성적서 (Rev.2)231201.pdf,151,2026-06-10,이미 있음(동일)
E:\기존 서류\이광재 부장 서류\기존서류 2\출하(1)\HEADER 성적서\JA 12T(신냉매) 검사 성적서 (Rev.2)231204.pdf,07_품질,폴더(HEADER 성적서),E:\SHINHWA\07_품질\2026\JA 12T(신냉매) 검사 성적서 (Rev.2)231204.pdf,151,2026-06-10,이미 있음(동일)
E:\기존 서류\이광재 부장 서류\기존서류 2\출하(1)\HEADER 성적서\JA 12T(신냉매) 검사 성적서 (Rev.2)231205.pdf,07_품질,폴더(HEADER 성적서),E:\SHINHWA\07_품질\2026\JA 12T(신냉매) 검사 성적서 (Rev.2)231205.pdf,151,2026-06-10,이미 있음(동일)
E:\기존 서류\이광재 부장 서류\기존서류 2\출하(1)\HEADER 성적서\JA 12T(신냉매) 검사 성적서 (Rev.2)231211-1.pdf,07_품질,폴더(HEADER 성적서),E:\SHINHWA\07_품질\2026\JA 12T(신냉매) 검사 성적서 (Rev.2)231211-1.pdf,151,2026-06-10,이미 있음(동일)
E:\기존 서류\이광재 부장 서류\기존서류 2\출하(1)\HEADER 성적서\JA 12T(신냉매) 검사 성적서 (Rev.2)231212.pdf,07_품질,폴더(HEADER 성적서),E:\SHINHWA\07_품질\2026\JA 12T(신냉매) 검사 성적서 (Rev.2)231212.pdf,151,2026-06-10,이미 있음(동일)
E:\기존 서류\이광재 부장 서류\기존서류 2\출하(1)\HEADER 성적서\JA 12T(신냉매) 검사 성적서 (Rev.2)231216.pdf,07_품질,폴더(HEADER 성적서),E:\SHINHWA\07_품질\2026\JA 12T(신냉매) 검사 성적서 (Rev.2)231216.pdf,151,2026-06-10,이미 있음(동일)
E:\기존 서류\이광재 부장 서류\기존서류 2\출하(1)\HEADER 성적서\JX 20T 검사 성적서 (Rev.1)231220.pdf,07_품질,폴더(HEADER 성적서),E:\SHINHWA\07_품질\2026\JX 20T 검사 성적서 (Rev.1)231220.pdf,130,2026-06-10,이미 있음(동일)
E:\기존 서류\이광재 부장 서류\기존서류 2\출하(1)\HEADER 성적서\JX 검사 성적서 (Rev.1)231215.pdf,07_품질,폴더(HEADER 성적서),E:\SHINHWA\07_품질\2026\JX 검사 성적서 (Rev.1)231215.pdf,133,2026-06-10,이미 있음(동일)
E:\기존 서류\이광재 부장 서류\기존서류 2\출하(1)\HEADER 성적서\JX 검사 성적서 (Rev.1)231220.pdf,07_품질,폴더(HEADER 성적서),E:\SHINHWA\07_품질\2026\JX 검사 성적서 (Rev.1)231220.pdf,133,2026-06-10,이미 있음(동일)
E:\기존 서류\이광재 부장 서류\기존서류 2\출하(1)\HEADER 성적서\P702 검사 성적서 (Rev.1)231208.pdf,07_품질,폴더(HEADER 성적서),E:\SHINHWA\07_품질\2026\P702 검사 성적서 (Rev.1)231208.pdf,191,2026-06-10,이미 있음(동일)
E:\기존 서류\이광재 부장 서류\기존서류 2\출하(1)\HEADER 성적서\PDE 1.0T 카파개선(신냉매) 검사 성적서 (Rev.2).pdf,07_품질,폴더(HEADER 성적서),E:\SHINHWA\07_품질\2026\PDE 1.0T 카파개선(신냉매) 검사 성적서 (Rev.2).pdf,150,2026-06-10,이미 있음(동일)
E:\기존 서류\이광재 부장 서류\기존서류 2\출하(1)\HEADER 성적서\PDE 1.0T 카파개선(신냉매) 검사 성적서 (Rev.2)231211-1.pdf,07_품질,폴더(HEADER 성적서),E:\SHINHWA\07_품질\2026\PDE 1.0T 카파개선(신냉매) 검사 성적서 (Rev.2)231211-1.pdf,150,2026-06-10,이미 있음(동일)
E:\기존 서류\이광재 부장 서류\기존서류 2\출하(1)\HEADER 성적서\PDE 1.0T 카파개선(신냉매) 검사 성적서 (Rev.2)231211.pdf,07_품질,폴더(HEADER 성적서),E:\SHINHWA\07_품질\2026\PDE 1.0T 카파개선(신냉매) 검사 성적서 (Rev.2)231211.pdf,150,2026-06-10,이미 있음(동일)
E:\기존 서류\이광재 부장 서류\기존서류 2\출하(1)\HEADER 성적서\PDE 1.0T 카파개선(신냉매) 검사 성적서 (Rev.2)231213.pdf,07_품질,폴더(HEADER 성적서),E:\SHINHWA\07_품질\2026\PDE 1.0T 카파개선(신냉매) 검사 성적서 (Rev.2)231213.pdf,150,2026-06-10,이미 있음(동일)
E:\기존 서류\이광재 부장 서류\기존서류 2\출하(1)\HEADER 성적서\PDE 1.0T 카파개선(신냉매) 검사 성적서 (Rev.2)231226-1.pdf,07_품질,폴더(HEADER 성적서),E:\SHINHWA\07_품질\2026\PDE 1.0T 카파개선(신냉매) 검사 성적서 (Rev.2)231226-1.pdf,150,2026-06-10,이미 있음(동일)
E:\기존 서류\이광재 부장 서류\기존서류 2\출하(1)\HEADER 성적서\PDE 1.0T 카파개선(신냉매) 검사 성적서 (Rev.2)231227.pdf,07_품질,폴더(HEADER 성적서),E:\SHINHWA\07_품질\2026\PDE 1.0T 카파개선(신냉매) 검사 성적서 (Rev.2)231227.pdf,150,2026-06-10,이미 있음(동일)
E:\기존 서류\이광재 부장 서류\기존서류 2\출하(1)\HEADER 성적서\PDE 1.0T 카파개선(신냉매) 검사 성적서 (Rev.2)231228.pdf,07_품질,폴더(HEADER 성적서),E:\SHINHWA\07_품질\2026\PDE 1.0T 카파개선(신냉매) 검사 성적서 (Rev.2)231228.pdf,150,2026-06-10,이미 있음(동일)
E:\기존 서류\이광재 부장 서류\기존서류 2\출하(1)\HEADER 성적서\PDEN PE DCT_MT(신냉매) 검사 성적서 (Rev.2)231215.pdf,07_품질,폴더(HEADER 성적서),E:\SHINHWA\07_품질\2026\PDEN PE DCT_MT(신냉매) 검사 성적서 (Rev.2)231215.pdf,156,2026-06-10,이미 있음(동일)
E:\기존 서류\이광재 부장 서류\기존서류 2\출하(1)\HEADER 성적서\TAM (구냉매) 검사 성적서 (Rev.2)231219.pdf,07_품질,폴더(HEADER 성적서),E:\SHINHWA\07_품질\2026\TAM (구냉매) 검사 성적서 (Rev.2)231219.pdf,163,2026-06-10,이미 있음(동일)
E:\기존 서류\이광재 부장 서류\기존서류 2\출하(1)\HEADER 성적서\TAM PE(신냉매) 검사 성적서 (Rev.2)231211.pdf,07_품질,폴더(HEADER 성적서),E:\SHINHWA\07_품질\2026\TAM PE(신냉매) 검사 성적서 (Rev.2)231211.pdf,161,2026-06-10,이미 있음(동일)
E:\기존 서류\이광재 부장 서류\기존서류 2\출하(1)\HEADER 성적서\TAM PE(신냉매) 검사 성적서 (Rev.2)231216.pdf,07_품질,폴더(HEADER 성적서),E:\SHINHWA\07_품질\2026\TAM PE(신냉매) 검사 성적서 (Rev.2)231216.pdf,161,2026-06-10,이미 있음(동일)
E:\기존 서류\이광재 부장 서류\기존서류 2\출하(1)\HEADER 성적서\TAM PE(신냉매) 검사 성적서 (Rev.2)231222.pdf,07_품질,폴더(HEADER 성적서),E:\SHINHWA\07_품질\2026\TAM PE(신냉매) 검사 성적서 (Rev.2)231222.pdf,161,2026-06-10,이미 있음(동일)
E:\기존 서류\이광재 부장 서류\기존서류 2\출하(1)\HEADER 성적서\TAM PE(신냉매) 검사 성적서 (Rev.2)231229.pdf,07_품질,폴더(HEADER 성적서),E:\SHINHWA\07_품질\2026\TAM PE(신냉매) 검사 성적서 (Rev.2)231229.pdf,161,2026-06-10,이미 있음(동일)
E:\기존 서류\이광재 부장 서류\기존서류 2\출하(1)\HEADER 성적서\TLE 검사 성적서 (Rev.1)231205.pdf,07_품질,폴더(HEADER 성적서),E:\SHINHWA\07_품질\2026\TLE 검사 성적서 (Rev.1)231205.pdf,145,2026-06-10,이미 있음(동일)
E:\기존 서류\이광재 부장 서류\기존서류 2\출하(1)\HEADER 성적서\U502 GTDI BB 831 231206.pdf,07_품질,폴더(HEADER 성적서),E:\SHINHWA\07_품질\2026\U502 GTDI BB 831 231206.pdf,116,2026-06-10,이미 있음(동일)
E:\기존 서류\이광재 부장 서류\기존서류 2\출하(1)\HEADER 성적서\US4 검사 성적서 (Rev.1)231208.pdf,07_품질,폴더(HEADER 성적서),E:\SHINHWA\07_품질\2026\US4 검사 성적서 (Rev.1)231208.pdf,134,2026-06-10,이미 있음(동일)
E:\기존 서류\이광재 부장 서류\기존서류 2\출하(1)\HEADER 성적서\YF13MY 검사 성적서 (Rev.2)231213.pdf,07_품질,폴더(HEADER 성적서),E:\SHINHWA\07_품질\2026\YF13MY 검사 성적서 (Rev.2)231213.pdf,149,2026-06-10,이미 있음(동일)
E:\기존 서류\이광재 부장 서류\기존서류 2\출하\EVAP 성적서\(A2XX EVAP IN) 검사성적서 231213.pdf,07_품질,폴더(EVAP 성적서),E:\SHINHWA\07_품질\2026\(A2XX EVAP IN) 검사성적서 231213.pdf,184,2026-06-10,이미 있음(동일)
E:\기존 서류\이광재 부장 서류\기존서류 2\출하\EVAP 성적서\(A2XX EVAP IN) 검사성적서231212-1.pdf,07_품질,폴더(EVAP 성적서),E:\SHINHWA\07_품질\2026\(A2XX EVAP IN) 검사성적서231212-1.pdf,184,2026-06-10,이미 있음(동일)
E:\기존 서류\이광재 부장 서류\기존서류 2\출하\EVAP 성적서\(MFA2 RHD IN) 검사성적서_PLHH260A6TLA  231212.pdf,07_품질,폴더(EVAP 성적서),E:\SHINHWA\07_품질\2026\(MFA2 RHD IN) 검사성적서_PLHH260A6TLA  231212.pdf,206,2026-06-10,이미 있음(동일)
E:\기존 서류\이광재 부장 서류\기존서류 2\출하\EVAP 성적서\(MFA2 RHD IN) 검사성적서_PLHH260A6TLA 231201.pdf,07_품질,폴더(EVAP 성적서),E:\SHINHWA\07_품질\2026\(MFA2 RHD IN) 검사성적서_PLHH260A6TLA 231201.pdf,206,2026-06-10,이미 있음(동일)
E:\기존 서류\이광재 부장 서류\기존서류 2\출하\EVAP 성적서\(MFA2 RHD OUT) 검사성적서_PLHH261A6TLA  231206.pdf,07_품질,폴더(EVAP 성적서),E:\SHINHWA\07_품질\2026\(MFA2 RHD OUT) 검사성적서_PLHH261A6TLA  231206.pdf,207,2026-06-10,이미 있음(동일)
E:\기존 서류\이광재 부장 서류\기존서류 2\출하\EVAP 성적서\(P702) 검사성적서_HL133G3SAA (2)231206.pdf,07_품질,폴더(EVAP 성적서),E:\SHINHWA\07_품질\2026\(P702) 검사성적서_HL133G3SAA (2)231206.pdf,192,2026-06-10,이미 있음(동일)
E:\기존 서류\이광재 부장 서류\기존서류 2\출하\EVAP 성적서\AD LHD 성적서_Rev.1 (EVAP) 231213.pdf,07_품질,폴더(EVAP 성적서),E:\SHINHWA\07_품질\2026\AD LHD 성적서_Rev.1 (EVAP) 231213.pdf,137,2026-06-10,이미 있음(동일)
E:\기존 서류\이광재 부장 서류\기존서류 2\출하\EVAP 성적서\AD LHD 성적서_Rev.1 (EVAP)231208.pdf,07_품질,폴더(EVAP 성적서),E:\SHINHWA\07_품질\2026\AD LHD 성적서_Rev.1 (EVAP)231208.pdf,137,2026-06-10,이미 있음(동일)
E:\기존 서류\이광재 부장 서류\기존서류 2\출하\EVAP 성적서\AD LHD(1.24t) OUT_Rev.1 231221.pdf,07_품질,폴더(EVAP 성적서),E:\SHINHWA\07_품질\2026\AD LHD(1.24t) OUT_Rev.1 231221.pdf,116,2026-06-10,이미 있음(동일)
E:\기존 서류\이광재 부장 서류\기존서류 2\출하\EVAP 성적서\AD RHD 성적서_Rev.1 (EVAP)231221.pdf,07_품질,폴더(EVAP 성적서),E:\SHINHWA\07_품질\2026\AD RHD 성적서_Rev.1 (EVAP)231221.pdf,137,2026-06-10,이미 있음(동일)
E:\기존 서류\이광재 부장 서류\기존서류 2\출하\EVAP 성적서\BD LHD IN 231201.pdf,07_품질,폴더(EVAP 성적서),E:\SHINHWA\07_품질\2026\BD LHD IN 231201.pdf,118,2026-06-10,이미 있음(동일)
E:\기존 서류\이광재 부장 서류\기존서류 2\출하\EVAP 성적서\BD LHD IN 231221.pdf,07_품질,폴더(EVAP 성적서),E:\SHINHWA\07_품질\2026\BD LHD IN 231221.pdf,118,2026-06-10,이미 있음(동일)
E:\기존 서류\이광재 부장 서류\기존서류 2\출하\EVAP 성적서\BD LHD OUT 231201.pdf,07_품질,폴더(EVAP 성적서),E:\SHINHWA\07_품질\2026\BD LHD OUT 231201.pdf,109,2026-06-10,이미 있음(동일)
E:\기존 서류\이광재 부장 서류\기존서류 2\출하\EVAP 성적서\BD LHD OUT 231221.pdf,07_품질,폴더(EVAP 성적서),E:\SHINHWA\07_품질\2026\BD LHD OUT 231221.pdf,109,2026-06-10,이미 있음(동일)
E:\기존 서류\이광재 부장 서류\기존서류 2\출하\EVAP 성적서\BD RHD IN 231201.pdf,07_품질,폴더(EVAP 성적서),E:\SHINHWA\07_품질\2026\BD RHD IN 231201.pdf,110,2026-06-10,이미 있음(동일)
E:\기존 서류\이광재 부장 서류\기존서류 2\출하\EVAP 성적서\BD RHD IN 231213.pdf,07_품질,폴더(EVAP 성적서),E:\SHINHWA\07_품질\2026\BD RHD IN 231213.pdf,110,2026-06-10,이미 있음(동일)
E:\기존 서류\이광재 부장 서류\기존서류 2\출하\EVAP 성적서\BD RHD IN 231221.pdf,07_품질,폴더(EVAP 성적서),E:\SHINHWA\07_품질\2026\BD RHD IN 231221.pdf,110,2026-06-10,이미 있음(동일)
E:\기존 서류\이광재 부장 서류\기존서류 2\출하\EVAP 성적서\BD RHD OUT 231201.pdf,07_품질,폴더(EVAP 성적서),E:\SHINHWA\07_품질\2026\BD RHD OUT 231201.pdf,121,2026-06-10,이미 있음(동일)
E:\기존 서류\이광재 부장 서류\기존서류 2\출하\EVAP 성적서\BD RHD OUT 231221.pdf,07_품질,폴더(EVAP 성적서),E:\SHINHWA\07_품질\2026\BD RHD OUT 231221.pdf,121,2026-06-10,이미 있음(동일)
E:\기존 서류\이광재 부장 서류\기존서류 2\출하\EVAP 성적서\BDm GSL(SEAL WASHER) 검사 성적서 (Rev.1)231227.pdf,07_품질,폴더(EVAP 성적서),E:\SHINHWA\07_품질\2026\BDm GSL(SEAL WASHER) 검사 성적서 (Rev.1)231227.pdf,143,2026-06-10,이미 있음(동일)
E:\기존 서류\이광재 부장 서류\기존서류 2\출하\EVAP 성적서\BDm GSL(SEAL WASHER) 검사 성적서 (Rev.1)231228.pdf,07_품질,폴더(EVAP 성적서),E:\SHINHWA\07_품질\2026\BDm GSL(SEAL WASHER) 검사 성적서 (Rev.1)231228.pdf,143,2026-06-10,이미 있음(동일)
E:\기존 서류\이광재 부장 서류\기존서류 2\출하\EVAP 성적서\CN7 성적서 (EVAP)231228-1.pdf,07_품질,폴더(EVAP 성적서),E:\SHINHWA\07_품질\2026\CN7 성적서 (EVAP)231228-1.pdf,134,2026-06-10,이미 있음(동일)
E:\기존 서류\이광재 부장 서류\기존서류 2\출하\EVAP 성적서\CN7 성적서 (EVAP)231228.pdf,07_품질,폴더(EVAP 성적서),E:\SHINHWA\07_품질\2026\CN7 성적서 (EVAP)231228.pdf,134,2026-06-10,이미 있음(동일)
E:\기존 서류\이광재 부장 서류\기존서류 2\출하\EVAP 성적서\CN7 성적서 (EVAP)231229.pdf,07_품질,폴더(EVAP 성적서),E:\SHINHWA\07_품질\2026\CN7 성적서 (EVAP)231229.pdf,134,2026-06-10,이미 있음(동일)
E:\기존 서류\이광재 부장 서류\기존서류 2\출하\EVAP 성적서\DN8 N (신냉매) 검사 성적서 (Rev.2)231208.pdf,07_품질,폴더(EVAP 성적서),E:\SHINHWA\07_품질\2026\DN8 N (신냉매) 검사 성적서 (Rev.2)231208.pdf,174,2026-06-10,이미 있음(동일)
E:\기존 서류\이광재 부장 서류\기존서류 2\출하\EVAP 성적서\DN8 성적서 (EVAP)231204.pdf,07_품질,폴더(EVAP 성적서),E:\SHINHWA\07_품질\2026\DN8 성적서 (EVAP)231204.pdf,133,2026-06-10,이미 있음(동일)
E:\기존 서류\이광재 부장 서류\기존서류 2\출하\EVAP 성적서\DN8 성적서 (EVAP)231205-1.pdf,07_품질,폴더(EVAP 성적서),E:\SHINHWA\07_품질\2026\DN8 성적서 (EVAP)231205-1.pdf,133,2026-06-10,이미 있음(동일)
E:\기존 서류\이광재 부장 서류\기존서류 2\출하\EVAP 성적서\DN8 성적서 (EVAP)231205.pdf,07_품질,폴더(EVAP 성적서),E:\SHINHWA\07_품질\2026\DN8 성적서 (EVAP)231205.pdf,133,2026-06-10,이미 있음(동일)
E:\기존 서류\이광재 부장 서류\기존서류 2\출하\EVAP 성적서\DN8 성적서 (EVAP)231206.pdf,07_품질,폴더(EVAP 성적서),E:\SHINHWA\07_품질\2026\DN8 성적서 (EVAP)231206.pdf,133,2026-06-10,이미 있음(동일)
E:\기존 서류\이광재 부장 서류\기존서류 2\출하\EVAP 성적서\DN8 성적서 (EVAP)231208-1.pdf,07_품질,폴더(EVAP 성적서),E:\SHINHWA\07_품질\2026\DN8 성적서 (EVAP)231208-1.pdf,133,2026-06-10,이미 있음(동일)
E:\기존 서류\이광재 부장 서류\기존서류 2\출하\EVAP 성적서\DN8 성적서 (EVAP)231208.pdf,07_품질,폴더(EVAP 성적서),E:\SHINHWA\07_품질\2026\DN8 성적서 (EVAP)231208.pdf,133,2026-06-10,이미 있음(동일)
E:\기존 서류\이광재 부장 서류\기존서류 2\출하\EVAP 성적서\DN8 성적서 (EVAP)231213.pdf,07_품질,폴더(EVAP 성적서),E:\SHINHWA\07_품질\2026\DN8 성적서 (EVAP)231213.pdf,133,2026-06-10,이미 있음(동일)
E:\기존 서류\이광재 부장 서류\기존서류 2\출하\EVAP 성적서\DN8 성적서 (EVAP)231215.pdf,07_품질,폴더(EVAP 성적서),E:\SHINHWA\07_품질\2026\DN8 성적서 (EVAP)231215.pdf,133,2026-06-10,이미 있음(동일)
E:\기존 서류\이광재 부장 서류\기존서류 2\출하\EVAP 성적서\DN8 성적서 (EVAP)231218.pdf,07_품질,폴더(EVAP 성적서),E:\SHINHWA\07_품질\2026\DN8 성적서 (EVAP)231218.pdf,133,2026-06-10,이미 있음(동일)
E:\기존 서류\이광재 부장 서류\기존서류 2\출하\EVAP 성적서\DN8 성적서 (EVAP)231219.pdf,07_품질,폴더(EVAP 성적서),E:\SHINHWA\07_품질\2026\DN8 성적서 (EVAP)231219.pdf,133,2026-06-10,이미 있음(동일)
E:\기존 서류\이광재 부장 서류\기존서류 2\출하\EVAP 성적서\DN8 성적서 (EVAP)231221.pdf,07_품질,폴더(EVAP 성적서),E:\SHINHWA\07_품질\2026\DN8 성적서 (EVAP)231221.pdf,133,2026-06-10,이미 있음(동일)
E:\기존 서류\이광재 부장 서류\기존서류 2\출하\EVAP 성적서\DN8 성적서 (EVAP)231222.pdf,07_품질,폴더(EVAP 성적서),E:\SHINHWA\07_품질\2026\DN8 성적서 (EVAP)231222.pdf,133,2026-06-10,이미 있음(동일)
E:\기존 서류\이광재 부장 서류\기존서류 2\출하\EVAP 성적서\DN8 성적서 (EVAP)231226.pdf,07_품질,폴더(EVAP 성적서),E:\SHINHWA\07_품질\2026\DN8 성적서 (EVAP)231226.pdf,133,2026-06-10,이미 있음(동일)
E:\기존 서류\이광재 부장 서류\기존서류 2\출하\EVAP 성적서\DN8 성적서 (EVAP)231227.pdf,07_품질,폴더(EVAP 성적서),E:\SHINHWA\07_품질\2026\DN8 성적서 (EVAP)231227.pdf,133,2026-06-10,이미 있음(동일)
E:\기존 서류\이광재 부장 서류\기존서류 2\출하\EVAP 성적서\DN8 성적서 (EVAP)231228.pdf,07_품질,폴더(EVAP 성적서),E:\SHINHWA\07_품질\2026\DN8 성적서 (EVAP)231228.pdf,133,2026-06-10,이미 있음(동일)
E:\기존 서류\이광재 부장 서류\기존서류 2\출하\EVAP 성적서\DN8 성적서 (EVAP)231229.pdf,07_품질,폴더(EVAP 성적서),E:\SHINHWA\07_품질\2026\DN8 성적서 (EVAP)231229.pdf,133,2026-06-10,이미 있음(동일)
E:\기존 서류\이광재 부장 서류\기존서류 2\출하\EVAP 성적서\JX 검사 성적서 (Rev.1)231214.pdf,07_품질,폴더(EVAP 성적서),E:\SHINHWA\07_품질\2026\JX 검사 성적서 (Rev.1)231214.pdf,133,2026-06-10,이미 있음(동일)
E:\기존 서류\이광재 부장 서류\기존서류 2\출하\EVAP 성적서\KU 성적서_Rev.1   231213.pdf,07_품질,폴더(EVAP 성적서),E:\SHINHWA\07_품질\2026\KU 성적서_Rev.1   231213.pdf,158,2026-06-10,이미 있음(동일)
E:\기존 서류\이광재 부장 서류\기존서류 2\출하\EVAP 성적서\KU 성적서_Rev.1  231220.pdf,07_품질,폴더(EVAP 성적서),E:\SHINHWA\07_품질\2026\KU 성적서_Rev.1  231220.pdf,158,2026-06-10,이미 있음(동일)
E:\기존 서류\이광재 부장 서류\기존서류 2\출하\EVAP 성적서\KU 성적서_Rev.1 (EVAP)231226.pdf,07_품질,폴더(EVAP 성적서),E:\SHINHWA\07_품질\2026\KU 성적서_Rev.1 (EVAP)231226.pdf,158,2026-06-10,이미 있음(동일)
E:\기존 서류\이광재 부장 서류\기존서류 2\출하\EVAP 성적서\KU 성적서_Rev.1 231213.pdf,07_품질,폴더(EVAP 성적서),E:\SHINHWA\07_품질\2026\KU 성적서_Rev.1 231213.pdf,158,2026-06-10,이미 있음(동일)
E:\기존 서류\이광재 부장 서류\기존서류 2\출하\EVAP 성적서\KU 성적서_Rev1(EVAP) 231226.pdf,07_품질,폴더(EVAP 성적서),E:\SHINHWA\07_품질\2026\KU 성적서_Rev1(EVAP) 231226.pdf,158,2026-06-10,이미 있음(동일)
E:\기존 서류\이광재 부장 서류\기존서류 2\출하\EVAP 성적서\MQ4_LHD(FRT) 성적서 (EVAP)231201.pdf,07_품질,폴더(EVAP 성적서),E:\SHINHWA\07_품질\2026\MQ4_LHD(FRT) 성적서 (EVAP)231201.pdf,134,2026-06-10,이미 있음(동일)
E:\기존 서류\이광재 부장 서류\기존서류 2\출하\EVAP 성적서\MQ4_LHD(FRT) 성적서 (EVAP)231201E.pdf,07_품질,폴더(EVAP 성적서),E:\SHINHWA\07_품질\2026\MQ4_LHD(FRT) 성적서 (EVAP)231201E.pdf,134,2026-06-10,이미 있음(동일)
E:\기존 서류\이광재 부장 서류\기존서류 2\출하\EVAP 성적서\MQ4_LHD(FRT) 성적서 (EVAP)231204 E.pdf,07_품질,폴더(EVAP 성적서),E:\SHINHWA\07_품질\2026\MQ4_LHD(FRT) 성적서 (EVAP)231204 E.pdf,134,2026-06-10,이미 있음(동일)
E:\기존 서류\이광재 부장 서류\기존서류 2\출하\EVAP 성적서\MQ4_LHD(FRT) 성적서 (EVAP)231204.pdf,07_품질,폴더(EVAP 성적서),E:\SHINHWA\07_품질\2026\MQ4_LHD(FRT) 성적서 (EVAP)231204.pdf,134,2026-06-10,이미 있음(동일)
E:\기존 서류\이광재 부장 서류\기존서류 2\출하\EVAP 성적서\MQ4_LHD(FRT) 성적서 (EVAP)231205 에코.pdf,07_품질,폴더(EVAP 성적서),E:\SHINHWA\07_품질\2026\MQ4_LHD(FRT) 성적서 (EVAP)231205 에코.pdf,134,2026-06-10,이미 있음(동일)
E:\기존 서류\이광재 부장 서류\기존서류 2\출하\EVAP 성적서\MQ4_LHD(FRT) 성적서 (EVAP)231205.pdf,07_품질,폴더(EVAP 성적서),E:\SHINHWA\07_품질\2026\MQ4_LHD(FRT) 성적서 (EVAP)231205.pdf,134,2026-06-10,이미 있음(동일)
E:\기존 서류\이광재 부장 서류\기존서류 2\출하\EVAP 성적서\MQ4_LHD(FRT) 성적서 (EVAP)231206.pdf,07_품질,폴더(EVAP 성적서),E:\SHINHWA\07_품질\2026\MQ4_LHD(FRT) 성적서 (EVAP)231206.pdf,134,2026-06-10,이미 있음(동일)
E:\기존 서류\이광재 부장 서류\기존서류 2\출하\EVAP 성적서\MQ4_LHD(FRT) 성적서 (EVAP)231206E.pdf,07_품질,폴더(EVAP 성적서),E:\SHINHWA\07_품질\2026\MQ4_LHD(FRT) 성적서 (EVAP)231206E.pdf,134,2026-06-10,이미 있음(동일)
E:\기존 서류\이광재 부장 서류\기존서류 2\출하\EVAP 성적서\MQ4_LHD(FRT) 성적서 (EVAP)231211 E.pdf,07_품질,폴더(EVAP 성적서),E:\SHINHWA\07_품질\2026\MQ4_LHD(FRT) 성적서 (EVAP)231211 E.pdf,134,2026-06-10,이미 있음(동일)
E:\기존 서류\이광재 부장 서류\기존서류 2\출하\EVAP 성적서\MQ4_LHD(FRT) 성적서 (EVAP)231211.pdf,07_품질,폴더(EVAP 성적서),E:\SHINHWA\07_품질\2026\MQ4_LHD(FRT) 성적서 (EVAP)231211.pdf,134,2026-06-10,이미 있음(동일)
E:\기존 서류\이광재 부장 서류\기존서류 2\출하\EVAP 성적서\MQ4_LHD(FRT) 성적서 (EVAP)231212-1.pdf,07_품질,폴더(EVAP 성적서),E:\SHINHWA\07_품질\2026\MQ4_LHD(FRT) 성적서 (EVAP)231212-1.pdf,134,2026-06-10,이미 있음(동일)
E:\기존 서류\이광재 부장 서류\기존서류 2\출하\EVAP 성적서\MQ4_LHD(FRT) 성적서 (EVAP)231212.pdf,07_품질,폴더(EVAP 성적서),E:\SHINHWA\07_품질\2026\MQ4_LHD(FRT) 성적서 (EVAP)231212.pdf,134,2026-06-10,이미 있음(동일)
E:\기존 서류\이광재 부장 서류\기존서류 2\출하\EVAP 성적서\MQ4_LHD(FRT) 성적서 (EVAP)231213 E.pdf,07_품질,폴더(EVAP 성적서),E:\SHINHWA\07_품질\2026\MQ4_LHD(FRT) 성적서 (EVAP)231213 E.pdf,134,2026-06-10,이미 있음(동일)
E:\기존 서류\이광재 부장 서류\기존서류 2\출하\EVAP 성적서\MQ4_LHD(FRT) 성적서 (EVAP)231213.pdf,07_품질,폴더(EVAP 성적서),E:\SHINHWA\07_품질\2026\MQ4_LHD(FRT) 성적서 (EVAP)231213.pdf,134,2026-06-10,이미 있음(동일)
E:\기존 서류\이광재 부장 서류\기존서류 2\출하\EVAP 성적서\MQ4_LHD(FRT) 성적서 (EVAP)231214.pdf,07_품질,폴더(EVAP 성적서),E:\SHINHWA\07_품질\2026\MQ4_LHD(FRT) 성적서 (EVAP)231214.pdf,134,2026-06-10,이미 있음(동일)
E:\기존 서류\이광재 부장 서류\기존서류 2\출하\EVAP 성적서\MQ4_LHD(FRT) 성적서 (EVAP)231218.pdf,07_품질,폴더(EVAP 성적서),E:\SHINHWA\07_품질\2026\MQ4_LHD(FRT) 성적서 (EVAP)231218.pdf,134,2026-06-10,이미 있음(동일)
E:\기존 서류\이광재 부장 서류\기존서류 2\출하\EVAP 성적서\MQ4_LHD(FRT) 성적서 (EVAP)231219 E.pdf,07_품질,폴더(EVAP 성적서),E:\SHINHWA\07_품질\2026\MQ4_LHD(FRT) 성적서 (EVAP)231219 E.pdf,134,2026-06-10,이미 있음(동일)
E:\기존 서류\이광재 부장 서류\기존서류 2\출하\EVAP 성적서\MQ4_LHD(FRT) 성적서 (EVAP)231220 E.pdf,07_품질,폴더(EVAP 성적서),E:\SHINHWA\07_품질\2026\MQ4_LHD(FRT) 성적서 (EVAP)231220 E.pdf,134,2026-06-10,이미 있음(동일)
E:\기존 서류\이광재 부장 서류\기존서류 2\출하\EVAP 성적서\MQ4_LHD(FRT) 성적서 (EVAP)231220.pdf,07_품질,폴더(EVAP 성적서),E:\SHINHWA\07_품질\2026\MQ4_LHD(FRT) 성적서 (EVAP)231220.pdf,134,2026-06-10,이미 있음(동일)
E:\기존 서류\이광재 부장 서류\기존서류 2\출하\EVAP 성적서\MQ4_LHD(FRT) 성적서 (EVAP)231221.pdf,07_품질,폴더(EVAP 성적서),E:\SHINHWA\07_품질\2026\MQ4_LHD(FRT) 성적서 (EVAP)231221.pdf,134,2026-06-10,이미 있음(동일)
E:\기존 서류\이광재 부장 서류\기존서류 2\출하\EVAP 성적서\MQ4_LHD(FRT) 성적서 (EVAP)231222.pdf,07_품질,폴더(EVAP 성적서),E:\SHINHWA\07_품질\2026\MQ4_LHD(FRT) 성적서 (EVAP)231222.pdf,134,2026-06-10,이미 있음(동일)
E:\기존 서류\이광재 부장 서류\기존서류 2\출하\EVAP 성적서\MQ4_LHD(FRT) 성적서 (EVAP)231226 수출.pdf,07_품질,폴더(EVAP 성적서),E:\SHINHWA\07_품질\2026\MQ4_LHD(FRT) 성적서 (EVAP)231226 수출.pdf,134,2026-06-10,이미 있음(동일)
E:\기존 서류\이광재 부장 서류\기존서류 2\출하\EVAP 성적서\MQ4_LHD(FRT) 성적서 (EVAP)231226.pdf,07_품질,폴더(EVAP 성적서),E:\SHINHWA\07_품질\2026\MQ4_LHD(FRT) 성적서 (EVAP)231226.pdf,134,2026-06-10,이미 있음(동일)
E:\기존 서류\이광재 부장 서류\기존서류 2\출하\EVAP 성적서\MQ4_LHD(FRT) 성적서 (EVAP)231227.pdf,07_품질,폴더(EVAP 성적서),E:\SHINHWA\07_품질\2026\MQ4_LHD(FRT) 성적서 (EVAP)231227.pdf,134,2026-06-10,이미 있음(동일)
E:\기존 서류\이광재 부장 서류\기존서류 2\출하\EVAP 성적서\MQ4_LHD(FRT) 성적서 (EVAP)231229 E.pdf,07_품질,폴더(EVAP 성적서),E:\SHINHWA\07_품질\2026\MQ4_LHD(FRT) 성적서 (EVAP)231229 E.pdf,134,2026-06-10,이미 있음(동일)
E:\기존 서류\이광재 부장 서류\기존서류 2\출하\EVAP 성적서\MQ4_RR 성적서 (EVAP)231211.pdf,07_품질,폴더(EVAP 성적서),E:\SHINHWA\07_품질\2026\MQ4_RR 성적서 (EVAP)231211.pdf,133,2026-06-10,이미 있음(동일)
E:\기존 서류\이광재 부장 서류\기존서류 2\출하\EVAP 성적서\MQ4_RR 성적서 (EVAP)231212.pdf,07_품질,폴더(EVAP 성적서),E:\SHINHWA\07_품질\2026\MQ4_RR 성적서 (EVAP)231212.pdf,133,2026-06-10,이미 있음(동일)
E:\기존 서류\이광재 부장 서류\기존서류 2\출하\EVAP 성적서\MQ4_RR 성적서 (EVAP)231213.pdf,07_품질,폴더(EVAP 성적서),E:\SHINHWA\07_품질\2026\MQ4_RR 성적서 (EVAP)231213.pdf,133,2026-06-10,이미 있음(동일)
E:\기존 서류\이광재 부장 서류\기존서류 2\출하\EVAP 성적서\MQ4_RR 성적서 (EVAP)231215.pdf,07_품질,폴더(EVAP 성적서),E:\SHINHWA\07_품질\2026\MQ4_RR 성적서 (EVAP)231215.pdf,133,2026-06-10,이미 있음(동일)
E:\기존 서류\이광재 부장 서류\기존서류 2\출하\EVAP 성적서\MQ4_RR 성적서 (EVAP)231218.pdf,07_품질,폴더(EVAP 성적서),E:\SHINHWA\07_품질\2026\MQ4_RR 성적서 (EVAP)231218.pdf,133,2026-06-10,이미 있음(동일)
E:\기존 서류\이광재 부장 서류\기존서류 2\출하\EVAP 성적서\NX4 검사 성적서 (Rev.1)231201.pdf,07_품질,폴더(EVAP 성적서),E:\SHINHWA\07_품질\2026\NX4 검사 성적서 (Rev.1)231201.pdf,131,2026-06-10,이미 있음(동일)
E:\기존 서류\이광재 부장 서류\기존서류 2\출하\EVAP 성적서\NX4 검사 성적서 (Rev.1)231205.pdf,07_품질,폴더(EVAP 성적서),E:\SHINHWA\07_품질\2026\NX4 검사 성적서 (Rev.1)231205.pdf,131,2026-06-10,이미 있음(동일)
E:\기존 서류\이광재 부장 서류\기존서류 2\출하\EVAP 성적서\NX4 검사 성적서 (Rev.1)231212.pdf,07_품질,폴더(EVAP 성적서),E:\SHINHWA\07_품질\2026\NX4 검사 성적서 (Rev.1)231212.pdf,131,2026-06-10,이미 있음(동일)
E:\기존 서류\이광재 부장 서류\기존서류 2\출하\EVAP 성적서\NX4 검사 성적서 (Rev.1)231219.pdf,07_품질,폴더(EVAP 성적서),E:\SHINHWA\07_품질\2026\NX4 검사 성적서 (Rev.1)231219.pdf,131,2026-06-10,이미 있음(동일)
E:\기존 서류\이광재 부장 서류\기존서류 2\출하\EVAP 성적서\NX4 검사 성적서 (Rev.1)231222.pdf,07_품질,폴더(EVAP 성적서),E:\SHINHWA\07_품질\2026\NX4 검사 성적서 (Rev.1)231222.pdf,131,2026-06-10,이미 있음(동일)
E:\기존 서류\이광재 부장 서류\기존서류 2\출하\EVAP 성적서\NX4 검사 성적서 (Rev.1)231226.pdf,07_품질,폴더(EVAP 성적서),E:\SHINHWA\07_품질\2026\NX4 검사 성적서 (Rev.1)231226.pdf,131,2026-06-10,이미 있음(동일)
E:\기존 서류\이광재 부장 서류\기존서류 2\출하\EVAP 성적서\NX4 검사 성적서 (Rev.1)231228.pdf,07_품질,폴더(EVAP 성적서),E:\SHINHWA\07_품질\2026\NX4 검사 성적서 (Rev.1)231228.pdf,131,2026-06-10,이미 있음(동일)
E:\기존 서류\이광재 부장 서류\기존서류 2\출하\EVAP 성적서\PD LHD 성적서 (EVAP)231204.pdf,07_품질,폴더(EVAP 성적서),E:\SHINHWA\07_품질\2026\PD LHD 성적서 (EVAP)231204.pdf,132,2026-06-10,이미 있음(동일)
E:\기존 서류\이광재 부장 서류\기존서류 2\출하\EVAP 성적서\PD LHD 성적서 (EVAP)231208.pdf,07_품질,폴더(EVAP 성적서),E:\SHINHWA\07_품질\2026\PD LHD 성적서 (EVAP)231208.pdf,132,2026-06-10,이미 있음(동일)
E:\기존 서류\이광재 부장 서류\기존서류 2\출하\EVAP 성적서\PD LHD 성적서 (EVAP)231211.pdf,07_품질,폴더(EVAP 성적서),E:\SHINHWA\07_품질\2026\PD LHD 성적서 (EVAP)231211.pdf,132,2026-06-10,이미 있음(동일)
E:\기존 서류\이광재 부장 서류\기존서류 2\출하\EVAP 성적서\PD LHD 성적서 (EVAP)231213.pdf,07_품질,폴더(EVAP 성적서),E:\SHINHWA\07_품질\2026\PD LHD 성적서 (EVAP)231213.pdf,132,2026-06-10,이미 있음(동일)
E:\기존 서류\이광재 부장 서류\기존서류 2\출하\EVAP 성적서\PD LHD 성적서 (EVAP)231214.pdf,07_품질,폴더(EVAP 성적서),E:\SHINHWA\07_품질\2026\PD LHD 성적서 (EVAP)231214.pdf,132,2026-06-10,이미 있음(동일)
E:\기존 서류\이광재 부장 서류\기존서류 2\출하\EVAP 성적서\PD LHD 성적서 (EVAP)231218.pdf,07_품질,폴더(EVAP 성적서),E:\SHINHWA\07_품질\2026\PD LHD 성적서 (EVAP)231218.pdf,132,2026-06-10,이미 있음(동일)
E:\기존 서류\이광재 부장 서류\기존서류 2\출하\EVAP 성적서\PD LHD 성적서 (EVAP)231226.pdf,07_품질,폴더(EVAP 성적서),E:\SHINHWA\07_품질\2026\PD LHD 성적서 (EVAP)231226.pdf,132,2026-06-10,이미 있음(동일)
E:\기존 서류\이광재 부장 서류\기존서류 2\출하\EVAP 성적서\PD LHD 성적서 (EVAP)231229.pdf,07_품질,폴더(EVAP 성적서),E:\SHINHWA\07_품질\2026\PD LHD 성적서 (EVAP)231229.pdf,132,2026-06-10,이미 있음(동일)
E:\기존 서류\이광재 부장 서류\기존서류 2\출하\EVAP 성적서\PD RHD 성적서 (EVAP)231208.pdf,07_품질,폴더(EVAP 성적서),E:\SHINHWA\07_품질\2026\PD RHD 성적서 (EVAP)231208.pdf,132,2026-06-10,이미 있음(동일)
E:\기존 서류\이광재 부장 서류\기존서류 2\출하\EVAP 성적서\PDE 1.0T 카파개선(신냉매) 검사 성적서 (Rev.2)231226.pdf,07_품질,폴더(EVAP 성적서),E:\SHINHWA\07_품질\2026\PDE 1.0T 카파개선(신냉매) 검사 성적서 (Rev.2)231226.pdf,150,2026-06-10,이미 있음(동일)
E:\기존 서류\이광재 부장 서류\기존서류 2\출하\EVAP 성적서\UMA 성적서 (EVAP)231208.pdf,07_품질,폴더(EVAP 성적서),E:\SHINHWA\07_품질\2026\UMA 성적서 (EVAP)231208.pdf,138,2026-06-10,이미 있음(동일)
E:\기존 서류\이광재 부장 서류\기존서류 2\출하\EVAP 성적서\US4 성적서 (EVAP)231206.pdf,07_품질,폴더(EVAP 성적서),E:\SHINHWA\07_품질\2026\US4 성적서 (EVAP)231206.pdf,187,2026-06-10,이미 있음(동일)
E:\기존 서류\이광재 부장 서류\기존서류 2\출하\EVAP 성적서\US4 성적서 (EVAP)231211.pdf,07_품질,폴더(EVAP 성적서),E:\SHINHWA\07_품질\2026\US4 성적서 (EVAP)231211.pdf,187,2026-06-10,이미 있음(동일)
E:\기존 서류\이광재 부장 서류\기존서류 2\출하\EVAP 성적서\US4 성적서 (EVAP)231213.pdf,07_품질,폴더(EVAP 성적서),E:\SHINHWA\07_품질\2026\US4 성적서 (EVAP)231213.pdf,187,2026-06-10,이미 있음(동일)
E:\기존 서류\이광재 부장 서류\기존서류 2\출하\EVAP 성적서\US4 성적서 (EVAP)231215.pdf,07_품질,폴더(EVAP 성적서),E:\SHINHWA\07_품질\2026\US4 성적서 (EVAP)231215.pdf,187,2026-06-10,이미 있음(동일)
E:\기존 서류\이광재 부장 서류\기존서류 2\출하\EVAP 성적서\US4 성적서 (EVAP)231218.pdf,07_품질,폴더(EVAP 성적서),E:\SHINHWA\07_품질\2026\US4 성적서 (EVAP)231218.pdf,187,2026-06-10,이미 있음(동일)
E:\기존 서류\이광재 부장 서류\기존서류 2\출하\HEADER 성적서(1)\BD GSL(구냉매) 검사 성적서 (Rev.2)231206.pdf,07_품질,폴더(HEADER 성적서(1)),E:\SHINHWA\07_품질\2026\BD GSL(구냉매) 검사 성적서 (Rev.2)231206.pdf,150,2026-06-10,이미 있음(동일)
E:\기존 서류\이광재 부장 서류\기존서류 2\출하\HEADER 성적서(1)\BD GSL(구냉매) 검사 성적서 (Rev.2)231207-1.pdf,07_품질,폴더(HEADER 성적서(1)),E:\SHINHWA\07_품질\2026\BD GSL(구냉매) 검사 성적서 (Rev.2)231207-1.pdf,150,2026-06-10,이미 있음(동일)
E:\기존 서류\이광재 부장 서류\기존서류 2\출하\HEADER 성적서(1)\BD GSL(구냉매) 검사 성적서 (Rev.2)231207.pdf,07_품질,폴더(HEADER 성적서(1)),E:\SHINHWA\07_품질\2026\BD GSL(구냉매) 검사 성적서 (Rev.2)231207.pdf,150,2026-06-10,이미 있음(동일)
E:\기존 서류\이광재 부장 서류\기존서류 2\출하\HEADER 성적서(1)\BD GSL(구냉매) 검사 성적서 (Rev.2)231212-1.pdf,07_품질,폴더(HEADER 성적서(1)),E:\SHINHWA\07_품질\2026\BD GSL(구냉매) 검사 성적서 (Rev.2)231212-1.pdf,150,2026-06-10,이미 있음(동일)
E:\기존 서류\이광재 부장 서류\기존서류 2\출하\HEADER 성적서(1)\BD GSL(구냉매) 검사 성적서 (Rev.2)231212.pdf,07_품질,폴더(HEADER 성적서(1)),E:\SHINHWA\07_품질\2026\BD GSL(구냉매) 검사 성적서 (Rev.2)231212.pdf,150,2026-06-10,이미 있음(동일)
E:\기존 서류\이광재 부장 서류\기존서류 2\출하\HEADER 성적서(1)\BD GSL(구냉매) 검사 성적서 (Rev.2)231216.pdf,07_품질,폴더(HEADER 성적서(1)),E:\SHINHWA\07_품질\2026\BD GSL(구냉매) 검사 성적서 (Rev.2)231216.pdf,150,2026-06-10,이미 있음(동일)
E:\기존 서류\이광재 부장 서류\기존서류 2\출하\HEADER 성적서(1)\BD GSL(구냉매) 검사 성적서 (Rev.2)231218.pdf,07_품질,폴더(HEADER 성적서(1)),E:\SHINHWA\07_품질\2026\BD GSL(구냉매) 검사 성적서 (Rev.2)231218.pdf,150,2026-06-10,이미 있음(동일)
E:\기존 서류\이광재 부장 서류\기존서류 2\출하\HEADER 성적서(1)\BD RHD OUT 231213.pdf,07_품질,폴더(HEADER 성적서(1)),E:\SHINHWA\07_품질\2026\BD RHD OUT 231213.pdf,121,2026-06-10,이미 있음(동일)
E:\기존 서류\이광재 부장 서류\기존서류 2\출하\HEADER 성적서(1)\BDm GSL(SEAL WASHER) 검사 성적서 (Rev.1)231201.pdf,07_품질,폴더(HEADER 성적서(1)),E:\SHINHWA\07_품질\2026\BDm GSL(SEAL WASHER) 검사 성적서 (Rev.1)231201.pdf,143,2026-06-10,이미 있음(동일)
E:\기존 서류\이광재 부장 서류\기존서류 2\출하\HEADER 성적서(1)\BDm GSL(SEAL WASHER) 검사 성적서 (Rev.1)231204.pdf,07_품질,폴더(HEADER 성적서(1)),E:\SHINHWA\07_품질\2026\BDm GSL(SEAL WASHER) 검사 성적서 (Rev.1)231204.pdf,143,2026-06-10,이미 있음(동일)
E:\기존 서류\이광재 부장 서류\기존서류 2\출하\HEADER 성적서(1)\BDm GSL(SEAL WASHER) 검사 성적서 (Rev.1)231205-1.pdf,07_품질,폴더(HEADER 성적서(1)),E:\SHINHWA\07_품질\2026\BDm GSL(SEAL WASHER) 검사 성적서 (Rev.1)231205-1.pdf,143,2026-06-10,이미 있음(동일)
E:\기존 서류\이광재 부장 서류\기존서류 2\출하\HEADER 성적서(1)\BDm GSL(SEAL WASHER) 검사 성적서 (Rev.1)231205.pdf,07_품질,폴더(HEADER 성적서(1)),E:\SHINHWA\07_품질\2026\BDm GSL(SEAL WASHER) 검사 성적서 (Rev.1)231205.pdf,143,2026-06-10,이미 있음(동일)
E:\기존 서류\이광재 부장 서류\기존서류 2\출하\HEADER 성적서(1)\BDm GSL(SEAL WASHER) 검사 성적서 (Rev.1)231207.pdf,07_품질,폴더(HEADER 성적서(1)),E:\SHINHWA\07_품질\2026\BDm GSL(SEAL WASHER) 검사 성적서 (Rev.1)231207.pdf,143,2026-06-10,이미 있음(동일)
E:\기존 서류\이광재 부장 서류\기존서류 2\출하\HEADER 성적서(1)\BDm GSL(SEAL WASHER) 검사 성적서 (Rev.1)231211.pdf,07_품질,폴더(HEADER 성적서(1)),E:\SHINHWA\07_품질\2026\BDm GSL(SEAL WASHER) 검사 성적서 (Rev.1)231211.pdf,143,2026-06-10,이미 있음(동일)
E:\기존 서류\이광재 부장 서류\기존서류 2\출하\HEADER 성적서(1)\BDm GSL(SEAL WASHER) 검사 성적서 (Rev.1)231212.pdf,07_품질,폴더(HEADER 성적서(1)),E:\SHINHWA\07_품질\2026\BDm GSL(SEAL WASHER) 검사 성적서 (Rev.1)231212.pdf,143,2026-06-10,이미 있음(동일)
E:\기존 서류\이광재 부장 서류\기존서류 2\출하\HEADER 성적서(1)\BDm GSL(SEAL WASHER) 검사 성적서 (Rev.1)231213.pdf,07_품질,폴더(HEADER 성적서(1)),E:\SHINHWA\07_품질\2026\BDm GSL(SEAL WASHER) 검사 성적서 (Rev.1)231213.pdf,143,2026-06-10,이미 있음(동일)
E:\기존 서류\이광재 부장 서류\기존서류 2\출하\HEADER 성적서(1)\BDm GSL(SEAL WASHER) 검사 성적서 (Rev.1)231214.pdf,07_품질,폴더(HEADER 성적서(1)),E:\SHINHWA\07_품질\2026\BDm GSL(SEAL WASHER) 검사 성적서 (Rev.1)231214.pdf,143,2026-06-10,이미 있음(동일)
E:\기존 서류\이광재 부장 서류\기존서류 2\출하\HEADER 성적서(1)\BDm GSL(SEAL WASHER) 검사 성적서 (Rev.1)231218.pdf,07_품질,폴더(HEADER 성적서(1)),E:\SHINHWA\07_품질\2026\BDm GSL(SEAL WASHER) 검사 성적서 (Rev.1)231218.pdf,143,2026-06-10,이미 있음(동일)
E:\기존 서류\이광재 부장 서류\기존서류 2\출하\HEADER 성적서(1)\BDm GSL(SEAL WASHER) 검사 성적서 (Rev.1)231219.pdf,07_품질,폴더(HEADER 성적서(1)),E:\SHINHWA\07_품질\2026\BDm GSL(SEAL WASHER) 검사 성적서 (Rev.1)231219.pdf,143,2026-06-10,이미 있음(동일)
E:\기존 서류\이광재 부장 서류\기존서류 2\출하\HEADER 성적서(1)\BDm GSL(SEAL WASHER) 검사 성적서 (Rev.1)231220.pdf,07_품질,폴더(HEADER 성적서(1)),E:\SHINHWA\07_품질\2026\BDm GSL(SEAL WASHER) 검사 성적서 (Rev.1)231220.pdf,143,2026-06-10,이미 있음(동일)
E:\기존 서류\이광재 부장 서류\기존서류 2\출하\HEADER 성적서(1)\BDm GSL(SEAL WASHER) 검사 성적서 (Rev.1)231222.pdf,07_품질,폴더(HEADER 성적서(1)),E:\SHINHWA\07_품질\2026\BDm GSL(SEAL WASHER) 검사 성적서 (Rev.1)231222.pdf,143,2026-06-10,이미 있음(동일)
E:\기존 서류\이광재 부장 서류\기존서류 2\출하\HEADER 성적서(1)\BDm GSL(SEAL WASHER) 검사 성적서 (Rev.1)231226.pdf,07_품질,폴더(HEADER 성적서(1)),E:\SHINHWA\07_품질\2026\BDm GSL(SEAL WASHER) 검사 성적서 (Rev.1)231226.pdf,143,2026-06-10,이미 있음(동일)
E:\기존 서류\이광재 부장 서류\기존서류 2\출하\HEADER 성적서(1)\BDm TGDI(SEAL WASHER) 검사 성적서 (Rev.1)231208.pdf,07_품질,폴더(HEADER 성적서(1)),E:\SHINHWA\07_품질\2026\BDm TGDI(SEAL WASHER) 검사 성적서 (Rev.1)231208.pdf,142,2026-06-10,이미 있음(동일)
E:\기존 서류\이광재 부장 서류\기존서류 2\출하\HEADER 성적서(1)\BDm TGDI(SEAL WASHER) 검사 성적서 (Rev.1)231220.pdf,07_품질,폴더(HEADER 성적서(1)),E:\SHINHWA\07_품질\2026\BDm TGDI(SEAL WASHER) 검사 성적서 (Rev.1)231220.pdf,142,2026-06-10,이미 있음(동일)
E:\기존 서류\이광재 부장 서류\기존서류 2\출하\HEADER 성적서(1)\CD DSL(구냉매) 검사 성적서 (Rev.2)231208-1.pdf,07_품질,폴더(HEADER 성적서(1)),E:\SHINHWA\07_품질\2026\CD DSL(구냉매) 검사 성적서 (Rev.2)231208-1.pdf,165,2026-06-10,이미 있음(동일)
E:\기존 서류\이광재 부장 서류\기존서류 2\출하\HEADER 성적서(1)\CD GSL(신냉매) 검사 성적서 (Rev.2)231221.pdf,07_품질,폴더(HEADER 성적서(1)),E:\SHINHWA\07_품질\2026\CD GSL(신냉매) 검사 성적서 (Rev.2)231221.pdf,158,2026-06-10,이미 있음(동일)
E:\기존 서류\이광재 부장 서류\기존서류 2\출하\HEADER 성적서(1)\CD GSL(신냉매) 검사 성적서 (Rev.2)231222-1.pdf,07_품질,폴더(HEADER 성적서(1)),E:\SHINHWA\07_품질\2026\CD GSL(신냉매) 검사 성적서 (Rev.2)231222-1.pdf,158,2026-06-10,이미 있음(동일)
E:\기존 서류\이광재 부장 서류\기존서류 2\출하\HEADER 성적서(1)\CD GSL(신냉매) 검사 성적서 (Rev.2)231222.pdf,07_품질,폴더(HEADER 성적서(1)),E:\SHINHWA\07_품질\2026\CD GSL(신냉매) 검사 성적서 (Rev.2)231222.pdf,158,2026-06-10,이미 있음(동일)
E:\기존 서류\이광재 부장 서류\기존서류 2\출하\HEADER 성적서(1)\CD TGDI(신냉매) 검사 성적서 (Rev.2)231201.pdf,07_품질,폴더(HEADER 성적서(1)),E:\SHINHWA\07_품질\2026\CD TGDI(신냉매) 검사 성적서 (Rev.2)231201.pdf,165,2026-06-10,이미 있음(동일)
E:\기존 서류\이광재 부장 서류\기존서류 2\출하\HEADER 성적서(1)\CD TGDI(신냉매) 검사 성적서 (Rev.2)231204.pdf,07_품질,폴더(HEADER 성적서(1)),E:\SHINHWA\07_품질\2026\CD TGDI(신냉매) 검사 성적서 (Rev.2)231204.pdf,165,2026-06-10,이미 있음(동일)
E:\기존 서류\이광재 부장 서류\기존서류 2\출하\HEADER 성적서(1)\CD TGDI(신냉매) 검사 성적서 (Rev.2)231205.pdf,07_품질,폴더(HEADER 성적서(1)),E:\SHINHWA\07_품질\2026\CD TGDI(신냉매) 검사 성적서 (Rev.2)231205.pdf,165,2026-06-10,이미 있음(동일)
E:\기존 서류\이광재 부장 서류\기존서류 2\출하\HEADER 성적서(1)\CD TGDI(신냉매) 검사 성적서 (Rev.2)231207.pdf,07_품질,폴더(HEADER 성적서(1)),E:\SHINHWA\07_품질\2026\CD TGDI(신냉매) 검사 성적서 (Rev.2)231207.pdf,165,2026-06-10,이미 있음(동일)
E:\기존 서류\이광재 부장 서류\기존서류 2\출하\HEADER 성적서(1)\CD TGDI(신냉매) 검사 성적서 (Rev.2)231220.pdf,07_품질,폴더(HEADER 성적서(1)),E:\SHINHWA\07_품질\2026\CD TGDI(신냉매) 검사 성적서 (Rev.2)231220.pdf,165,2026-06-10,이미 있음(동일)
E:\기존 서류\이광재 부장 서류\기존서류 2\출하\HEADER 성적서(1)\CD TGDI(신냉매) 검사 성적서 (Rev.2)231221.pdf,07_품질,폴더(HEADER 성적서(1)),E:\SHINHWA\07_품질\2026\CD TGDI(신냉매) 검사 성적서 (Rev.2)231221.pdf,165,2026-06-10,이미 있음(동일)
E:\기존 서류\이광재 부장 서류\기존서류 2\출하\HEADER 성적서(1)\CD TGDI(신냉매) 검사 성적서 (Rev.2)231222.pdf,07_품질,폴더(HEADER 성적서(1)),E:\SHINHWA\07_품질\2026\CD TGDI(신냉매) 검사 성적서 (Rev.2)231222.pdf,165,2026-06-10,이미 있음(동일)
E:\기존 서류\이광재 부장 서류\기존서류 2\출하\HEADER 성적서(1)\CD TGDI(신냉매) 검사 성적서 (Rev.2)231223.pdf,07_품질,폴더(HEADER 성적서(1)),E:\SHINHWA\07_품질\2026\CD TGDI(신냉매) 검사 성적서 (Rev.2)231223.pdf,165,2026-06-10,이미 있음(동일)
E:\기존 서류\이광재 부장 서류\기존서류 2\출하\HEADER 성적서(1)\CD TGDI(신냉매) 검사 성적서 (Rev.2)231226.pdf,07_품질,폴더(HEADER 성적서(1)),E:\SHINHWA\07_품질\2026\CD TGDI(신냉매) 검사 성적서 (Rev.2)231226.pdf,165,2026-06-10,이미 있음(동일)
E:\기존 서류\이광재 부장 서류\기존서류 2\출하\HEADER 성적서(1)\CD TGDI(신냉매) 검사 성적서 (Rev.2)231229-1.pdf,07_품질,폴더(HEADER 성적서(1)),E:\SHINHWA\07_품질\2026\CD TGDI(신냉매) 검사 성적서 (Rev.2)231229-1.pdf,165,2026-06-10,이미 있음(동일)
E:\기존 서류\이광재 부장 서류\기존서류 2\출하\HEADER 성적서(1)\CD TGDI(신냉매) 검사 성적서 (Rev.2)231229.pdf,07_품질,폴더(HEADER 성적서(1)),E:\SHINHWA\07_품질\2026\CD TGDI(신냉매) 검사 성적서 (Rev.2)231229.pdf,165,2026-06-10,이미 있음(동일)
E:\기존 서류\이광재 부장 서류\기존서류 2\출하\HEADER 성적서(1)\CN7 (구냉매) 검사 성적서 (Rev.3)231212.pdf,07_품질,폴더(HEADER 성적서(1)),E:\SHINHWA\07_품질\2026\CN7 (구냉매) 검사 성적서 (Rev.3)231212.pdf,177,2026-06-10,이미 있음(동일)
E:\기존 서류\이광재 부장 서류\기존서류 2\출하\HEADER 성적서(1)\CN7 (구냉매) 검사 성적서 (Rev.3)231213.pdf,07_품질,폴더(HEADER 성적서(1)),E:\SHINHWA\07_품질\2026\CN7 (구냉매) 검사 성적서 (Rev.3)231213.pdf,177,2026-06-10,이미 있음(동일)
E:\기존 서류\이광재 부장 서류\기존서류 2\출하\HEADER 성적서(1)\CN7 (구냉매) 검사 성적서 (Rev.3)231218.pdf,07_품질,폴더(HEADER 성적서(1)),E:\SHINHWA\07_품질\2026\CN7 (구냉매) 검사 성적서 (Rev.3)231218.pdf,177,2026-06-10,이미 있음(동일)
E:\기존 서류\이광재 부장 서류\기존서류 2\출하\HEADER 성적서(1)\CN7 (구냉매) 검사 성적서 (Rev.3)231219.pdf,07_품질,폴더(HEADER 성적서(1)),E:\SHINHWA\07_품질\2026\CN7 (구냉매) 검사 성적서 (Rev.3)231219.pdf,177,2026-06-10,이미 있음(동일)
E:\기존 서류\이광재 부장 서류\기존서류 2\출하\HEADER 성적서(1)\CN7 (구냉매) 검사 성적서 (Rev.3)231220.pdf,07_품질,폴더(HEADER 성적서(1)),E:\SHINHWA\07_품질\2026\CN7 (구냉매) 검사 성적서 (Rev.3)231220.pdf,177,2026-06-10,이미 있음(동일)
E:\기존 서류\이광재 부장 서류\기존서류 2\출하\HEADER 성적서(1)\CN7 (신냉매) 검사 성적서 (Rev.3)231204-1.pdf,07_품질,폴더(HEADER 성적서(1)),E:\SHINHWA\07_품질\2026\CN7 (신냉매) 검사 성적서 (Rev.3)231204-1.pdf,186,2026-06-10,이미 있음(동일)
E:\기존 서류\이광재 부장 서류\기존서류 2\출하\HEADER 성적서(1)\CN7 (신냉매) 검사 성적서 (Rev.3)231204.pdf,07_품질,폴더(HEADER 성적서(1)),E:\SHINHWA\07_품질\2026\CN7 (신냉매) 검사 성적서 (Rev.3)231204.pdf,186,2026-06-10,이미 있음(동일)
E:\기존 서류\이광재 부장 서류\기존서류 2\출하\HEADER 성적서(1)\CN7 (신냉매) 검사 성적서 (Rev.3)231205.pdf,07_품질,폴더(HEADER 성적서(1)),E:\SHINHWA\07_품질\2026\CN7 (신냉매) 검사 성적서 (Rev.3)231205.pdf,186,2026-06-10,이미 있음(동일)
E:\기존 서류\이광재 부장 서류\기존서류 2\출하\HEADER 성적서(1)\CN7 (신냉매) 검사 성적서 (Rev.3)231207.pdf,07_품질,폴더(HEADER 성적서(1)),E:\SHINHWA\07_품질\2026\CN7 (신냉매) 검사 성적서 (Rev.3)231207.pdf,186,2026-06-10,이미 있음(동일)
E:\기존 서류\이광재 부장 서류\기존서류 2\출하\HEADER 성적서(1)\CN7 (신냉매) 검사 성적서 (Rev.3)231208-1.pdf,07_품질,폴더(HEADER 성적서(1)),E:\SHINHWA\07_품질\2026\CN7 (신냉매) 검사 성적서 (Rev.3)231208-1.pdf,186,2026-06-10,이미 있음(동일)
E:\기존 서류\이광재 부장 서류\기존서류 2\출하\HEADER 성적서(1)\CN7 (신냉매) 검사 성적서 (Rev.3)231208.pdf,07_품질,폴더(HEADER 성적서(1)),E:\SHINHWA\07_품질\2026\CN7 (신냉매) 검사 성적서 (Rev.3)231208.pdf,186,2026-06-10,이미 있음(동일)
E:\기존 서류\이광재 부장 서류\기존서류 2\출하\HEADER 성적서(1)\CN7 (신냉매) 검사 성적서 (Rev.3)231211.pdf,07_품질,폴더(HEADER 성적서(1)),E:\SHINHWA\07_품질\2026\CN7 (신냉매) 검사 성적서 (Rev.3)231211.pdf,186,2026-06-10,이미 있음(동일)
E:\기존 서류\이광재 부장 서류\기존서류 2\출하\HEADER 성적서(1)\CN7 (신냉매) 검사 성적서 (Rev.3)231214.pdf,07_품질,폴더(HEADER 성적서(1)),E:\SHINHWA\07_품질\2026\CN7 (신냉매) 검사 성적서 (Rev.3)231214.pdf,186,2026-06-10,이미 있음(동일)
E:\기존 서류\이광재 부장 서류\기존서류 2\출하\HEADER 성적서(1)\CN7 (신냉매) 검사 성적서 (Rev.3)231218.pdf,07_품질,폴더(HEADER 성적서(1)),E:\SHINHWA\07_품질\2026\CN7 (신냉매) 검사 성적서 (Rev.3)231218.pdf,186,2026-06-10,이미 있음(동일)
E:\기존 서류\이광재 부장 서류\기존서류 2\출하\HEADER 성적서(1)\CN7 (신냉매) 검사 성적서 (Rev.3)231220.pdf,07_품질,폴더(HEADER 성적서(1)),E:\SHINHWA\07_품질\2026\CN7 (신냉매) 검사 성적서 (Rev.3)231220.pdf,186,2026-06-10,이미 있음(동일)
E:\기존 서류\이광재 부장 서류\기존서류 2\출하\HEADER 성적서(1)\CN7 (신냉매) 검사 성적서 (Rev.3)231221.pdf,07_품질,폴더(HEADER 성적서(1)),E:\SHINHWA\07_품질\2026\CN7 (신냉매) 검사 성적서 (Rev.3)231221.pdf,186,2026-06-10,이미 있음(동일)
E:\기존 서류\이광재 부장 서류\기존서류 2\출하\HEADER 성적서(1)\CN7 (신냉매) 검사 성적서 (Rev.3)231222.pdf,07_품질,폴더(HEADER 성적서(1)),E:\SHINHWA\07_품질\2026\CN7 (신냉매) 검사 성적서 (Rev.3)231222.pdf,189,2026-06-10,이미 있음(동일)
E:\기존 서류\이광재 부장 서류\기존서류 2\출하\HEADER 성적서(1)\CN7 N 검사성적서(Rev.1)231218.pdf,07_품질,폴더(HEADER 성적서(1)),E:\SHINHWA\07_품질\2026\CN7 N 검사성적서(Rev.1)231218.pdf,149,2026-06-10,이미 있음(동일)
E:\기존 서류\이광재 부장 서류\기존서류 2\출하\HEADER 성적서(1)\DN8 HEV (구냉매) 검사 성적서 (Rev.2)231204.pdf,07_품질,폴더(HEADER 성적서(1)),E:\SHINHWA\07_품질\2026\DN8 HEV (구냉매) 검사 성적서 (Rev.2)231204.pdf,178,2026-06-10,이미 있음(동일)
E:\기존 서류\이광재 부장 서류\기존서류 2\출하\HEADER 성적서(1)\DN8 HEV (구냉매) 검사 성적서 (Rev.2)231205.pdf,07_품질,폴더(HEADER 성적서(1)),E:\SHINHWA\07_품질\2026\DN8 HEV (구냉매) 검사 성적서 (Rev.2)231205.pdf,178,2026-06-10,이미 있음(동일)
E:\기존 서류\이광재 부장 서류\기존서류 2\출하\HEADER 성적서(1)\DN8 HEV (구냉매) 검사 성적서 (Rev.2)231214.pdf,07_품질,폴더(HEADER 성적서(1)),E:\SHINHWA\07_품질\2026\DN8 HEV (구냉매) 검사 성적서 (Rev.2)231214.pdf,178,2026-06-10,이미 있음(동일)
E:\기존 서류\이광재 부장 서류\기존서류 2\출하\HEADER 성적서(1)\DN8 HEV (구냉매) 검사 성적서 (Rev.2)231215.pdf,07_품질,폴더(HEADER 성적서(1)),E:\SHINHWA\07_품질\2026\DN8 HEV (구냉매) 검사 성적서 (Rev.2)231215.pdf,178,2026-06-10,이미 있음(동일)
E:\기존 서류\이광재 부장 서류\기존서류 2\출하\HEADER 성적서(1)\DN8 HEV (구냉매) 검사 성적서 (Rev.2)231221.pdf,07_품질,폴더(HEADER 성적서(1)),E:\SHINHWA\07_품질\2026\DN8 HEV (구냉매) 검사 성적서 (Rev.2)231221.pdf,179,2026-06-10,이미 있음(동일)
E:\기존 서류\이광재 부장 서류\기존서류 2\출하\HEADER 성적서(1)\DN8 HEV (구냉매) 검사 성적서 (Rev.2)231222.pdf,07_품질,폴더(HEADER 성적서(1)),E:\SHINHWA\07_품질\2026\DN8 HEV (구냉매) 검사 성적서 (Rev.2)231222.pdf,179,2026-06-10,이미 있음(동일)
E:\기존 서류\이광재 부장 서류\기존서류 2\출하\HEADER 성적서(1)\DN8 HEV (구냉매) 검사 성적서 (Rev.2)231223.pdf,07_품질,폴더(HEADER 성적서(1)),E:\SHINHWA\07_품질\2026\DN8 HEV (구냉매) 검사 성적서 (Rev.2)231223.pdf,178,2026-06-10,이미 있음(동일)
E:\기존 서류\이광재 부장 서류\기존서류 2\출하\HEADER 성적서(1)\DN8 HEV (구냉매) 검사 성적서 (Rev.2)231228-1.pdf,07_품질,폴더(HEADER 성적서(1)),E:\SHINHWA\07_품질\2026\DN8 HEV (구냉매) 검사 성적서 (Rev.2)231228-1.pdf,179,2026-06-10,이미 있음(동일)
E:\기존 서류\이광재 부장 서류\기존서류 2\출하\HEADER 성적서(1)\DN8 HEV (구냉매) 검사 성적서 (Rev.2)231228.pdf,07_품질,폴더(HEADER 성적서(1)),E:\SHINHWA\07_품질\2026\DN8 HEV (구냉매) 검사 성적서 (Rev.2)231228.pdf,178,2026-06-10,이미 있음(동일)
E:\기존 서류\이광재 부장 서류\기존서류 2\출하\HEADER 성적서(1)\DN8 N (신냉매) 검사 성적서 (Rev.2)231212.pdf,07_품질,폴더(HEADER 성적서(1)),E:\SHINHWA\07_품질\2026\DN8 N (신냉매) 검사 성적서 (Rev.2)231212.pdf,174,2026-06-10,이미 있음(동일)
E:\기존 서류\이광재 부장 서류\기존서류 2\출하\HEADER 성적서(1)\DN8 N (신냉매) 검사 성적서 (Rev.2)231228.pdf,07_품질,폴더(HEADER 성적서(1)),E:\SHINHWA\07_품질\2026\DN8 N (신냉매) 검사 성적서 (Rev.2)231228.pdf,174,2026-06-10,이미 있음(동일)
E:\기존 서류\이광재 부장 서류\기존서류 2\출하\HEADER 성적서(1)\GN7(핀有) 검사 성적서 (Rev.1)231222.pdf,07_품질,폴더(HEADER 성적서(1)),E:\SHINHWA\07_품질\2026\GN7(핀有) 검사 성적서 (Rev.1)231222.pdf,189,2026-06-10,이미 있음(동일)
E:\기존 서류\이광재 부장 서류\기존서류 2\출하\HEADER 성적서(1)\GN7(핀有) 검사 성적서 (Rev.1)231223.pdf,07_품질,폴더(HEADER 성적서(1)),E:\SHINHWA\07_품질\2026\GN7(핀有) 검사 성적서 (Rev.1)231223.pdf,189,2026-06-10,이미 있음(동일)
E:\기존 서류\이광재 부장 서류\기존서류 2\출하\HEADER 성적서(1)\GN7(핀有) 검사 성적서 (Rev.1)231226.pdf,07_품질,폴더(HEADER 성적서(1)),E:\SHINHWA\07_품질\2026\GN7(핀有) 검사 성적서 (Rev.1)231226.pdf,189,2026-06-10,이미 있음(동일)
E:\기존 서류\이광재 부장 서류\기존서류 2\출하\HEADER 성적서(1)\GN7(핀有) 검사 성적서 (Rev.1)231227.pdf,07_품질,폴더(HEADER 성적서(1)),E:\SHINHWA\07_품질\2026\GN7(핀有) 검사 성적서 (Rev.1)231227.pdf,189,2026-06-10,이미 있음(동일)
E:\기존 서류\이광재 부장 서류\기존서류 2\출하\HEADER 성적서(1)\GN7(핀有) 검사 성적서 (Rev.1)231228.pdf,07_품질,폴더(HEADER 성적서(1)),E:\SHINHWA\07_품질\2026\GN7(핀有) 검사 성적서 (Rev.1)231228.pdf,189,2026-06-10,이미 있음(동일)
E:\기존 서류\이광재 부장 서류\기존서류 2\출하\HEADER 성적서(1)\GN7(핀有) 검사 성적서 (Rev.1)231229.pdf,07_품질,폴더(HEADER 성적서(1)),E:\SHINHWA\07_품질\2026\GN7(핀有) 검사 성적서 (Rev.1)231229.pdf,189,2026-06-10,이미 있음(동일)
E:\기존 서류\이광재 부장 서류\기존서류 2\출하\HEADER 성적서(1)\GN7(핀無) 검사 성적서 (Rev.1)231205.pdf,07_품질,폴더(HEADER 성적서(1)),E:\SHINHWA\07_품질\2026\GN7(핀無) 검사 성적서 (Rev.1)231205.pdf,165,2026-06-10,이미 있음(동일)
E:\기존 서류\이광재 부장 서류\기존서류 2\출하\HEADER 성적서(1)\GN7(핀無) 검사 성적서 (Rev.1)231208.pdf,07_품질,폴더(HEADER 성적서(1)),E:\SHINHWA\07_품질\2026\GN7(핀無) 검사 성적서 (Rev.1)231208.pdf,165,2026-06-10,이미 있음(동일)
E:\기존 서류\이광재 부장 서류\기존서류 2\출하\HEADER 성적서(1)\GN7(핀無) 검사 성적서 (Rev.1)231211.pdf,07_품질,폴더(HEADER 성적서(1)),E:\SHINHWA\07_품질\2026\GN7(핀無) 검사 성적서 (Rev.1)231211.pdf,165,2026-06-10,이미 있음(동일)
E:\기존 서류\이광재 부장 서류\기존서류 2\출하\HEADER 성적서(1)\GN7(핀無) 검사 성적서 (Rev.1)231212.pdf,07_품질,폴더(HEADER 성적서(1)),E:\SHINHWA\07_품질\2026\GN7(핀無) 검사 성적서 (Rev.1)231212.pdf,165,2026-06-10,이미 있음(동일)
E:\기존 서류\이광재 부장 서류\기존서류 2\출하\HEADER 성적서(1)\GN7(핀無) 검사 성적서 (Rev.1)231213-1.pdf,07_품질,폴더(HEADER 성적서(1)),E:\SHINHWA\07_품질\2026\GN7(핀無) 검사 성적서 (Rev.1)231213-1.pdf,165,2026-06-10,이미 있음(동일)
E:\기존 서류\이광재 부장 서류\기존서류 2\출하\HEADER 성적서(1)\GN7(핀無) 검사 성적서 (Rev.1)231213.pdf,07_품질,폴더(HEADER 성적서(1)),E:\SHINHWA\07_품질\2026\GN7(핀無) 검사 성적서 (Rev.1)231213.pdf,165,2026-06-10,이미 있음(동일)
E:\기존 서류\이광재 부장 서류\기존서류 2\출하\HEADER 성적서(1)\GN7(핀無) 검사 성적서 (Rev.1)231214.pdf,07_품질,폴더(HEADER 성적서(1)),E:\SHINHWA\07_품질\2026\GN7(핀無) 검사 성적서 (Rev.1)231214.pdf,165,2026-06-10,이미 있음(동일)
E:\기존 서류\이광재 부장 서류\기존서류 2\출하\HEADER 성적서(1)\GN7(핀無) 검사 성적서 (Rev.1)231215.pdf,07_품질,폴더(HEADER 성적서(1)),E:\SHINHWA\07_품질\2026\GN7(핀無) 검사 성적서 (Rev.1)231215.pdf,165,2026-06-10,이미 있음(동일)
E:\기존 서류\이광재 부장 서류\기존서류 2\출하\HEADER 성적서(1)\GN7(핀無) 검사 성적서 (Rev.1)231216.pdf,07_품질,폴더(HEADER 성적서(1)),E:\SHINHWA\07_품질\2026\GN7(핀無) 검사 성적서 (Rev.1)231216.pdf,165,2026-06-10,이미 있음(동일)
E:\기존 서류\이광재 부장 서류\기존서류 2\출하\HEADER 성적서(1)\GN7(핀無) 검사 성적서 (Rev.1)231218-1.pdf,07_품질,폴더(HEADER 성적서(1)),E:\SHINHWA\07_품질\2026\GN7(핀無) 검사 성적서 (Rev.1)231218-1.pdf,165,2026-06-10,이미 있음(동일)
E:\기존 서류\이광재 부장 서류\기존서류 2\출하\HEADER 성적서(1)\GN7(핀無) 검사 성적서 (Rev.1)231218.pdf,07_품질,폴더(HEADER 성적서(1)),E:\SHINHWA\07_품질\2026\GN7(핀無) 검사 성적서 (Rev.1)231218.pdf,165,2026-06-10,이미 있음(동일)
E:\기존 서류\이광재 부장 서류\기존서류 2\출하\HEADER 성적서(1)\GN7(핀無) 검사 성적서 (Rev.1)231219.pdf,07_품질,폴더(HEADER 성적서(1)),E:\SHINHWA\07_품질\2026\GN7(핀無) 검사 성적서 (Rev.1)231219.pdf,165,2026-06-10,이미 있음(동일)
E:\기존 서류\이광재 부장 서류\기존서류 2\출하\HEADER 성적서(1)\GN7(핀無) 검사 성적서 (Rev.1)231226.pdf,07_품질,폴더(HEADER 성적서(1)),E:\SHINHWA\07_품질\2026\GN7(핀無) 검사 성적서 (Rev.1)231226.pdf,165,2026-06-10,이미 있음(동일)
E:\기존 서류\이광재 부장 서류\기존서류 2\출하\HEADER 성적서(1)\JA 12T(구냉매) 검사 성적서 (Rev.2)231206.pdf,07_품질,폴더(HEADER 성적서(1)),E:\SHINHWA\07_품질\2026\JA 12T(구냉매) 검사 성적서 (Rev.2)231206.pdf,162,2026-06-10,이미 있음(동일)
E:\기존 서류\이광재 부장 서류\기존서류 2\출하\HEADER 성적서(1)\JA 12T(구냉매) 검사 성적서 (Rev.2)231208-1.pdf,07_품질,폴더(HEADER 성적서(1)),E:\SHINHWA\07_품질\2026\JA 12T(구냉매) 검사 성적서 (Rev.2)231208-1.pdf,162,2026-06-10,이미 있음(동일)
E:\기존 서류\이광재 부장 서류\기존서류 2\출하\HEADER 성적서(1)\JA 12T(구냉매) 검사 성적서 (Rev.2)231208.pdf,07_품질,폴더(HEADER 성적서(1)),E:\SHINHWA\07_품질\2026\JA 12T(구냉매) 검사 성적서 (Rev.2)231208.pdf,163,2026-06-10,이미 있음(동일)
E:\기존 서류\이광재 부장 서류\기존서류 2\출하\HEADER 성적서(1)\JA 12T(구냉매) 검사 성적서 (Rev.2)231213.pdf,07_품질,폴더(HEADER 성적서(1)),E:\SHINHWA\07_품질\2026\JA 12T(구냉매) 검사 성적서 (Rev.2)231213.pdf,162,2026-06-10,이미 있음(동일)
E:\기존 서류\이광재 부장 서류\기존서류 2\출하\HEADER 성적서(1)\JA 12T(구냉매) 검사 성적서 (Rev.2)231214.pdf,07_품질,폴더(HEADER 성적서(1)),E:\SHINHWA\07_품질\2026\JA 12T(구냉매) 검사 성적서 (Rev.2)231214.pdf,162,2026-06-10,이미 있음(동일)
E:\기존 서류\이광재 부장 서류\기존서류 2\출하\HEADER 성적서(1)\JA 12T(구냉매) 검사 성적서 (Rev.2)23122.pdf,07_품질,폴더(HEADER 성적서(1)),E:\SHINHWA\07_품질\2026\JA 12T(구냉매) 검사 성적서 (Rev.2)23122.pdf,162,2026-06-10,이미 있음(동일)
E:\기존 서류\이광재 부장 서류\기존서류 2\출하\HEADER 성적서(1)\JA 12T(구냉매) 검사 성적서 (Rev.2)231223.pdf,07_품질,폴더(HEADER 성적서(1)),E:\SHINHWA\07_품질\2026\JA 12T(구냉매) 검사 성적서 (Rev.2)231223.pdf,162,2026-06-10,이미 있음(동일)
E:\기존 서류\이광재 부장 서류\기존서류 2\출하\HEADER 성적서(1)\JA 12T(구냉매) 검사 성적서 (Rev.2)231226.pdf,07_품질,폴더(HEADER 성적서(1)),E:\SHINHWA\07_품질\2026\JA 12T(구냉매) 검사 성적서 (Rev.2)231226.pdf,162,2026-06-10,이미 있음(동일)
E:\기존 서류\이광재 부장 서류\기존서류 2\출하\HEADER 성적서(1)\JA 12T(구냉매) 검사 성적서 (Rev.2)231227.pdf,07_품질,폴더(HEADER 성적서(1)),E:\SHINHWA\07_품질\2026\JA 12T(구냉매) 검사 성적서 (Rev.2)231227.pdf,162,2026-06-10,이미 있음(동일)
E:\기존 서류\이광재 부장 서류\기존서류 2\출하\HEADER 성적서(1)\JA 12T(구냉매) 검사 성적서 (Rev.2)231228.pdf,07_품질,폴더(HEADER 성적서(1)),E:\SHINHWA\07_품질\2026\JA 12T(구냉매) 검사 성적서 (Rev.2)231228.pdf,162,2026-06-10,이미 있음(동일)
E:\기존 서류\이광재 부장 서류\기존서류 2\출하\HEADER 성적서(1)\JA 12T(구냉매) 검사 성적서 (Rev.2)231229.pdf,07_품질,폴더(HEADER 성적서(1)),E:\SHINHWA\07_품질\2026\JA 12T(구냉매) 검사 성적서 (Rev.2)231229.pdf,162,2026-06-10,이미 있음(동일)
E:\기존 서류\이광재 부장 서류\기존서류 2\출하\HEADER 성적서(1)\JA 12T(신냉매) 검사 성적서 (Rev.2).pdf,07_품질,폴더(HEADER 성적서(1)),E:\SHINHWA\07_품질\2026\JA 12T(신냉매) 검사 성적서 (Rev.2).pdf,151,2026-06-10,이미 있음(동일)
E:\기존 서류\이광재 부장 서류\기존서류 2\출하\HEADER 성적서(1)\JA 12T(신냉매) 검사 성적서 (Rev.2)231201.pdf,07_품질,폴더(HEADER 성적서(1)),E:\SHINHWA\07_품질\2026\JA 12T(신냉매) 검사 성적서 (Rev.2)231201.pdf,151,2026-06-10,이미 있음(동일)
E:\기존 서류\이광재 부장 서류\기존서류 2\출하\HEADER 성적서(1)\JA 12T(신냉매) 검사 성적서 (Rev.2)231204.pdf,07_품질,폴더(HEADER 성적서(1)),E:\SHINHWA\07_품질\2026\JA 12T(신냉매) 검사 성적서 (Rev.2)231204.pdf,151,2026-06-10,이미 있음(동일)
E:\기존 서류\이광재 부장 서류\기존서류 2\출하\HEADER 성적서(1)\JA 12T(신냉매) 검사 성적서 (Rev.2)231205.pdf,07_품질,폴더(HEADER 성적서(1)),E:\SHINHWA\07_품질\2026\JA 12T(신냉매) 검사 성적서 (Rev.2)231205.pdf,151,2026-06-10,이미 있음(동일)
E:\기존 서류\이광재 부장 서류\기존서류 2\출하\HEADER 성적서(1)\JA 12T(신냉매) 검사 성적서 (Rev.2)231211-1.pdf,07_품질,폴더(HEADER 성적서(1)),E:\SHINHWA\07_품질\2026\JA 12T(신냉매) 검사 성적서 (Rev.2)231211-1.pdf,151,2026-06-10,이미 있음(동일)
E:\기존 서류\이광재 부장 서류\기존서류 2\출하\HEADER 성적서(1)\JA 12T(신냉매) 검사 성적서 (Rev.2)231212.pdf,07_품질,폴더(HEADER 성적서(1)),E:\SHINHWA\07_품질\2026\JA 12T(신냉매) 검사 성적서 (Rev.2)231212.pdf,151,2026-06-10,이미 있음(동일)
E:\기존 서류\이광재 부장 서류\기존서류 2\출하\HEADER 성적서(1)\JA 12T(신냉매) 검사 성적서 (Rev.2)231216.pdf,07_품질,폴더(HEADER 성적서(1)),E:\SHINHWA\07_품질\2026\JA 12T(신냉매) 검사 성적서 (Rev.2)231216.pdf,151,2026-06-10,이미 있음(동일)
E:\기존 서류\이광재 부장 서류\기존서류 2\출하\HEADER 성적서(1)\JX 20T 검사 성적서 (Rev.1)231220.pdf,07_품질,폴더(HEADER 성적서(1)),E:\SHINHWA\07_품질\2026\JX 20T 검사 성적서 (Rev.1)231220.pdf,130,2026-06-10,이미 있음(동일)
E:\기존 서류\이광재 부장 서류\기존서류 2\출하\HEADER 성적서(1)\JX 검사 성적서 (Rev.1)231215.pdf,07_품질,폴더(HEADER 성적서(1)),E:\SHINHWA\07_품질\2026\JX 검사 성적서 (Rev.1)231215.pdf,133,2026-06-10,이미 있음(동일)
E:\기존 서류\이광재 부장 서류\기존서류 2\출하\HEADER 성적서(1)\JX 검사 성적서 (Rev.1)231220.pdf,07_품질,폴더(HEADER 성적서(1)),E:\SHINHWA\07_품질\2026\JX 검사 성적서 (Rev.1)231220.pdf,133,2026-06-10,이미 있음(동일)
E:\기존 서류\이광재 부장 서류\기존서류 2\출하\HEADER 성적서(1)\P702 검사 성적서 (Rev.1)231208.pdf,07_품질,폴더(HEADER 성적서(1)),E:\SHINHWA\07_품질\2026\P702 검사 성적서 (Rev.1)231208.pdf,191,2026-06-10,이미 있음(동일)
E:\기존 서류\이광재 부장 서류\기존서류 2\출하\HEADER 성적서(1)\PDE 1.0T 카파개선(신냉매) 검사 성적서 (Rev.2).pdf,07_품질,폴더(HEADER 성적서(1)),E:\SHINHWA\07_품질\2026\PDE 1.0T 카파개선(신냉매) 검사 성적서 (Rev.2).pdf,150,2026-06-10,이미 있음(동일)
E:\기존 서류\이광재 부장 서류\기존서류 2\출하\HEADER 성적서(1)\PDE 1.0T 카파개선(신냉매) 검사 성적서 (Rev.2)231211-1.pdf,07_품질,폴더(HEADER 성적서(1)),E:\SHINHWA\07_품질\2026\PDE 1.0T 카파개선(신냉매) 검사 성적서 (Rev.2)231211-1.pdf,150,2026-06-10,이미 있음(동일)
E:\기존 서류\이광재 부장 서류\기존서류 2\출하\HEADER 성적서(1)\PDE 1.0T 카파개선(신냉매) 검사 성적서 (Rev.2)231211.pdf,07_품질,폴더(HEADER 성적서(1)),E:\SHINHWA\07_품질\2026\PDE 1.0T 카파개선(신냉매) 검사 성적서 (Rev.2)231211.pdf,150,2026-06-10,이미 있음(동일)
E:\기존 서류\이광재 부장 서류\기존서류 2\출하\HEADER 성적서(1)\PDE 1.0T 카파개선(신냉매) 검사 성적서 (Rev.2)231213.pdf,07_품질,폴더(HEADER 성적서(1)),E:\SHINHWA\07_품질\2026\PDE 1.0T 카파개선(신냉매) 검사 성적서 (Rev.2)231213.pdf,150,2026-06-10,이미 있음(동일)
E:\기존 서류\이광재 부장 서류\기존서류 2\출하\HEADER 성적서(1)\PDE 1.0T 카파개선(신냉매) 검사 성적서 (Rev.2)231226-1.pdf,07_품질,폴더(HEADER 성적서(1)),E:\SHINHWA\07_품질\2026\PDE 1.0T 카파개선(신냉매) 검사 성적서 (Rev.2)231226-1.pdf,150,2026-06-10,이미 있음(동일)
E:\기존 서류\이광재 부장 서류\기존서류 2\출하\HEADER 성적서(1)\PDE 1.0T 카파개선(신냉매) 검사 성적서 (Rev.2)231227.pdf,07_품질,폴더(HEADER 성적서(1)),E:\SHINHWA\07_품질\2026\PDE 1.0T 카파개선(신냉매) 검사 성적서 (Rev.2)231227.pdf,150,2026-06-10,이미 있음(동일)
E:\기존 서류\이광재 부장 서류\기존서류 2\출하\HEADER 성적서(1)\PDE 1.0T 카파개선(신냉매) 검사 성적서 (Rev.2)231228.pdf,07_품질,폴더(HEADER 성적서(1)),E:\SHINHWA\07_품질\2026\PDE 1.0T 카파개선(신냉매) 검사 성적서 (Rev.2)231228.pdf,150,2026-06-10,이미 있음(동일)
E:\기존 서류\이광재 부장 서류\기존서류 2\출하\HEADER 성적서(1)\PDEN PE DCT_MT(신냉매) 검사 성적서 (Rev.2)231215.pdf,07_품질,폴더(HEADER 성적서(1)),E:\SHINHWA\07_품질\2026\PDEN PE DCT_MT(신냉매) 검사 성적서 (Rev.2)231215.pdf,156,2026-06-10,이미 있음(동일)
E:\기존 서류\이광재 부장 서류\기존서류 2\출하\HEADER 성적서(1)\TAM (구냉매) 검사 성적서 (Rev.2)231219.pdf,07_품질,폴더(HEADER 성적서(1)),E:\SHINHWA\07_품질\2026\TAM (구냉매) 검사 성적서 (Rev.2)231219.pdf,163,2026-06-10,이미 있음(동일)
E:\기존 서류\이광재 부장 서류\기존서류 2\출하\HEADER 성적서(1)\TAM PE(신냉매) 검사 성적서 (Rev.2)231211.pdf,07_품질,폴더(HEADER 성적서(1)),E:\SHINHWA\07_품질\2026\TAM PE(신냉매) 검사 성적서 (Rev.2)231211.pdf,161,2026-06-10,이미 있음(동일)
E:\기존 서류\이광재 부장 서류\기존서류 2\출하\HEADER 성적서(1)\TAM PE(신냉매) 검사 성적서 (Rev.2)231216.pdf,07_품질,폴더(HEADER 성적서(1)),E:\SHINHWA\07_품질\2026\TAM PE(신냉매) 검사 성적서 (Rev.2)231216.pdf,161,2026-06-10,이미 있음(동일)
E:\기존 서류\이광재 부장 서류\기존서류 2\출하\HEADER 성적서(1)\TAM PE(신냉매) 검사 성적서 (Rev.2)231222.pdf,07_품질,폴더(HEADER 성적서(1)),E:\SHINHWA\07_품질\2026\TAM PE(신냉매) 검사 성적서 (Rev.2)231222.pdf,161,2026-06-10,이미 있음(동일)
E:\기존 서류\이광재 부장 서류\기존서류 2\출하\HEADER 성적서(1)\TAM PE(신냉매) 검사 성적서 (Rev.2)231229.pdf,07_품질,폴더(HEADER 성적서(1)),E:\SHINHWA\07_품질\2026\TAM PE(신냉매) 검사 성적서 (Rev.2)231229.pdf,161,2026-06-10,이미 있음(동일)
E:\기존 서류\이광재 부장 서류\기존서류 2\출하\HEADER 성적서(1)\TLE 검사 성적서 (Rev.1)231205.pdf,07_품질,폴더(HEADER 성적서(1)),E:\SHINHWA\07_품질\2026\TLE 검사 성적서 (Rev.1)231205.pdf,145,2026-06-10,이미 있음(동일)
E:\기존 서류\이광재 부장 서류\기존서류 2\출하\HEADER 성적서(1)\U502 GTDI BB 831 231206.pdf,07_품질,폴더(HEADER 성적서(1)),E:\SHINHWA\07_품질\2026\U502 GTDI BB 831 231206.pdf,116,2026-06-10,이미 있음(동일)
E:\기존 서류\이광재 부장 서류\기존서류 2\출하\HEADER 성적서(1)\US4 검사 성적서 (Rev.1)231208.pdf,07_품질,폴더(HEADER 성적서(1)),E:\SHINHWA\07_품질\2026\US4 검사 성적서 (Rev.1)231208.pdf,134,2026-06-10,이미 있음(동일)
E:\기존 서류\이광재 부장 서류\기존서류 2\출하\HEADER 성적서(1)\YF13MY 검사 성적서 (Rev.2)231213.pdf,07_품질,폴더(HEADER 성적서(1)),E:\SHINHWA\07_품질\2026\YF13MY 검사 성적서 (Rev.2)231213.pdf,149,2026-06-10,이미 있음(동일)
E:\기존 서류\이광재 부장 서류\기존서류 2\출하\HEADER 성적서\BD GSL(구냉매) 검사 성적서 (Rev.2)231206.pdf,07_품질,폴더(HEADER 성적서),E:\SHINHWA\07_품질\2026\BD GSL(구냉매) 검사 성적서 (Rev.2)231206.pdf,150,2026-06-10,이미 있음(동일)
E:\기존 서류\이광재 부장 서류\기존서류 2\출하\HEADER 성적서\BD GSL(구냉매) 검사 성적서 (Rev.2)231207-1.pdf,07_품질,폴더(HEADER 성적서),E:\SHINHWA\07_품질\2026\BD GSL(구냉매) 검사 성적서 (Rev.2)231207-1.pdf,150,2026-06-10,이미 있음(동일)
E:\기존 서류\이광재 부장 서류\기존서류 2\출하\HEADER 성적서\BD GSL(구냉매) 검사 성적서 (Rev.2)231207.pdf,07_품질,폴더(HEADER 성적서),E:\SHINHWA\07_품질\2026\BD GSL(구냉매) 검사 성적서 (Rev.2)231207.pdf,150,2026-06-10,이미 있음(동일)
E:\기존 서류\이광재 부장 서류\기존서류 2\출하\HEADER 성적서\BD GSL(구냉매) 검사 성적서 (Rev.2)231212-1.pdf,07_품질,폴더(HEADER 성적서),E:\SHINHWA\07_품질\2026\BD GSL(구냉매) 검사 성적서 (Rev.2)231212-1.pdf,150,2026-06-10,이미 있음(동일)
E:\기존 서류\이광재 부장 서류\기존서류 2\출하\HEADER 성적서\BD GSL(구냉매) 검사 성적서 (Rev.2)231212.pdf,07_품질,폴더(HEADER 성적서),E:\SHINHWA\07_품질\2026\BD GSL(구냉매) 검사 성적서 (Rev.2)231212.pdf,150,2026-06-10,이미 있음(동일)
E:\기존 서류\이광재 부장 서류\기존서류 2\출하\HEADER 성적서\BD GSL(구냉매) 검사 성적서 (Rev.2)231216.pdf,07_품질,폴더(HEADER 성적서),E:\SHINHWA\07_품질\2026\BD GSL(구냉매) 검사 성적서 (Rev.2)231216.pdf,150,2026-06-10,이미 있음(동일)
E:\기존 서류\이광재 부장 서류\기존서류 2\출하\HEADER 성적서\BD GSL(구냉매) 검사 성적서 (Rev.2)231218.pdf,07_품질,폴더(HEADER 성적서),E:\SHINHWA\07_품질\2026\BD GSL(구냉매) 검사 성적서 (Rev.2)231218.pdf,150,2026-06-10,이미 있음(동일)
E:\기존 서류\이광재 부장 서류\기존서류 2\출하\HEADER 성적서\BD RHD OUT 231213.pdf,07_품질,폴더(HEADER 성적서),E:\SHINHWA\07_품질\2026\BD RHD OUT 231213.pdf,121,2026-06-10,이미 있음(동일)
E:\기존 서류\이광재 부장 서류\기존서류 2\출하\HEADER 성적서\BDm GSL(SEAL WASHER) 검사 성적서 (Rev.1)231201.pdf,07_품질,폴더(HEADER 성적서),E:\SHINHWA\07_품질\2026\BDm GSL(SEAL WASHER) 검사 성적서 (Rev.1)231201.pdf,143,2026-06-10,이미 있음(동일)
E:\기존 서류\이광재 부장 서류\기존서류 2\출하\HEADER 성적서\BDm GSL(SEAL WASHER) 검사 성적서 (Rev.1)231204.pdf,07_품질,폴더(HEADER 성적서),E:\SHINHWA\07_품질\2026\BDm GSL(SEAL WASHER) 검사 성적서 (Rev.1)231204.pdf,143,2026-06-10,이미 있음(동일)
E:\기존 서류\이광재 부장 서류\기존서류 2\출하\HEADER 성적서\BDm GSL(SEAL WASHER) 검사 성적서 (Rev.1)231205-1.pdf,07_품질,폴더(HEADER 성적서),E:\SHINHWA\07_품질\2026\BDm GSL(SEAL WASHER) 검사 성적서 (Rev.1)231205-1.pdf,143,2026-06-10,이미 있음(동일)
E:\기존 서류\이광재 부장 서류\기존서류 2\출하\HEADER 성적서\BDm GSL(SEAL WASHER) 검사 성적서 (Rev.1)231205.pdf,07_품질,폴더(HEADER 성적서),E:\SHINHWA\07_품질\2026\BDm GSL(SEAL WASHER) 검사 성적서 (Rev.1)231205.pdf,143,2026-06-10,이미 있음(동일)
E:\기존 서류\이광재 부장 서류\기존서류 2\출하\HEADER 성적서\BDm GSL(SEAL WASHER) 검사 성적서 (Rev.1)231207.pdf,07_품질,폴더(HEADER 성적서),E:\SHINHWA\07_품질\2026\BDm GSL(SEAL WASHER) 검사 성적서 (Rev.1)231207.pdf,143,2026-06-10,이미 있음(동일)
E:\기존 서류\이광재 부장 서류\기존서류 2\출하\HEADER 성적서\BDm GSL(SEAL WASHER) 검사 성적서 (Rev.1)231211.pdf,07_품질,폴더(HEADER 성적서),E:\SHINHWA\07_품질\2026\BDm GSL(SEAL WASHER) 검사 성적서 (Rev.1)231211.pdf,143,2026-06-10,이미 있음(동일)
E:\기존 서류\이광재 부장 서류\기존서류 2\출하\HEADER 성적서\BDm GSL(SEAL WASHER) 검사 성적서 (Rev.1)231212.pdf,07_품질,폴더(HEADER 성적서),E:\SHINHWA\07_품질\2026\BDm GSL(SEAL WASHER) 검사 성적서 (Rev.1)231212.pdf,143,2026-06-10,이미 있음(동일)
E:\기존 서류\이광재 부장 서류\기존서류 2\출하\HEADER 성적서\BDm GSL(SEAL WASHER) 검사 성적서 (Rev.1)231213.pdf,07_품질,폴더(HEADER 성적서),E:\SHINHWA\07_품질\2026\BDm GSL(SEAL WASHER) 검사 성적서 (Rev.1)231213.pdf,143,2026-06-10,이미 있음(동일)
E:\기존 서류\이광재 부장 서류\기존서류 2\출하\HEADER 성적서\BDm GSL(SEAL WASHER) 검사 성적서 (Rev.1)231214.pdf,07_품질,폴더(HEADER 성적서),E:\SHINHWA\07_품질\2026\BDm GSL(SEAL WASHER) 검사 성적서 (Rev.1)231214.pdf,143,2026-06-10,이미 있음(동일)
E:\기존 서류\이광재 부장 서류\기존서류 2\출하\HEADER 성적서\BDm GSL(SEAL WASHER) 검사 성적서 (Rev.1)231218.pdf,07_품질,폴더(HEADER 성적서),E:\SHINHWA\07_품질\2026\BDm GSL(SEAL WASHER) 검사 성적서 (Rev.1)231218.pdf,143,2026-06-10,이미 있음(동일)
E:\기존 서류\이광재 부장 서류\기존서류 2\출하\HEADER 성적서\BDm GSL(SEAL WASHER) 검사 성적서 (Rev.1)231219.pdf,07_품질,폴더(HEADER 성적서),E:\SHINHWA\07_품질\2026\BDm GSL(SEAL WASHER) 검사 성적서 (Rev.1)231219.pdf,143,2026-06-10,이미 있음(동일)
E:\기존 서류\이광재 부장 서류\기존서류 2\출하\HEADER 성적서\BDm GSL(SEAL WASHER) 검사 성적서 (Rev.1)231220.pdf,07_품질,폴더(HEADER 성적서),E:\SHINHWA\07_품질\2026\BDm GSL(SEAL WASHER) 검사 성적서 (Rev.1)231220.pdf,143,2026-06-10,이미 있음(동일)
E:\기존 서류\이광재 부장 서류\기존서류 2\출하\HEADER 성적서\BDm GSL(SEAL WASHER) 검사 성적서 (Rev.1)231222.pdf,07_품질,폴더(HEADER 성적서),E:\SHINHWA\07_품질\2026\BDm GSL(SEAL WASHER) 검사 성적서 (Rev.1)231222.pdf,143,2026-06-10,이미 있음(동일)
E:\기존 서류\이광재 부장 서류\기존서류 2\출하\HEADER 성적서\BDm GSL(SEAL WASHER) 검사 성적서 (Rev.1)231226.pdf,07_품질,폴더(HEADER 성적서),E:\SHINHWA\07_품질\2026\BDm GSL(SEAL WASHER) 검사 성적서 (Rev.1)231226.pdf,143,2026-06-10,이미 있음(동일)
E:\기존 서류\이광재 부장 서류\기존서류 2\출하\HEADER 성적서\BDm TGDI(SEAL WASHER) 검사 성적서 (Rev.1)231208.pdf,07_품질,폴더(HEADER 성적서),E:\SHINHWA\07_품질\2026\BDm TGDI(SEAL WASHER) 검사 성적서 (Rev.1)231208.pdf,142,2026-06-10,이미 있음(동일)
E:\기존 서류\이광재 부장 서류\기존서류 2\출하\HEADER 성적서\BDm TGDI(SEAL WASHER) 검사 성적서 (Rev.1)231220.pdf,07_품질,폴더(HEADER 성적서),E:\SHINHWA\07_품질\2026\BDm TGDI(SEAL WASHER) 검사 성적서 (Rev.1)231220.pdf,142,2026-06-10,이미 있음(동일)
E:\기존 서류\이광재 부장 서류\기존서류 2\출하\HEADER 성적서\CD DSL(구냉매) 검사 성적서 (Rev.2)231208-1.pdf,07_품질,폴더(HEADER 성적서),E:\SHINHWA\07_품질\2026\CD DSL(구냉매) 검사 성적서 (Rev.2)231208-1.pdf,165,2026-06-10,이미 있음(동일)
E:\기존 서류\이광재 부장 서류\기존서류 2\출하\HEADER 성적서\CD GSL(신냉매) 검사 성적서 (Rev.2)231221.pdf,07_품질,폴더(HEADER 성적서),E:\SHINHWA\07_품질\2026\CD GSL(신냉매) 검사 성적서 (Rev.2)231221.pdf,158,2026-06-10,이미 있음(동일)
E:\기존 서류\이광재 부장 서류\기존서류 2\출하\HEADER 성적서\CD GSL(신냉매) 검사 성적서 (Rev.2)231222-1.pdf,07_품질,폴더(HEADER 성적서),E:\SHINHWA\07_품질\2026\CD GSL(신냉매) 검사 성적서 (Rev.2)231222-1.pdf,158,2026-06-10,이미 있음(동일)
E:\기존 서류\이광재 부장 서류\기존서류 2\출하\HEADER 성적서\CD GSL(신냉매) 검사 성적서 (Rev.2)231222.pdf,07_품질,폴더(HEADER 성적서),E:\SHINHWA\07_품질\2026\CD GSL(신냉매) 검사 성적서 (Rev.2)231222.pdf,158,2026-06-10,이미 있음(동일)
E:\기존 서류\이광재 부장 서류\기존서류 2\출하\HEADER 성적서\CD TGDI(신냉매) 검사 성적서 (Rev.2)231201.pdf,07_품질,폴더(HEADER 성적서),E:\SHINHWA\07_품질\2026\CD TGDI(신냉매) 검사 성적서 (Rev.2)231201.pdf,165,2026-06-10,이미 있음(동일)
E:\기존 서류\이광재 부장 서류\기존서류 2\출하\HEADER 성적서\CD TGDI(신냉매) 검사 성적서 (Rev.2)231204.pdf,07_품질,폴더(HEADER 성적서),E:\SHINHWA\07_품질\2026\CD TGDI(신냉매) 검사 성적서 (Rev.2)231204.pdf,165,2026-06-10,이미 있음(동일)
E:\기존 서류\이광재 부장 서류\기존서류 2\출하\HEADER 성적서\CD TGDI(신냉매) 검사 성적서 (Rev.2)231205.pdf,07_품질,폴더(HEADER 성적서),E:\SHINHWA\07_품질\2026\CD TGDI(신냉매) 검사 성적서 (Rev.2)231205.pdf,165,2026-06-10,이미 있음(동일)
E:\기존 서류\이광재 부장 서류\기존서류 2\출하\HEADER 성적서\CD TGDI(신냉매) 검사 성적서 (Rev.2)231207.pdf,07_품질,폴더(HEADER 성적서),E:\SHINHWA\07_품질\2026\CD TGDI(신냉매) 검사 성적서 (Rev.2)231207.pdf,165,2026-06-10,이미 있음(동일)
E:\기존 서류\이광재 부장 서류\기존서류 2\출하\HEADER 성적서\CD TGDI(신냉매) 검사 성적서 (Rev.2)231220.pdf,07_품질,폴더(HEADER 성적서),E:\SHINHWA\07_품질\2026\CD TGDI(신냉매) 검사 성적서 (Rev.2)231220.pdf,165,2026-06-10,이미 있음(동일)
E:\기존 서류\이광재 부장 서류\기존서류 2\출하\HEADER 성적서\CD TGDI(신냉매) 검사 성적서 (Rev.2)231221.pdf,07_품질,폴더(HEADER 성적서),E:\SHINHWA\07_품질\2026\CD TGDI(신냉매) 검사 성적서 (Rev.2)231221.pdf,165,2026-06-10,이미 있음(동일)
E:\기존 서류\이광재 부장 서류\기존서류 2\출하\HEADER 성적서\CD TGDI(신냉매) 검사 성적서 (Rev.2)231222.pdf,07_품질,폴더(HEADER 성적서),E:\SHINHWA\07_품질\2026\CD TGDI(신냉매) 검사 성적서 (Rev.2)231222.pdf,165,2026-06-10,이미 있음(동일)
E:\기존 서류\이광재 부장 서류\기존서류 2\출하\HEADER 성적서\CD TGDI(신냉매) 검사 성적서 (Rev.2)231223.pdf,07_품질,폴더(HEADER 성적서),E:\SHINHWA\07_품질\2026\CD TGDI(신냉매) 검사 성적서 (Rev.2)231223.pdf,165,2026-06-10,이미 있음(동일)
E:\기존 서류\이광재 부장 서류\기존서류 2\출하\HEADER 성적서\CD TGDI(신냉매) 검사 성적서 (Rev.2)231226.pdf,07_품질,폴더(HEADER 성적서),E:\SHINHWA\07_품질\2026\CD TGDI(신냉매) 검사 성적서 (Rev.2)231226.pdf,165,2026-06-10,이미 있음(동일)
E:\기존 서류\이광재 부장 서류\기존서류 2\출하\HEADER 성적서\CD TGDI(신냉매) 검사 성적서 (Rev.2)231229-1.pdf,07_품질,폴더(HEADER 성적서),E:\SHINHWA\07_품질\2026\CD TGDI(신냉매) 검사 성적서 (Rev.2)231229-1.pdf,165,2026-06-10,이미 있음(동일)
E:\기존 서류\이광재 부장 서류\기존서류 2\출하\HEADER 성적서\CD TGDI(신냉매) 검사 성적서 (Rev.2)231229.pdf,07_품질,폴더(HEADER 성적서),E:\SHINHWA\07_품질\2026\CD TGDI(신냉매) 검사 성적서 (Rev.2)231229.pdf,165,2026-06-10,이미 있음(동일)
E:\기존 서류\이광재 부장 서류\기존서류 2\출하\HEADER 성적서\CN7 (구냉매) 검사 성적서 (Rev.3)231212.pdf,07_품질,폴더(HEADER 성적서),E:\SHINHWA\07_품질\2026\CN7 (구냉매) 검사 성적서 (Rev.3)231212.pdf,177,2026-06-10,이미 있음(동일)
E:\기존 서류\이광재 부장 서류\기존서류 2\출하\HEADER 성적서\CN7 (구냉매) 검사 성적서 (Rev.3)231213.pdf,07_품질,폴더(HEADER 성적서),E:\SHINHWA\07_품질\2026\CN7 (구냉매) 검사 성적서 (Rev.3)231213.pdf,177,2026-06-10,이미 있음(동일)
E:\기존 서류\이광재 부장 서류\기존서류 2\출하\HEADER 성적서\CN7 (구냉매) 검사 성적서 (Rev.3)231218.pdf,07_품질,폴더(HEADER 성적서),E:\SHINHWA\07_품질\2026\CN7 (구냉매) 검사 성적서 (Rev.3)231218.pdf,177,2026-06-10,이미 있음(동일)
E:\기존 서류\이광재 부장 서류\기존서류 2\출하\HEADER 성적서\CN7 (구냉매) 검사 성적서 (Rev.3)231219.pdf,07_품질,폴더(HEADER 성적서),E:\SHINHWA\07_품질\2026\CN7 (구냉매) 검사 성적서 (Rev.3)231219.pdf,177,2026-06-10,이미 있음(동일)
E:\기존 서류\이광재 부장 서류\기존서류 2\출하\HEADER 성적서\CN7 (구냉매) 검사 성적서 (Rev.3)231220.pdf,07_품질,폴더(HEADER 성적서),E:\SHINHWA\07_품질\2026\CN7 (구냉매) 검사 성적서 (Rev.3)231220.pdf,177,2026-06-10,이미 있음(동일)
E:\기존 서류\이광재 부장 서류\기존서류 2\출하\HEADER 성적서\CN7 (신냉매) 검사 성적서 (Rev.3)231204-1.pdf,07_품질,폴더(HEADER 성적서),E:\SHINHWA\07_품질\2026\CN7 (신냉매) 검사 성적서 (Rev.3)231204-1.pdf,186,2026-06-10,이미 있음(동일)
E:\기존 서류\이광재 부장 서류\기존서류 2\출하\HEADER 성적서\CN7 (신냉매) 검사 성적서 (Rev.3)231204.pdf,07_품질,폴더(HEADER 성적서),E:\SHINHWA\07_품질\2026\CN7 (신냉매) 검사 성적서 (Rev.3)231204.pdf,186,2026-06-10,이미 있음(동일)
E:\기존 서류\이광재 부장 서류\기존서류 2\출하\HEADER 성적서\CN7 (신냉매) 검사 성적서 (Rev.3)231205.pdf,07_품질,폴더(HEADER 성적서),E:\SHINHWA\07_품질\2026\CN7 (신냉매) 검사 성적서 (Rev.3)231205.pdf,186,2026-06-10,이미 있음(동일)
E:\기존 서류\이광재 부장 서류\기존서류 2\출하\HEADER 성적서\CN7 (신냉매) 검사 성적서 (Rev.3)231207.pdf,07_품질,폴더(HEADER 성적서),E:\SHINHWA\07_품질\2026\CN7 (신냉매) 검사 성적서 (Rev.3)231207.pdf,186,2026-06-10,이미 있음(동일)
E:\기존 서류\이광재 부장 서류\기존서류 2\출하\HEADER 성적서\CN7 (신냉매) 검사 성적서 (Rev.3)231208-1.pdf,07_품질,폴더(HEADER 성적서),E:\SHINHWA\07_품질\2026\CN7 (신냉매) 검사 성적서 (Rev.3)231208-1.pdf,186,2026-06-10,이미 있음(동일)
E:\기존 서류\이광재 부장 서류\기존서류 2\출하\HEADER 성적서\CN7 (신냉매) 검사 성적서 (Rev.3)231208.pdf,07_품질,폴더(HEADER 성적서),E:\SHINHWA\07_품질\2026\CN7 (신냉매) 검사 성적서 (Rev.3)231208.pdf,186,2026-06-10,이미 있음(동일)
E:\기존 서류\이광재 부장 서류\기존서류 2\출하\HEADER 성적서\CN7 (신냉매) 검사 성적서 (Rev.3)231211.pdf,07_품질,폴더(HEADER 성적서),E:\SHINHWA\07_품질\2026\CN7 (신냉매) 검사 성적서 (Rev.3)231211.pdf,186,2026-06-10,이미 있음(동일)
E:\기존 서류\이광재 부장 서류\기존서류 2\출하\HEADER 성적서\CN7 (신냉매) 검사 성적서 (Rev.3)231214.pdf,07_품질,폴더(HEADER 성적서),E:\SHINHWA\07_품질\2026\CN7 (신냉매) 검사 성적서 (Rev.3)231214.pdf,186,2026-06-10,이미 있음(동일)
E:\기존 서류\이광재 부장 서류\기존서류 2\출하\HEADER 성적서\CN7 (신냉매) 검사 성적서 (Rev.3)231218.pdf,07_품질,폴더(HEADER 성적서),E:\SHINHWA\07_품질\2026\CN7 (신냉매) 검사 성적서 (Rev.3)231218.pdf,186,2026-06-10,이미 있음(동일)
E:\기존 서류\이광재 부장 서류\기존서류 2\출하\HEADER 성적서\CN7 (신냉매) 검사 성적서 (Rev.3)231220.pdf,07_품질,폴더(HEADER 성적서),E:\SHINHWA\07_품질\2026\CN7 (신냉매) 검사 성적서 (Rev.3)231220.pdf,186,2026-06-10,이미 있음(동일)
E:\기존 서류\이광재 부장 서류\기존서류 2\출하\HEADER 성적서\CN7 (신냉매) 검사 성적서 (Rev.3)231221.pdf,07_품질,폴더(HEADER 성적서),E:\SHINHWA\07_품질\2026\CN7 (신냉매) 검사 성적서 (Rev.3)231221.pdf,186,2026-06-10,이미 있음(동일)
E:\기존 서류\이광재 부장 서류\기존서류 2\출하\HEADER 성적서\CN7 (신냉매) 검사 성적서 (Rev.3)231222.pdf,07_품질,폴더(HEADER 성적서),E:\SHINHWA\07_품질\2026\CN7 (신냉매) 검사 성적서 (Rev.3)231222.pdf,189,2026-06-10,이미 있음(동일)
E:\기존 서류\이광재 부장 서류\기존서류 2\출하\HEADER 성적서\CN7 N 검사성적서(Rev.1)231218.pdf,07_품질,폴더(HEADER 성적서),E:\SHINHWA\07_품질\2026\CN7 N 검사성적서(Rev.1)231218.pdf,149,2026-06-10,이미 있음(동일)
E:\기존 서류\이광재 부장 서류\기존서류 2\출하\HEADER 성적서\DN8 HEV (구냉매) 검사 성적서 (Rev.2)231204.pdf,07_품질,폴더(HEADER 성적서),E:\SHINHWA\07_품질\2026\DN8 HEV (구냉매) 검사 성적서 (Rev.2)231204.pdf,178,2026-06-10,이미 있음(동일)
E:\기존 서류\이광재 부장 서류\기존서류 2\출하\HEADER 성적서\DN8 HEV (구냉매) 검사 성적서 (Rev.2)231205.pdf,07_품질,폴더(HEADER 성적서),E:\SHINHWA\07_품질\2026\DN8 HEV (구냉매) 검사 성적서 (Rev.2)231205.pdf,178,2026-06-10,이미 있음(동일)
E:\기존 서류\이광재 부장 서류\기존서류 2\출하\HEADER 성적서\DN8 HEV (구냉매) 검사 성적서 (Rev.2)231214.pdf,07_품질,폴더(HEADER 성적서),E:\SHINHWA\07_품질\2026\DN8 HEV (구냉매) 검사 성적서 (Rev.2)231214.pdf,178,2026-06-10,이미 있음(동일)
E:\기존 서류\이광재 부장 서류\기존서류 2\출하\HEADER 성적서\DN8 HEV (구냉매) 검사 성적서 (Rev.2)231215.pdf,07_품질,폴더(HEADER 성적서),E:\SHINHWA\07_품질\2026\DN8 HEV (구냉매) 검사 성적서 (Rev.2)231215.pdf,178,2026-06-10,이미 있음(동일)
E:\기존 서류\이광재 부장 서류\기존서류 2\출하\HEADER 성적서\DN8 HEV (구냉매) 검사 성적서 (Rev.2)231221.pdf,07_품질,폴더(HEADER 성적서),E:\SHINHWA\07_품질\2026\DN8 HEV (구냉매) 검사 성적서 (Rev.2)231221.pdf,179,2026-06-10,이미 있음(동일)
E:\기존 서류\이광재 부장 서류\기존서류 2\출하\HEADER 성적서\DN8 HEV (구냉매) 검사 성적서 (Rev.2)231222.pdf,07_품질,폴더(HEADER 성적서),E:\SHINHWA\07_품질\2026\DN8 HEV (구냉매) 검사 성적서 (Rev.2)231222.pdf,179,2026-06-10,이미 있음(동일)
E:\기존 서류\이광재 부장 서류\기존서류 2\출하\HEADER 성적서\DN8 HEV (구냉매) 검사 성적서 (Rev.2)231223.pdf,07_품질,폴더(HEADER 성적서),E:\SHINHWA\07_품질\2026\DN8 HEV (구냉매) 검사 성적서 (Rev.2)231223.pdf,178,2026-06-10,이미 있음(동일)
E:\기존 서류\이광재 부장 서류\기존서류 2\출하\HEADER 성적서\DN8 HEV (구냉매) 검사 성적서 (Rev.2)231228-1.pdf,07_품질,폴더(HEADER 성적서),E:\SHINHWA\07_품질\2026\DN8 HEV (구냉매) 검사 성적서 (Rev.2)231228-1.pdf,179,2026-06-10,이미 있음(동일)
E:\기존 서류\이광재 부장 서류\기존서류 2\출하\HEADER 성적서\DN8 HEV (구냉매) 검사 성적서 (Rev.2)231228.pdf,07_품질,폴더(HEADER 성적서),E:\SHINHWA\07_품질\2026\DN8 HEV (구냉매) 검사 성적서 (Rev.2)231228.pdf,178,2026-06-10,이미 있음(동일)
E:\기존 서류\이광재 부장 서류\기존서류 2\출하\HEADER 성적서\DN8 N (신냉매) 검사 성적서 (Rev.2)231212.pdf,07_품질,폴더(HEADER 성적서),E:\SHINHWA\07_품질\2026\DN8 N (신냉매) 검사 성적서 (Rev.2)231212.pdf,174,2026-06-10,이미 있음(동일)
E:\기존 서류\이광재 부장 서류\기존서류 2\출하\HEADER 성적서\DN8 N (신냉매) 검사 성적서 (Rev.2)231228.pdf,07_품질,폴더(HEADER 성적서),E:\SHINHWA\07_품질\2026\DN8 N (신냉매) 검사 성적서 (Rev.2)231228.pdf,174,2026-06-10,이미 있음(동일)
E:\기존 서류\이광재 부장 서류\기존서류 2\출하\HEADER 성적서\GN7(핀有) 검사 성적서 (Rev.1)231222.pdf,07_품질,폴더(HEADER 성적서),E:\SHINHWA\07_품질\2026\GN7(핀有) 검사 성적서 (Rev.1)231222.pdf,189,2026-06-10,이미 있음(동일)
E:\기존 서류\이광재 부장 서류\기존서류 2\출하\HEADER 성적서\GN7(핀有) 검사 성적서 (Rev.1)231223.pdf,07_품질,폴더(HEADER 성적서),E:\SHINHWA\07_품질\2026\GN7(핀有) 검사 성적서 (Rev.1)231223.pdf,189,2026-06-10,이미 있음(동일)
E:\기존 서류\이광재 부장 서류\기존서류 2\출하\HEADER 성적서\GN7(핀有) 검사 성적서 (Rev.1)231226.pdf,07_품질,폴더(HEADER 성적서),E:\SHINHWA\07_품질\2026\GN7(핀有) 검사 성적서 (Rev.1)231226.pdf,189,2026-06-10,이미 있음(동일)
E:\기존 서류\이광재 부장 서류\기존서류 2\출하\HEADER 성적서\GN7(핀有) 검사 성적서 (Rev.1)231227.pdf,07_품질,폴더(HEADER 성적서),E:\SHINHWA\07_품질\2026\GN7(핀有) 검사 성적서 (Rev.1)231227.pdf,189,2026-06-10,이미 있음(동일)
E:\기존 서류\이광재 부장 서류\기존서류 2\출하\HEADER 성적서\GN7(핀有) 검사 성적서 (Rev.1)231228.pdf,07_품질,폴더(HEADER 성적서),E:\SHINHWA\07_품질\2026\GN7(핀有) 검사 성적서 (Rev.1)231228.pdf,189,2026-06-10,이미 있음(동일)
E:\기존 서류\이광재 부장 서류\기존서류 2\출하\HEADER 성적서\GN7(핀有) 검사 성적서 (Rev.1)231229.pdf,07_품질,폴더(HEADER 성적서),E:\SHINHWA\07_품질\2026\GN7(핀有) 검사 성적서 (Rev.1)231229.pdf,189,2026-06-10,이미 있음(동일)
E:\기존 서류\이광재 부장 서류\기존서류 2\출하\HEADER 성적서\GN7(핀無) 검사 성적서 (Rev.1)231205.pdf,07_품질,폴더(HEADER 성적서),E:\SHINHWA\07_품질\2026\GN7(핀無) 검사 성적서 (Rev.1)231205.pdf,165,2026-06-10,이미 있음(동일)
E:\기존 서류\이광재 부장 서류\기존서류 2\출하\HEADER 성적서\GN7(핀無) 검사 성적서 (Rev.1)231208.pdf,07_품질,폴더(HEADER 성적서),E:\SHINHWA\07_품질\2026\GN7(핀無) 검사 성적서 (Rev.1)231208.pdf,165,2026-06-10,이미 있음(동일)
E:\기존 서류\이광재 부장 서류\기존서류 2\출하\HEADER 성적서\GN7(핀無) 검사 성적서 (Rev.1)231211.pdf,07_품질,폴더(HEADER 성적서),E:\SHINHWA\07_품질\2026\GN7(핀無) 검사 성적서 (Rev.1)231211.pdf,165,2026-06-10,이미 있음(동일)
E:\기존 서류\이광재 부장 서류\기존서류 2\출하\HEADER 성적서\GN7(핀無) 검사 성적서 (Rev.1)231212.pdf,07_품질,폴더(HEADER 성적서),E:\SHINHWA\07_품질\2026\GN7(핀無) 검사 성적서 (Rev.1)231212.pdf,165,2026-06-10,이미 있음(동일)
E:\기존 서류\이광재 부장 서류\기존서류 2\출하\HEADER 성적서\GN7(핀無) 검사 성적서 (Rev.1)231213-1.pdf,07_품질,폴더(HEADER 성적서),E:\SHINHWA\07_품질\2026\GN7(핀無) 검사 성적서 (Rev.1)231213-1.pdf,165,2026-06-10,이미 있음(동일)
E:\기존 서류\이광재 부장 서류\기존서류 2\출하\HEADER 성적서\GN7(핀無) 검사 성적서 (Rev.1)231213.pdf,07_품질,폴더(HEADER 성적서),E:\SHINHWA\07_품질\2026\GN7(핀無) 검사 성적서 (Rev.1)231213.pdf,165,2026-06-10,이미 있음(동일)
E:\기존 서류\이광재 부장 서류\기존서류 2\출하\HEADER 성적서\GN7(핀無) 검사 성적서 (Rev.1)231214.pdf,07_품질,폴더(HEADER 성적서),E:\SHINHWA\07_품질\2026\GN7(핀無) 검사 성적서 (Rev.1)231214.pdf,165,2026-06-10,이미 있음(동일)
E:\기존 서류\이광재 부장 서류\기존서류 2\출하\HEADER 성적서\GN7(핀無) 검사 성적서 (Rev.1)231215.pdf,07_품질,폴더(HEADER 성적서),E:\SHINHWA\07_품질\2026\GN7(핀無) 검사 성적서 (Rev.1)231215.pdf,165,2026-06-10,이미 있음(동일)
E:\기존 서류\이광재 부장 서류\기존서류 2\출하\HEADER 성적서\GN7(핀無) 검사 성적서 (Rev.1)231216.pdf,07_품질,폴더(HEADER 성적서),E:\SHINHWA\07_품질\2026\GN7(핀無) 검사 성적서 (Rev.1)231216.pdf,165,2026-06-10,이미 있음(동일)
E:\기존 서류\이광재 부장 서류\기존서류 2\출하\HEADER 성적서\GN7(핀無) 검사 성적서 (Rev.1)231218-1.pdf,07_품질,폴더(HEADER 성적서),E:\SHINHWA\07_품질\2026\GN7(핀無) 검사 성적서 (Rev.1)231218-1.pdf,165,2026-06-10,이미 있음(동일)
E:\기존 서류\이광재 부장 서류\기존서류 2\출하\HEADER 성적서\GN7(핀無) 검사 성적서 (Rev.1)231218.pdf,07_품질,폴더(HEADER 성적서),E:\SHINHWA\07_품질\2026\GN7(핀無) 검사 성적서 (Rev.1)231218.pdf,165,2026-06-10,이미 있음(동일)
E:\기존 서류\이광재 부장 서류\기존서류 2\출하\HEADER 성적서\GN7(핀無) 검사 성적서 (Rev.1)231219.pdf,07_품질,폴더(HEADER 성적서),E:\SHINHWA\07_품질\2026\GN7(핀無) 검사 성적서 (Rev.1)231219.pdf,165,2026-06-10,이미 있음(동일)
E:\기존 서류\이광재 부장 서류\기존서류 2\출하\HEADER 성적서\GN7(핀無) 검사 성적서 (Rev.1)231226.pdf,07_품질,폴더(HEADER 성적서),E:\SHINHWA\07_품질\2026\GN7(핀無) 검사 성적서 (Rev.1)231226.pdf,165,2026-06-10,이미 있음(동일)
E:\기존 서류\이광재 부장 서류\기존서류 2\출하\HEADER 성적서\JA 12T(구냉매) 검사 성적서 (Rev.2)231206.pdf,07_품질,폴더(HEADER 성적서),E:\SHINHWA\07_품질\2026\JA 12T(구냉매) 검사 성적서 (Rev.2)231206.pdf,162,2026-06-10,이미 있음(동일)
E:\기존 서류\이광재 부장 서류\기존서류 2\출하\HEADER 성적서\JA 12T(구냉매) 검사 성적서 (Rev.2)231208-1.pdf,07_품질,폴더(HEADER 성적서),E:\SHINHWA\07_품질\2026\JA 12T(구냉매) 검사 성적서 (Rev.2)231208-1.pdf,162,2026-06-10,이미 있음(동일)
E:\기존 서류\이광재 부장 서류\기존서류 2\출하\HEADER 성적서\JA 12T(구냉매) 검사 성적서 (Rev.2)231208.pdf,07_품질,폴더(HEADER 성적서),E:\SHINHWA\07_품질\2026\JA 12T(구냉매) 검사 성적서 (Rev.2)231208.pdf,163,2026-06-10,이미 있음(동일)
E:\기존 서류\이광재 부장 서류\기존서류 2\출하\HEADER 성적서\JA 12T(구냉매) 검사 성적서 (Rev.2)231213.pdf,07_품질,폴더(HEADER 성적서),E:\SHINHWA\07_품질\2026\JA 12T(구냉매) 검사 성적서 (Rev.2)231213.pdf,162,2026-06-10,이미 있음(동일)
E:\기존 서류\이광재 부장 서류\기존서류 2\출하\HEADER 성적서\JA 12T(구냉매) 검사 성적서 (Rev.2)231214.pdf,07_품질,폴더(HEADER 성적서),E:\SHINHWA\07_품질\2026\JA 12T(구냉매) 검사 성적서 (Rev.2)231214.pdf,162,2026-06-10,이미 있음(동일)
E:\기존 서류\이광재 부장 서류\기존서류 2\출하\HEADER 성적서\JA 12T(구냉매) 검사 성적서 (Rev.2)23122.pdf,07_품질,폴더(HEADER 성적서),E:\SHINHWA\07_품질\2026\JA 12T(구냉매) 검사 성적서 (Rev.2)23122.pdf,162,2026-06-10,이미 있음(동일)
E:\기존 서류\이광재 부장 서류\기존서류 2\출하\HEADER 성적서\JA 12T(구냉매) 검사 성적서 (Rev.2)231223.pdf,07_품질,폴더(HEADER 성적서),E:\SHINHWA\07_품질\2026\JA 12T(구냉매) 검사 성적서 (Rev.2)231223.pdf,162,2026-06-10,이미 있음(동일)
E:\기존 서류\이광재 부장 서류\기존서류 2\출하\HEADER 성적서\JA 12T(구냉매) 검사 성적서 (Rev.2)231226.pdf,07_품질,폴더(HEADER 성적서),E:\SHINHWA\07_품질\2026\JA 12T(구냉매) 검사 성적서 (Rev.2)231226.pdf,162,2026-06-10,이미 있음(동일)
E:\기존 서류\이광재 부장 서류\기존서류 2\출하\HEADER 성적서\JA 12T(구냉매) 검사 성적서 (Rev.2)231227.pdf,07_품질,폴더(HEADER 성적서),E:\SHINHWA\07_품질\2026\JA 12T(구냉매) 검사 성적서 (Rev.2)231227.pdf,162,2026-06-10,이미 있음(동일)
E:\기존 서류\이광재 부장 서류\기존서류 2\출하\HEADER 성적서\JA 12T(구냉매) 검사 성적서 (Rev.2)231228.pdf,07_품질,폴더(HEADER 성적서),E:\SHINHWA\07_품질\2026\JA 12T(구냉매) 검사 성적서 (Rev.2)231228.pdf,162,2026-06-10,이미 있음(동일)
E:\기존 서류\이광재 부장 서류\기존서류 2\출하\HEADER 성적서\JA 12T(구냉매) 검사 성적서 (Rev.2)231229.pdf,07_품질,폴더(HEADER 성적서),E:\SHINHWA\07_품질\2026\JA 12T(구냉매) 검사 성적서 (Rev.2)231229.pdf,162,2026-06-10,이미 있음(동일)
E:\기존 서류\이광재 부장 서류\기존서류 2\출하\HEADER 성적서\JA 12T(신냉매) 검사 성적서 (Rev.2).pdf,07_품질,폴더(HEADER 성적서),E:\SHINHWA\07_품질\2026\JA 12T(신냉매) 검사 성적서 (Rev.2).pdf,151,2026-06-10,이미 있음(동일)
E:\기존 서류\이광재 부장 서류\기존서류 2\출하\HEADER 성적서\JA 12T(신냉매) 검사 성적서 (Rev.2)231201.pdf,07_품질,폴더(HEADER 성적서),E:\SHINHWA\07_품질\2026\JA 12T(신냉매) 검사 성적서 (Rev.2)231201.pdf,151,2026-06-10,이미 있음(동일)
E:\기존 서류\이광재 부장 서류\기존서류 2\출하\HEADER 성적서\JA 12T(신냉매) 검사 성적서 (Rev.2)231204.pdf,07_품질,폴더(HEADER 성적서),E:\SHINHWA\07_품질\2026\JA 12T(신냉매) 검사 성적서 (Rev.2)231204.pdf,151,2026-06-10,이미 있음(동일)
E:\기존 서류\이광재 부장 서류\기존서류 2\출하\HEADER 성적서\JA 12T(신냉매) 검사 성적서 (Rev.2)231205.pdf,07_품질,폴더(HEADER 성적서),E:\SHINHWA\07_품질\2026\JA 12T(신냉매) 검사 성적서 (Rev.2)231205.pdf,151,2026-06-10,이미 있음(동일)
E:\기존 서류\이광재 부장 서류\기존서류 2\출하\HEADER 성적서\JA 12T(신냉매) 검사 성적서 (Rev.2)231211-1.pdf,07_품질,폴더(HEADER 성적서),E:\SHINHWA\07_품질\2026\JA 12T(신냉매) 검사 성적서 (Rev.2)231211-1.pdf,151,2026-06-10,이미 있음(동일)
E:\기존 서류\이광재 부장 서류\기존서류 2\출하\HEADER 성적서\JA 12T(신냉매) 검사 성적서 (Rev.2)231212.pdf,07_품질,폴더(HEADER 성적서),E:\SHINHWA\07_품질\2026\JA 12T(신냉매) 검사 성적서 (Rev.2)231212.pdf,151,2026-06-10,이미 있음(동일)
E:\기존 서류\이광재 부장 서류\기존서류 2\출하\HEADER 성적서\JA 12T(신냉매) 검사 성적서 (Rev.2)231216.pdf,07_품질,폴더(HEADER 성적서),E:\SHINHWA\07_품질\2026\JA 12T(신냉매) 검사 성적서 (Rev.2)231216.pdf,151,2026-06-10,이미 있음(동일)
E:\기존 서류\이광재 부장 서류\기존서류 2\출하\HEADER 성적서\JX 20T 검사 성적서 (Rev.1)231220.pdf,07_품질,폴더(HEADER 성적서),E:\SHINHWA\07_품질\2026\JX 20T 검사 성적서 (Rev.1)231220.pdf,130,2026-06-10,이미 있음(동일)
E:\기존 서류\이광재 부장 서류\기존서류 2\출하\HEADER 성적서\JX 검사 성적서 (Rev.1)231215.pdf,07_품질,폴더(HEADER 성적서),E:\SHINHWA\07_품질\2026\JX 검사 성적서 (Rev.1)231215.pdf,133,2026-06-10,이미 있음(동일)
E:\기존 서류\이광재 부장 서류\기존서류 2\출하\HEADER 성적서\JX 검사 성적서 (Rev.1)231220.pdf,07_품질,폴더(HEADER 성적서),E:\SHINHWA\07_품질\2026\JX 검사 성적서 (Rev.1)231220.pdf,133,2026-06-10,이미 있음(동일)
E:\기존 서류\이광재 부장 서류\기존서류 2\출하\HEADER 성적서\P702 검사 성적서 (Rev.1)231208.pdf,07_품질,폴더(HEADER 성적서),E:\SHINHWA\07_품질\2026\P702 검사 성적서 (Rev.1)231208.pdf,191,2026-06-10,이미 있음(동일)
E:\기존 서류\이광재 부장 서류\기존서류 2\출하\HEADER 성적서\PDE 1.0T 카파개선(신냉매) 검사 성적서 (Rev.2).pdf,07_품질,폴더(HEADER 성적서),E:\SHINHWA\07_품질\2026\PDE 1.0T 카파개선(신냉매) 검사 성적서 (Rev.2).pdf,150,2026-06-10,이미 있음(동일)
E:\기존 서류\이광재 부장 서류\기존서류 2\출하\HEADER 성적서\PDE 1.0T 카파개선(신냉매) 검사 성적서 (Rev.2)231211-1.pdf,07_품질,폴더(HEADER 성적서),E:\SHINHWA\07_품질\2026\PDE 1.0T 카파개선(신냉매) 검사 성적서 (Rev.2)231211-1.pdf,150,2026-06-10,이미 있음(동일)
E:\기존 서류\이광재 부장 서류\기존서류 2\출하\HEADER 성적서\PDE 1.0T 카파개선(신냉매) 검사 성적서 (Rev.2)231211.pdf,07_품질,폴더(HEADER 성적서),E:\SHINHWA\07_품질\2026\PDE 1.0T 카파개선(신냉매) 검사 성적서 (Rev.2)231211.pdf,150,2026-06-10,이미 있음(동일)
E:\기존 서류\이광재 부장 서류\기존서류 2\출하\HEADER 성적서\PDE 1.0T 카파개선(신냉매) 검사 성적서 (Rev.2)231213.pdf,07_품질,폴더(HEADER 성적서),E:\SHINHWA\07_품질\2026\PDE 1.0T 카파개선(신냉매) 검사 성적서 (Rev.2)231213.pdf,150,2026-06-10,이미 있음(동일)
E:\기존 서류\이광재 부장 서류\기존서류 2\출하\HEADER 성적서\PDE 1.0T 카파개선(신냉매) 검사 성적서 (Rev.2)231226-1.pdf,07_품질,폴더(HEADER 성적서),E:\SHINHWA\07_품질\2026\PDE 1.0T 카파개선(신냉매) 검사 성적서 (Rev.2)231226-1.pdf,150,2026-06-10,이미 있음(동일)
E:\기존 서류\이광재 부장 서류\기존서류 2\출하\HEADER 성적서\PDE 1.0T 카파개선(신냉매) 검사 성적서 (Rev.2)231227.pdf,07_품질,폴더(HEADER 성적서),E:\SHINHWA\07_품질\2026\PDE 1.0T 카파개선(신냉매) 검사 성적서 (Rev.2)231227.pdf,150,2026-06-10,이미 있음(동일)
E:\기존 서류\이광재 부장 서류\기존서류 2\출하\HEADER 성적서\PDE 1.0T 카파개선(신냉매) 검사 성적서 (Rev.2)231228.pdf,07_품질,폴더(HEADER 성적서),E:\SHINHWA\07_품질\2026\PDE 1.0T 카파개선(신냉매) 검사 성적서 (Rev.2)231228.pdf,150,2026-06-10,이미 있음(동일)
E:\기존 서류\이광재 부장 서류\기존서류 2\출하\HEADER 성적서\PDEN PE DCT_MT(신냉매) 검사 성적서 (Rev.2)231215.pdf,07_품질,폴더(HEADER 성적서),E:\SHINHWA\07_품질\2026\PDEN PE DCT_MT(신냉매) 검사 성적서 (Rev.2)231215.pdf,156,2026-06-10,이미 있음(동일)
E:\기존 서류\이광재 부장 서류\기존서류 2\출하\HEADER 성적서\TAM (구냉매) 검사 성적서 (Rev.2)231219.pdf,07_품질,폴더(HEADER 성적서),E:\SHINHWA\07_품질\2026\TAM (구냉매) 검사 성적서 (Rev.2)231219.pdf,163,2026-06-10,이미 있음(동일)
E:\기존 서류\이광재 부장 서류\기존서류 2\출하\HEADER 성적서\TAM PE(신냉매) 검사 성적서 (Rev.2)231211.pdf,07_품질,폴더(HEADER 성적서),E:\SHINHWA\07_품질\2026\TAM PE(신냉매) 검사 성적서 (Rev.2)231211.pdf,161,2026-06-10,이미 있음(동일)
E:\기존 서류\이광재 부장 서류\기존서류 2\출하\HEADER 성적서\TAM PE(신냉매) 검사 성적서 (Rev.2)231216.pdf,07_품질,폴더(HEADER 성적서),E:\SHINHWA\07_품질\2026\TAM PE(신냉매) 검사 성적서 (Rev.2)231216.pdf,161,2026-06-10,이미 있음(동일)
E:\기존 서류\이광재 부장 서류\기존서류 2\출하\HEADER 성적서\TAM PE(신냉매) 검사 성적서 (Rev.2)231222.pdf,07_품질,폴더(HEADER 성적서),E:\SHINHWA\07_품질\2026\TAM PE(신냉매) 검사 성적서 (Rev.2)231222.pdf,161,2026-06-10,이미 있음(동일)
E:\기존 서류\이광재 부장 서류\기존서류 2\출하\HEADER 성적서\TAM PE(신냉매) 검사 성적서 (Rev.2)231229.pdf,07_품질,폴더(HEADER 성적서),E:\SHINHWA\07_품질\2026\TAM PE(신냉매) 검사 성적서 (Rev.2)231229.pdf,161,2026-06-10,이미 있음(동일)
E:\기존 서류\이광재 부장 서류\기존서류 2\출하\HEADER 성적서\TLE 검사 성적서 (Rev.1)231205.pdf,07_품질,폴더(HEADER 성적서),E:\SHINHWA\07_품질\2026\TLE 검사 성적서 (Rev.1)231205.pdf,145,2026-06-10,이미 있음(동일)
E:\기존 서류\이광재 부장 서류\기존서류 2\출하\HEADER 성적서\U502 GTDI BB 831 231206.pdf,07_품질,폴더(HEADER 성적서),E:\SHINHWA\07_품질\2026\U502 GTDI BB 831 231206.pdf,116,2026-06-10,이미 있음(동일)
E:\기존 서류\이광재 부장 서류\기존서류 2\출하\HEADER 성적서\US4 검사 성적서 (Rev.1)231208.pdf,07_품질,폴더(HEADER 성적서),E:\SHINHWA\07_품질\2026\US4 검사 성적서 (Rev.1)231208.pdf,134,2026-06-10,이미 있음(동일)
E:\기존 서류\이광재 부장 서류\기존서류 2\출하\HEADER 성적서\YF13MY 검사 성적서 (Rev.2)231213.pdf,07_품질,폴더(HEADER 성적서),E:\SHINHWA\07_품질\2026\YF13MY 검사 성적서 (Rev.2)231213.pdf,149,2026-06-10,이미 있음(동일)
E:\기존 서류\이광재 부장 서류\기존서류 2\크래임관련(1)\SJ스틸\Claim 발송공문-SJ스틸9월.xlsx,07_품질,폴더(크래임관련(1)),E:\SHINHWA\07_품질\2026\Claim 발송공문-SJ스틸9월.xlsx,246,2026-06-10,이미 있음(동일)
E:\기존 서류\이광재 부장 서류\기존서류 2\크래임관련(1)\세원크래임\2022년\6.Claim 발송공문- 신화테크 11월.xlsx,07_품질,폴더(세원크래임),E:\SHINHWA\07_품질\2026\6.Claim 발송공문- 신화테크 11월.xlsx,33,2026-06-10,이미 있음(동일)
E:\기존 서류\이광재 부장 서류\기존서류 2\크래임관련(1)\세원크래임\2022년\7.Claim 발송공문- 신화테크 10월..xlsx,07_품질,폴더(세원크래임),E:\SHINHWA\07_품질\2026\7.Claim 발송공문- 신화테크 10월..xlsx,33,2026-06-10,이미 있음(동일)
E:\기존 서류\이광재 부장 서류\기존서류 2\크래임관련(1)\세원크래임\2022년\7.Claim 발송공문- 신화테크 12월.xlsx,07_품질,폴더(세원크래임),E:\SHINHWA\07_품질\2026\7.Claim 발송공문- 신화테크 12월.xlsx,33,2026-06-10,이미 있음(동일)
E:\기존 서류\이광재 부장 서류\기존서류 2\크래임관련(1)\세원크래임\2022년\8.Claim 발송공문- 신화H&T 12월 (1).xlsx,07_품질,폴더(세원크래임),E:\SHINHWA\07_품질\2026\8.Claim 발송공문- 신화H&T 12월 (1).xlsx,33,2026-06-10,이미 있음(동일)
E:\기존 서류\이광재 부장 서류\기존서류 2\크래임관련(1)\세원크래임\2022년\8.Claim 발송공문- 신화H&T 12월.xlsx,07_품질,폴더(세원크래임),E:\SHINHWA\07_품질\2026\8.Claim 발송공문- 신화H&T 12월.xlsx,33,2026-06-10,이미 있음(동일)
E:\기존 서류\이광재 부장 서류\기존서류 2\크래임관련(1)\세원크래임\2022년\AL PIPE 부적합품 CLAIM(아보텍)_220405 미완.xlsx,07_품질,폴더(세원크래임),E:\SHINHWA\07_품질\2026\AL PIPE 부적합품 CLAIM(아보텍)_220405 미완.xlsx,60,2026-06-10,이미 있음(동일)
E:\기존 서류\이광재 부장 서류\기존서류 2\크래임관련(1)\세원크래임\2022년\AL PIPE 부적합품 CLAIM(아보텍)_220405.pdf,07_품질,폴더(세원크래임),E:\SHINHWA\07_품질\2026\AL PIPE 부적합품 CLAIM(아보텍)_220405.pdf,78,2026-06-10,이미 있음(동일)
E:\기존 서류\이광재 부장 서류\기존서류 2\크래임관련(1)\세원크래임\2022년\AL PIPE 부적합품 CLAIM(휘일)_220209.xlsx,07_품질,폴더(세원크래임),E:\SHINHWA\07_품질\2026\AL PIPE 부적합품 CLAIM(휘일)_220209.xlsx,62,2026-06-10,이미 있음(동일)
E:\기존 서류\이광재 부장 서류\기존서류 2\크래임관련(1)\세원크래임\2022년\AL PIPE 부적합품 CLAIM(휘일)_220216.xlsx,07_품질,폴더(세원크래임),E:\SHINHWA\07_품질\2026\AL PIPE 부적합품 CLAIM(휘일)_220216.xlsx,60,2026-06-10,이미 있음(동일)
E:\기존 서류\이광재 부장 서류\기존서류 2\크래임관련(1)\세원크래임\2022년\AL PIPE 부적합품 CLAIM(휘일)_220228.pdf,07_품질,폴더(세원크래임),E:\SHINHWA\07_품질\2026\AL PIPE 부적합품 CLAIM(휘일)_220228.pdf,101,2026-06-10,이미 있음(동일)
E:\기존 서류\이광재 부장 서류\기존서류 2\크래임관련(1)\세원크래임\2022년\BRKT 부적합품 CLAIM(성한정공)_221024 미완.xlsx,07_품질,폴더(세원크래임),E:\SHINHWA\07_품질\2026\BRKT 부적합품 CLAIM(성한정공)_221024 미완.xlsx,11778,2026-06-10,이미 있음(동일)
E:\기존 서류\이광재 부장 서류\기존서류 2\크래임관련(1)\세원크래임\2022년\MQ4_RR(2638407X) BRKT 불량(성한정공)_221018.xlsx,07_품질,폴더(세원크래임),E:\SHINHWA\07_품질\2026\MQ4_RR(2638407X) BRKT 불량(성한정공)_221018.xlsx,129271,2026-06-10,이미 있음(동일)
E:\기존 서류\이광재 부장 서류\기존서류 2\크래임관련(1)\세원크래임\2022년\PDEN PE 신냉매 부적합품 CLAIM(아이정밀)_220609.pdf,07_품질,폴더(세원크래임),E:\SHINHWA\07_품질\2026\PDEN PE 신냉매 부적합품 CLAIM(아이정밀)_220609.pdf,83,2026-06-10,이미 있음(동일)
E:\기존 서류\이광재 부장 서류\기존서류 2\크래임관련(1)\세원크래임\2022년\PDEN PE 신냉매 부적합품 CLAIM(아이정밀)_220609.xlsx,07_품질,폴더(세원크래임),E:\SHINHWA\07_품질\2026\PDEN PE 신냉매 부적합품 CLAIM(아이정밀)_220609.xlsx,60,2026-06-10,이미 있음(동일)
E:\기존 서류\이광재 부장 서류\기존서류 2\크래임관련(1)\세원크래임\2022년\PIPE ASSY 금형및검사구 현황.xlsx,07_품질,폴더(세원크래임),E:\SHINHWA\07_품질\2026\PIPE ASSY 금형및검사구 현황.xlsx,19,2026-06-10,이미 있음(동일)
E:\기존 서류\이광재 부장 서류\기존서류 2\크래임관련(1)\세원크래임\2022년\SUS 304 8파이 부적합품 CLAIM(SJ-STEEL)_220405.pdf,07_품질,폴더(세원크래임),E:\SHINHWA\07_품질\2026\SUS 304 8파이 부적합품 CLAIM(SJ-STEEL)_220405.pdf,102,2026-06-10,이미 있음(동일)
E:\기존 서류\이광재 부장 서류\기존서류 2\크래임관련(1)\세원크래임\2022년\SUS 304 8파이 부적합품 CLAIM(SJ-STEEL)_220405.xlsx,07_품질,폴더(세원크래임),E:\SHINHWA\07_품질\2026\SUS 304 8파이 부적합품 CLAIM(SJ-STEEL)_220405.xlsx,61,2026-06-10,이미 있음(동일)
E:\기존 서류\이광재 부장 서류\기존서류 2\크래임관련(1)\세원크래임\2023년\0.Claim 발송공문- 신화H&T 11월 (1).pdf,07_품질,폴더(세원크래임),E:\SHINHWA\07_품질\2026\0.Claim 발송공문- 신화H&T 11월 (1).pdf,214,2026-06-10,이미 있음(동일)
E:\기존 서류\이광재 부장 서류\기존서류 2\크래임관련(1)\세원크래임\2023년\0.Claim 발송공문- 신화H&T 11월.2.pdf,07_품질,폴더(세원크래임),E:\SHINHWA\07_품질\2026\0.Claim 발송공문- 신화H&T 11월.2.pdf,227,2026-06-10,이미 있음(동일)
E:\기존 서류\이광재 부장 서류\기존서류 2\크래임관련(1)\세원크래임\2023년\11.Claim 발송공문- 신화H&T 6월.xlsx,07_품질,폴더(세원크래임),E:\SHINHWA\07_품질\2026\11.Claim 발송공문- 신화H&T 6월.xlsx,252,2026-06-10,이미 있음(동일)
E:\기존 서류\이광재 부장 서류\기존서류 2\크래임관련(1)\세원크래임\2023년\11.Claim 합의서 - 신화H&T 11월.pdf,07_품질,폴더(세원크래임),E:\SHINHWA\07_품질\2026\11.Claim 합의서 - 신화H&T 11월.pdf,98,2026-06-10,이미 있음(동일)
E:\기존 서류\이광재 부장 서류\기존서류 2\크래임관련(1)\세원크래임\2023년\3.Claim 발송공문- 신화H&T 4월.xlsx,07_품질,폴더(세원크래임),E:\SHINHWA\07_품질\2026\3.Claim 발송공문- 신화H&T 4월.xlsx,34,2026-06-10,이미 있음(동일)
E:\기존 서류\이광재 부장 서류\기존서류 2\크래임관련(1)\세원크래임\2023년\4.Claim 발송공문- 신화H&T 7월.xlsx,07_품질,폴더(세원크래임),E:\SHINHWA\07_품질\2026\4.Claim 발송공문- 신화H&T 7월.xlsx,34,2026-06-10,이미 있음(동일)
E:\기존 서류\이광재 부장 서류\기존서류 2\크래임관련(1)\세원크래임\2023년\5.Claim 발송공문- 신화H&T 9월.xlsx,07_품질,폴더(세원크래임),E:\SHINHWA\07_품질\2026\5.Claim 발송공문- 신화H&T 9월.xlsx,38,2026-06-10,이미 있음(동일)
E:\기존 서류\이광재 부장 서류\기존서류 2\크래임관련(1)\세원크래임\2023년\6.5.Claim 발송공문- 신화H&T 6월.xlsx,07_품질,폴더(세원크래임),E:\SHINHWA\07_품질\2026\6.5.Claim 발송공문- 신화H&T 6월.xlsx,278,2026-06-10,이미 있음(동일)
E:\기존 서류\이광재 부장 서류\기존서류 2\크래임관련(1)\세원크래임\2023년\6.Claim 발송공문- 신화H&T 10월.pdf,07_품질,폴더(세원크래임),E:\SHINHWA\07_품질\2026\6.Claim 발송공문- 신화H&T 10월.pdf,151,2026-06-10,이미 있음(동일)
E:\기존 서류\이광재 부장 서류\기존서류 2\크래임관련(1)\세원크래임\2023년\6.Claim 발송공문- 신화H&T 6월.xlsx,07_품질,폴더(세원크래임),E:\SHINHWA\07_품질\2026\6.Claim 발송공문- 신화H&T 6월.xlsx,33,2026-06-10,이미 있음(동일)
E:\기존 서류\이광재 부장 서류\기존서류 2\크래임관련(1)\세원크래임\2023년\6.Claim 발송공문- 신화테크 1월.xlsx,07_품질,폴더(세원크래임),E:\SHINHWA\07_품질\2026\6.Claim 발송공문- 신화테크 1월.xlsx,34,2026-06-10,이미 있음(동일)
E:\기존 서류\이광재 부장 서류\기존서류 2\크래임관련(1)\세원크래임\2023년\6.Claim 발송공문- 신화테크 3월.xlsx,07_품질,폴더(세원크래임),E:\SHINHWA\07_품질\2026\6.Claim 발송공문- 신화테크 3월.xlsx,34,2026-06-10,이미 있음(동일)
E:\기존 서류\이광재 부장 서류\기존서류 2\크래임관련(1)\세원크래임\2023년\7.Claim 발송공문- 신화테크 2월.xlsx,07_품질,폴더(세원크래임),E:\SHINHWA\07_품질\2026\7.Claim 발송공문- 신화테크 2월.xlsx,34,2026-06-10,이미 있음(동일)
E:\기존 서류\이광재 부장 서류\기존서류 2\크래임관련(1)\세원크래임\2023년\8.Claim 발송공문- 신화H&T 8월.xlsx,07_품질,폴더(세원크래임),E:\SHINHWA\07_품질\2026\8.Claim 발송공문- 신화H&T 8월.xlsx,33,2026-06-10,이미 있음(동일)
E:\기존 서류\이광재 부장 서류\기존서류 2\크래임관련(1)\세원크래임\2023년\9.Claim 발송공문- 신화H&T 2월.xlsx,07_품질,폴더(세원크래임),E:\SHINHWA\07_품질\2026\9.Claim 발송공문- 신화H&T 2월.xlsx,33,2026-06-10,이미 있음(동일)
E:\기존 서류\이광재 부장 서류\기존서류 2\크래임관련(1)\세원크래임\2023년\C519 COVER ASY INLET CLAIM 합의서.신화H&T_세원 합의서.pdf,07_품질,폴더(세원크래임),E:\SHINHWA\07_품질\2026\C519 COVER ASY INLET CLAIM 합의서.신화H&T_세원 합의서.pdf,376,2026-06-10,이미 있음(동일)
E:\기존 서류\이광재 부장 서류\기존서류 2\크래임관련(1)\세원크래임\2023년\C519 COVER ASY INLET CLAIM 합의서.신화H&T_세원 합의서.최종.pdf,07_품질,폴더(세원크래임),E:\SHINHWA\07_품질\2026\C519 COVER ASY INLET CLAIM 합의서.신화H&T_세원 합의서.최종.pdf,311,2026-06-10,이미 있음(동일)
E:\기존 서류\이광재 부장 서류\기존서류 2\크래임관련(1)\세원크래임\2023년\CLAIM 합의서.pdf,07_품질,폴더(세원크래임),E:\SHINHWA\07_품질\2026\CLAIM 합의서.pdf,298,2026-06-10,이미 있음(동일)
E:\기존 서류\이광재 부장 서류\기존서류 2\크래임관련(1)\세원크래임\2023년\CN7 J.F 위치 불량 Claim합의서_231219.pdf,07_품질,폴더(세원크래임),E:\SHINHWA\07_품질\2026\CN7 J.F 위치 불량 Claim합의서_231219.pdf,323,2026-06-10,이미 있음(동일)
E:\기존 서류\이광재 부장 서류\기존서류 2\크래임관련(1)\세원크래임\2023년\Claim 발송공문- 신화 H&T.C519 Gap 불량Claim.60%.rev (1).xlsx,07_품질,폴더(세원크래임),E:\SHINHWA\07_품질\2026\Claim 발송공문- 신화 H&T.C519 Gap 불량Claim.60%.rev (1).xlsx,58,2026-06-10,이미 있음(동일)
E:\기존 서류\이광재 부장 서류\기존서류 2\크래임관련(1)\세원크래임\2023년\Claim 발송공문- 신화 H&T.C519 Gap 불량Claim.60%.xlsx,07_품질,폴더(세원크래임),E:\SHINHWA\07_품질\2026\Claim 발송공문- 신화 H&T.C519 Gap 불량Claim.60%.xlsx,58,2026-06-10,이미 있음(동일)
E:\기존 서류\이광재 부장 서류\기존서류 2\크래임관련(1)\세원크래임\2023년\Claim 발송공문_231214 (1).xlsx,07_품질,폴더(세원크래임),E:\SHINHWA\07_품질\2026\Claim 발송공문_231214 (1).xlsx,698,2026-06-10,이미 있음(동일)
E:\기존 서류\이광재 부장 서류\기존서류 2\크래임관련(1)\세원크래임\2023년\J.FLANGE 코킹부 내측 탄화 불량 Claim합의서_231219.pdf,07_품질,폴더(세원크래임),E:\SHINHWA\07_품질\2026\J.FLANGE 코킹부 내측 탄화 불량 Claim합의서_231219.pdf,311,2026-06-10,이미 있음(동일)
E:\기존 서류\이광재 부장 서류\기존서류 2\크래임관련(1)\세원크래임\2023년\TAMPE 12파이 파이프 내측 부식 Claim합의서_231219.pdf,07_품질,폴더(세원크래임),E:\SHINHWA\07_품질\2026\TAMPE 12파이 파이프 내측 부식 Claim합의서_231219.pdf,306,2026-06-10,이미 있음(동일)
E:\기존 서류\이광재 부장 서류\기존서류 2\크래임관련(1)\세원크래임\2023년\WithAttachments (1).htm,07_품질,폴더(세원크래임),E:\SHINHWA\07_품질\2026\WithAttachments (1).htm,1,2026-06-10,이미 있음(동일)
E:\기존 서류\이광재 부장 서류\기존서류 2\크래임관련(1)\세원크래임\2023년\신화.zip,07_품질,폴더(세원크래임),E:\SHINHWA\07_품질\2026\신화.zip,618,2026-06-10,이미 있음(동일)
E:\기존 서류\이광재 부장 서류\기존서류 2\크래임관련(1)\세원크래임\2023년\크래임 합의서.pdf,07_품질,폴더(세원크래임),E:\SHINHWA\07_품질\2026\크래임 합의서.pdf,28,2026-06-10,이미 있음(동일)
E:\기존 서류\이광재 부장 서류\기존서류 2\크래임관련(1)\세원크래임\2023년\항공 클래임 비용 회의록.pdf,07_품질,폴더(세원크래임),E:\SHINHWA\07_품질\2026\항공 클래임 비용 회의록.pdf,353,2026-06-10,이미 있음(동일)
E:\기존 서류\이광재 부장 서류\기존서류 2\크래임관련(1)\세원크래임\2024년\5.Claim 합의서 - 신화H&T 2월.pdf,07_품질,폴더(세원크래임),E:\SHINHWA\07_품질\2026\5.Claim 합의서 - 신화H&T 2월.pdf,98,2026-06-10,이미 있음(동일)
E:\기존 서류\이광재 부장 서류\기존서류 2\크래임관련(1)\세원크래임\2024년\6.Claim 합의서 - 신화H&T 1월 (1).pdf,07_품질,폴더(세원크래임),E:\SHINHWA\07_품질\2026\6.Claim 합의서 - 신화H&T 1월 (1).pdf,101,2026-06-10,이미 있음(동일)
E:\기존 서류\이광재 부장 서류\기존서류 2\크래임관련(1)\세원크래임\2024년\SC 830 3자 선별 공문\SSJ 7211-A  - SERVICE PROPOSAL - JANUARY 2024.pdf,07_품질,폴더(세원크래임),E:\SHINHWA\07_품질\2026\SSJ 7211-A  - SERVICE PROPOSAL - JANUARY 2024.pdf,199,2026-06-10,이미 있음(동일)
E:\기존 서류\이광재 부장 서류\기존서류 2\크래임관련(1)\세원크래임\2024년\SC 830 3자 선별 공문\SSJ 7211-B  - SERVICE PROPOSAL - JANUARY 2024.pdf,07_품질,폴더(세원크래임),E:\SHINHWA\07_품질\2026\SSJ 7211-B  - SERVICE PROPOSAL - JANUARY 2024.pdf,199,2026-06-10,이미 있음(동일)
E:\기존 서류\이광재 부장 서류\기존서류 2\크래임관련(1)\신형 NUT\신형크래임 배상의 건.xlsx,07_품질,폴더(크래임관련(1)),E:\SHINHWA\07_품질\2026\신형크래임 배상의 건.xlsx,201,2026-06-10,이미 있음(동일)
E:\기존 서류\이광재 부장 서류\기존서류 2\크래임관련(1)\아보텍\3.Claim 발송공문- 신화H&T 4월.xlsx,07_품질,폴더(크래임관련(1)),E:\SHINHWA\07_품질\2026\3.Claim 발송공문- 신화H&T 4월.xlsx,33,2026-06-10,복사 → E:\SHINHWA\07_품질\2026\3.Claim 발송공문- 신화H&T 4월_v2.xlsx
E:\기존 서류\이광재 부장 서류\기존서류 2\크래임관련(1)\아보텍\4.Claim 발송공문- 신화H&T 5월.xlsx,07_품질,폴더(크래임관련(1)),E:\SHINHWA\07_품질\2026\4.Claim 발송공문- 신화H&T 5월.xlsx,33,2026-06-10,이미 있음(동일)
E:\기존 서류\이광재 부장 서류\기존서류 2\크래임관련(1)\아보텍\Claim 발송공문_231214 (3).pdf,07_품질,폴더(크래임관련(1)),E:\SHINHWA\07_품질\2026\Claim 발송공문_231214 (3).pdf,88,2026-06-10,이미 있음(동일)
E:\기존 서류\이광재 부장 서류\기존서류 2\크래임관련(1)\아보텍\Claim 발송공문_231214 (4).xlsx,07_품질,폴더(크래임관련(1)),E:\SHINHWA\07_품질\2026\Claim 발송공문_231214 (4).xlsx,698,2026-06-10,이미 있음(동일)
E:\기존 서류\이광재 부장 서류\기존서류 2\크래임관련(1)\아보텍\TAM PE PIPE내부 부식관련 회의록.pdf,07_품질,폴더(크래임관련(1)),E:\SHINHWA\07_품질\2026\TAM PE PIPE내부 부식관련 회의록.pdf,301,2026-06-10,이미 있음(동일)
E:\기존 서류\이광재 부장 서류\기존서류 2\크래임관련(1)\아보텍\TAM PE 내부 부식(산화)관련 협력 협의 내용 회의록.pdf,07_품질,폴더(크래임관련(1)),E:\SHINHWA\07_품질\2026\TAM PE 내부 부식(산화)관련 협력 협의 내용 회의록.pdf,15,2026-06-10,이미 있음(동일)
E:\기존 서류\이광재 부장 서류\기존서류 2\크래임관련(1)\아보텍\TAM 내부 부식관련 업무 전개(화인).xlsx,07_품질,폴더(크래임관련(1)),E:\SHINHWA\07_품질\2026\TAM 내부 부식관련 업무 전개(화인).xlsx,8,2026-06-10,이미 있음(동일)
E:\기존 서류\이광재 부장 서류\기존서류 2\크래임관련(1)\아보텍\공문(부식관련 이의공문)231221.xlsx,07_품질,폴더(크래임관련(1)),E:\SHINHWA\07_품질\2026\공문(부식관련 이의공문)231221.xlsx,30,2026-06-10,이미 있음(동일)
E:\기존 서류\이광재 부장 서류\기존서류 2\크래임관련(1)\아보텍\화인3003압출파이브변색부위관찰건 (231219).pdf,07_품질,폴더(크래임관련(1)),E:\SHINHWA\07_품질\2026\화인3003압출파이브변색부위관찰건 (231219).pdf,502,2026-06-10,이미 있음(동일)
E:\기존 서류\이광재 부장 서류\기존서류 2\크래임관련(1)\주신정밀\Claim 발송공문- 주신정밀 7월.xlsx,07_품질,폴더(크래임관련(1)),E:\SHINHWA\07_품질\2026\Claim 발송공문- 주신정밀 7월.xlsx,46,2026-06-10,이미 있음(동일)
E:\기존 서류\이광재 부장 서류\기존서류 2\크래임관련(1)\주신정밀\새 Microsoft Excel 워크시트.xlsx,07_품질,폴더(크래임관련(1)),E:\SHINHWA\07_품질\2026\새 Microsoft Excel 워크시트.xlsx,18,2026-06-10,이미 있음(동일)
E:\기존 서류\이광재 부장 서류\기존서류 2\크래임관련(1)\크래임 관리대장\2022년 크래임 현황\2022년 크레임 청구 및 접수.xlsx,07_품질,폴더(2022년 크래임 현황),E:\SHINHWA\07_품질\2026\2022년 크레임 청구 및 접수.xlsx,53,2026-06-10,이미 있음(동일)
E:\기존 서류\이광재 부장 서류\기존서류 2\크래임관련(1)\크래임 관리대장\2022년 크래임 현황\크래임 현황\3.Claim 발송공문- 신화H&T 4월.xlsx,07_품질,폴더(크래임 현황),E:\SHINHWA\07_품질\2026\3.Claim 발송공문- 신화H&T 4월.xlsx,33,2026-06-10,복사 → E:\SHINHWA\07_품질\2026\3.Claim 발송공문- 신화H&T 4월_v2.xlsx
E:\기존 서류\이광재 부장 서류\기존서류 2\크래임관련(1)\크래임 관리대장\2022년 크래임 현황\크래임 현황\4.Claim 발송공문- 신화H&T 5월.xlsx,07_품질,폴더(크래임 현황),E:\SHINHWA\07_품질\2026\4.Claim 발송공문- 신화H&T 5월.xlsx,33,2026-06-10,이미 있음(동일)
E:\기존 서류\이광재 부장 서류\기존서류 2\크래임관련(1)\크래임 관리대장\2022년 크래임 현황\크래임 현황\7.Claim 발송공문- 신화테크 10월..xlsx,07_품질,폴더(크래임 현황),E:\SHINHWA\07_품질\2026\7.Claim 발송공문- 신화테크 10월..xlsx,33,2026-06-10,이미 있음(동일)
E:\기존 서류\이광재 부장 서류\기존서류 2\크래임관련(1)\크래임 관리대장\2022년 크래임 현황\크래임 현황\PIPE ASSY 금형및검사구 현황.xlsx,07_품질,폴더(크래임 현황),E:\SHINHWA\07_품질\2026\PIPE ASSY 금형및검사구 현황.xlsx,19,2026-06-10,이미 있음(동일)
E:\기존 서류\이광재 부장 서류\기존서류 2\크래임관련(1)\크래임 관리대장\2022년 크래임 현황\크래임 현황\협력사\5월 용접불량.xlsx,07_품질,폴더(크래임 현황),E:\SHINHWA\07_품질\2026\5월 용접불량.xlsx,14,2026-06-10,이미 있음(동일)
E:\기존 서류\이광재 부장 서류\기존서류 2\크래임관련(1)\크래임 관리대장\2022년 크래임 현황\크래임 현황\협력사\AL PIPE 부적합품 CLAIM(아보텍)_220405 미완.xlsx,07_품질,폴더(크래임 현황),E:\SHINHWA\07_품질\2026\AL PIPE 부적합품 CLAIM(아보텍)_220405 미완.xlsx,60,2026-06-10,이미 있음(동일)
E:\기존 서류\이광재 부장 서류\기존서류 2\크래임관련(1)\크래임 관리대장\2022년 크래임 현황\크래임 현황\협력사\AL PIPE 부적합품 CLAIM(아보텍)_220405.pdf,07_품질,폴더(크래임 현황),E:\SHINHWA\07_품질\2026\AL PIPE 부적합품 CLAIM(아보텍)_220405.pdf,78,2026-06-10,이미 있음(동일)
E:\기존 서류\이광재 부장 서류\기존서류 2\크래임관련(1)\크래임 관리대장\2022년 크래임 현황\크래임 현황\협력사\AL PIPE 부적합품 CLAIM(휘일)_220209.xlsx,07_품질,폴더(크래임 현황),E:\SHINHWA\07_품질\2026\AL PIPE 부적합품 CLAIM(휘일)_220209.xlsx,62,2026-06-10,이미 있음(동일)
E:\기존 서류\이광재 부장 서류\기존서류 2\크래임관련(1)\크래임 관리대장\2022년 크래임 현황\크래임 현황\협력사\AL PIPE 부적합품 CLAIM(휘일)_220216.xlsx,07_품질,폴더(크래임 현황),E:\SHINHWA\07_품질\2026\AL PIPE 부적합품 CLAIM(휘일)_220216.xlsx,60,2026-06-10,이미 있음(동일)
E:\기존 서류\이광재 부장 서류\기존서류 2\크래임관련(1)\크래임 관리대장\2022년 크래임 현황\크래임 현황\협력사\AL PIPE 부적합품 CLAIM(휘일)_220228.pdf,07_품질,폴더(크래임 현황),E:\SHINHWA\07_품질\2026\AL PIPE 부적합품 CLAIM(휘일)_220228.pdf,101,2026-06-10,이미 있음(동일)
E:\기존 서류\이광재 부장 서류\기존서류 2\크래임관련(1)\크래임 관리대장\2022년 크래임 현황\크래임 현황\협력사\BRKT 부적합품 CLAIM(성한정공)_221024 미완.xlsx,07_품질,폴더(크래임 현황),E:\SHINHWA\07_품질\2026\BRKT 부적합품 CLAIM(성한정공)_221024 미완.xlsx,11778,2026-06-10,이미 있음(동일)
E:\기존 서류\이광재 부장 서류\기존서류 2\크래임관련(1)\크래임 관리대장\2022년 크래임 현황\크래임 현황\협력사\MQ4_RR(2638407X) BRKT 불량(성한정공)_221018.xlsx,07_품질,폴더(크래임 현황),E:\SHINHWA\07_품질\2026\MQ4_RR(2638407X) BRKT 불량(성한정공)_221018.xlsx,129271,2026-06-10,이미 있음(동일)
E:\기존 서류\이광재 부장 서류\기존서류 2\크래임관련(1)\크래임 관리대장\2022년 크래임 현황\크래임 현황\협력사\PDEN PE 신냉매 부적합품 CLAIM(아이정밀)_220609.pdf,07_품질,폴더(크래임 현황),E:\SHINHWA\07_품질\2026\PDEN PE 신냉매 부적합품 CLAIM(아이정밀)_220609.pdf,83,2026-06-10,이미 있음(동일)
E:\기존 서류\이광재 부장 서류\기존서류 2\크래임관련(1)\크래임 관리대장\2022년 크래임 현황\크래임 현황\협력사\PDEN PE 신냉매 부적합품 CLAIM(아이정밀)_220609.xlsx,07_품질,폴더(크래임 현황),E:\SHINHWA\07_품질\2026\PDEN PE 신냉매 부적합품 CLAIM(아이정밀)_220609.xlsx,60,2026-06-10,이미 있음(동일)
E:\기존 서류\이광재 부장 서류\기존서류 2\크래임관련(1)\크래임 관리대장\2022년 크래임 현황\크래임 현황\협력사\SUS 304 8파이 부적합품 CLAIM(SJ-STEEL)_220405.pdf,07_품질,폴더(크래임 현황),E:\SHINHWA\07_품질\2026\SUS 304 8파이 부적합품 CLAIM(SJ-STEEL)_220405.pdf,102,2026-06-10,이미 있음(동일)
E:\기존 서류\이광재 부장 서류\기존서류 2\크래임관련(1)\크래임 관리대장\2022년 크래임 현황\크래임 현황\협력사\SUS 304 8파이 부적합품 CLAIM(SJ-STEEL)_220405.xlsx,07_품질,폴더(크래임 현황),E:\SHINHWA\07_품질\2026\SUS 304 8파이 부적합품 CLAIM(SJ-STEEL)_220405.xlsx,61,2026-06-10,이미 있음(동일)
E:\기존 서류\이광재 부장 서류\기존서류 2\크래임관련(1)\크래임 관리대장\2023년 크래임 현황\크래임관리대장(고객사).XLS,07_품질,폴더(2023년 크래임 현황),E:\SHINHWA\07_품질\2026\크래임관리대장(고객사).XLS,120,2026-06-10,이미 있음(동일)
E:\기존 서류\이광재 부장 서류\기존서류 2\크래임관련(1)\크래임 관리대장\2023년 크래임 현황\크래임관리대장(협력사).XLS,07_품질,폴더(2023년 크래임 현황),E:\SHINHWA\07_품질\2026\크래임관리대장(협력사).XLS,96,2026-06-10,이미 있음(동일)
E:\기존 서류\이광재 부장 서류\기존서류 2\크래임관련(1)\크래임 관리대장\2024년 크래임 현황\크래임관리대장(고객사).XLS,07_품질,폴더(2024년 크래임 현황),E:\SHINHWA\07_품질\2026\크래임관리대장(고객사).XLS,100,2026-06-10,복사 → E:\SHINHWA\07_품질\2026\크래임관리대장(고객사)_v2.XLS
E:\기존 서류\이광재 부장 서류\기존서류 2\크래임관련(1)\크래임 관리대장\2024년 크래임 현황\크래임관리대장(협력사).XLS,07_품질,폴더(2024년 크래임 현황),E:\SHINHWA\07_품질\2026\크래임관리대장(협력사).XLS,91,2026-06-10,복사 → E:\SHINHWA\07_품질\2026\크래임관리대장(협력사)_v2.XLS
E:\기존 서류\이광재 부장 서류\기존서류 2\크래임관련(1)\크래임 관리대장\CLAIM 합의서(21년)\CN7 12파이 길이 불량\CN7 12파이 길이 불량 claim.pdf,07_품질,폴더(CN7 12파이 길이 불량),E:\SHINHWA\07_품질\2026\CN7 12파이 길이 불량 claim.pdf,42,2026-06-10,이미 있음(동일)
E:\기존 서류\이광재 부장 서류\기존서류 2\크래임관련(1)\크래임 관리대장\CLAIM 합의서(21년)\CN7 12파이 포밍치수 불량 CLAIM 합의서.pdf,07_품질,폴더(크래임 관리대장),E:\SHINHWA\07_품질\2026\CN7 12파이 포밍치수 불량 CLAIM 합의서.pdf,34,2026-06-10,이미 있음(동일)
E:\기존 서류\이광재 부장 서류\기존서류 2\크래임관련(1)\크래임 관리대장\CLAIM 합의서(21년)\CN7 TGDI 핀 불량 CLAIM 협정서 (21.06.02).pdf,07_품질,폴더(크래임 관리대장),E:\SHINHWA\07_품질\2026\CN7 TGDI 핀 불량 CLAIM 협정서 (21.06.02).pdf,67,2026-06-10,이미 있음(동일)
E:\기존 서류\이광재 부장 서류\기존서류 2\크래임관련(1)\크래임 관리대장\CLAIM 합의서(21년)\CN7 구냉매 12파이 확관 불량 CLAIM 합의서.pdf,07_품질,폴더(크래임 관리대장),E:\SHINHWA\07_품질\2026\CN7 구냉매 12파이 확관 불량 CLAIM 합의서.pdf,62,2026-06-10,이미 있음(동일)
E:\기존 서류\이광재 부장 서류\기존서류 2\크래임관련(1)\크래임 관리대장\CLAIM 합의서(21년)\JA 12T 파이프 불량 (22.02.08).pdf,07_품질,폴더(크래임 관리대장),E:\SHINHWA\07_품질\2026\JA 12T 파이프 불량 (22.02.08).pdf,46,2026-06-10,이미 있음(동일)
E:\기존 서류\이광재 부장 서류\기존서류 2\크래임관련(1)\크래임 관리대장\CLAIM 합의서(21년)\MFA tube inlet Claim 합의서 (21.04.27).pdf,07_품질,폴더(크래임 관리대장),E:\SHINHWA\07_품질\2026\MFA tube inlet Claim 합의서 (21.04.27).pdf,126,2026-06-10,이미 있음(동일)
E:\기존 서류\이광재 부장 서류\기존서류 2\크래임관련(1)\크래임 관리대장\CLAIM 합의서(21년)\MFA2 CLAIM 합의서 (21.06.09).pdf,07_품질,폴더(크래임 관리대장),E:\SHINHWA\07_품질\2026\MFA2 CLAIM 합의서 (21.06.09).pdf,43,2026-06-10,이미 있음(동일)
E:\기존 서류\이광재 부장 서류\기존서류 2\크래임관련(1)\크래임 관리대장\CLAIM 합의서(21년)\MFA2 EVAP INLET 맞교환\mfa2 evap inlet CLAIM 합의서.pdf,07_품질,폴더(크래임 관리대장),E:\SHINHWA\07_품질\2026\mfa2 evap inlet CLAIM 합의서.pdf,41,2026-06-10,이미 있음(동일)
E:\기존 서류\이광재 부장 서류\기존서류 2\크래임관련(1)\크래임 관리대장\CLAIM 합의서(21년)\TF-U2 CLAIM 합의서 21.09.14.pdf,07_품질,폴더(크래임 관리대장),E:\SHINHWA\07_품질\2026\TF-U2 CLAIM 합의서 21.09.14.pdf,38,2026-06-10,이미 있음(동일)
E:\기존 서류\이광재 부장 서류\기존서류 2\크래임관련(1)\크래임 관리대장\CLAIM 합의서(21년)\ad gsl 갭불량 claim 협정서 (21.05.03).pdf,07_품질,폴더(크래임 관리대장),E:\SHINHWA\07_품질\2026\ad gsl 갭불량 claim 협정서 (21.05.03).pdf,40,2026-06-10,이미 있음(동일)
E:\기존 서류\이광재 부장 서류\기존서류 2\크래임관련(1)\크래임 관리대장\CLAIM 합의서(21년)\mfa2 evap assy\mfa2 evap assy claim 합의서.pdf,07_품질,폴더(크래임 관리대장),E:\SHINHWA\07_품질\2026\mfa2 evap assy claim 합의서.pdf,36,2026-06-10,이미 있음(동일)
E:\기존 서류\이광재 부장 서류\기존서류 2\크래임관련(1)\크래임 관리대장\CLAIM 합의서(21년)\mfa2 evap assy\신화 H&T Claim 합의서_85대 (1).pdf,07_품질,폴더(크래임 관리대장),E:\SHINHWA\07_품질\2026\신화 H&T Claim 합의서_85대 (1).pdf,159,2026-06-10,이미 있음(동일)
E:\기존 서류\이광재 부장 서류\기존서류 2\크래임관련(1)\태성정공\5월 용접불량.xlsx,07_품질,폴더(크래임관련(1)),E:\SHINHWA\07_품질\2026\5월 용접불량.xlsx,14,2026-06-10,이미 있음(동일)
E:\기존 서류\이광재 부장 서류\기존서류 2\크래임관련(1)\태성정공\Claim 발송공문-태성정공 8월.xlsx,07_품질,폴더(크래임관련(1)),E:\SHINHWA\07_품질\2026\Claim 발송공문-태성정공 8월.xlsx,246,2026-06-10,이미 있음(동일)
E:\기존 서류\이광재 부장 서류\기존서류 2\크래임관련(1)\태성정공\Claim 발송공문-태성정공 9월.xlsx,07_품질,폴더(크래임관련(1)),E:\SHINHWA\07_품질\2026\Claim 발송공문-태성정공 9월.xlsx,251,2026-06-10,이미 있음(동일)
E:\기존 서류\이광재 부장 서류\기존서류 2\크래임관련(1)\화인\TAM PE 내부 부식(산화)관련 협력 협의 내용 회의록.pdf,07_품질,폴더(크래임관련(1)),E:\SHINHWA\07_품질\2026\TAM PE 내부 부식(산화)관련 협력 협의 내용 회의록.pdf,15,2026-06-10,이미 있음(동일)
E:\기존 서류\이광재 부장 서류\기존서류 2\크래임관련(1)\화인\클레임 정산방안(240207) (2).pdf,07_품질,폴더(크래임관련(1)),E:\SHINHWA\07_품질\2026\클레임 정산방안(240207) (2).pdf,104,2026-06-10,이미 있음(동일)
E:\기존 서류\이광재 부장 서류\기존서류 2\크래임관련(1)\화인\화인 CLAIM 통보의 건 (24.01.16) (1).pdf,07_품질,폴더(크래임관련(1)),E:\SHINHWA\07_품질\2026\화인 CLAIM 통보의 건 (24.01.16) (1).pdf,163,2026-06-10,이미 있음(동일)
E:\기존 서류\이광재 부장 서류\기존서류 2\크래임관련(1)\휘일\CLAIM 공문_사인본 (휘일).pdf,07_품질,폴더(크래임관련(1)),E:\SHINHWA\07_품질\2026\CLAIM 공문_사인본 (휘일).pdf,120,2026-06-10,이미 있음(동일)
E:\기존 서류\이광재 부장 서류\기존서류 2\크래임관련(1)\휘일\첨부자료.1.pdf,07_품질,폴더(크래임관련(1)),E:\SHINHWA\07_품질\2026\첨부자료.1.pdf,735,2026-06-10,이미 있음(동일)
E:\기존 서류\이광재 부장 서류\기존서류 2\크래임관련(1)\휘일\첨부자료.2.pdf,07_품질,폴더(크래임관련(1)),E:\SHINHWA\07_품질\2026\첨부자료.2.pdf,1196,2026-06-10,이미 있음(동일)
E:\기존 서류\이광재 부장 서류\기존서류 2\크래임관련(1)\휘일\첨부자료.3.pdf,07_품질,폴더(크래임관련(1)),E:\SHINHWA\07_품질\2026\첨부자료.3.pdf,423,2026-06-10,이미 있음(동일)
E:\기존 서류\이광재 부장 서류\기존서류 2\크래임관련(1)\휘일\첨부자료.4.pdf,07_품질,폴더(크래임관련(1)),E:\SHINHWA\07_품질\2026\첨부자료.4.pdf,56,2026-06-10,이미 있음(동일)
E:\기존 서류\이광재 부장 서류\기존서류 2\크래임관련(1)\휘일\휘일 CLAIM 통보의 건 (23.11.07).xlsx,07_품질,폴더(크래임관련(1)),E:\SHINHWA\07_품질\2026\휘일 CLAIM 통보의 건 (23.11.07).xlsx,253,2026-06-10,이미 있음(동일)
E:\기존 서류\이광재 부장 서류\기존서류 2\크래임관련(1)\휘일\휘일 CLAIM 통보의 건 (23.12.01).xlsx,07_품질,폴더(크래임관련(1)),E:\SHINHWA\07_품질\2026\휘일 CLAIM 통보의 건 (23.12.01).xlsx,1275,2026-06-10,이미 있음(동일)
E:\기존 서류\이광재 부장 서류\기존서류 2\크래임관련(1)\휘일\휘일 두께 불량 회의록 231113 (1).pdf,07_품질,폴더(크래임관련(1)),E:\SHINHWA\07_품질\2026\휘일 두께 불량 회의록 231113 (1).pdf,262,2026-06-10,이미 있음(동일)
E:\기존 서류\이광재 부장 서류\기존서류 2\크래임관련(1)\휘일\휘일(pipe두께)\펀치 제작 비용.pdf,07_품질,폴더(크래임관련(1)),E:\SHINHWA\07_품질\2026\펀치 제작 비용.pdf,22,2026-06-10,이미 있음(동일)
E:\기존 서류\이광재 부장 서류\기존서류 2\크래임관련(1)\휘일\휘일(pipe두께)\휘일 두께 불량 회의록 231113.pdf,07_품질,폴더(크래임관련(1)),E:\SHINHWA\07_품질\2026\휘일 두께 불량 회의록 231113.pdf,262,2026-06-10,이미 있음(동일)
E:\기존 서류\이광재 부장 서류\기존서류 2\크래임관련(1)\휘일\휘일(pipe두께)\휘일.jpg,07_품질,폴더(크래임관련(1)),E:\SHINHWA\07_품질\2026\휘일.jpg,620,2026-06-10,이미 있음(동일)
E:\기존 서류\이광재 부장 서류\기존서류 2\크래임관련(1)\휘일\휘일(pipe두께)\휘일1.jpg,07_품질,폴더(크래임관련(1)),E:\SHINHWA\07_품질\2026\휘일1.jpg,552,2026-06-10,이미 있음(동일)
E:\기존 서류\이광재 부장 서류\기존서류 2\크래임관련(1)\휘일\휘일(pipe두께)\휘일2.jpg,07_품질,폴더(크래임관련(1)),E:\SHINHWA\07_품질\2026\휘일2.jpg,526,2026-06-10,이미 있음(동일)
E:\기존 서류\이광재 부장 서류\기존서류 2\크래임관련(1)\휘일\휘일(pipe두께)\휘일4.jpg,07_품질,폴더(크래임관련(1)),E:\SHINHWA\07_품질\2026\휘일4.jpg,525,2026-06-10,이미 있음(동일)
E:\기존 서류\이광재 부장 서류\기존서류 2\크래임관련(1)\휘일\휘일(pipe크랙)\거래명세표_신화H&T 12.28 크레임발생.pdf,07_품질,폴더(크래임관련(1)),E:\SHINHWA\07_품질\2026\거래명세표_신화H&T 12.28 크레임발생.pdf,107,2026-06-10,이미 있음(동일)
E:\기존 서류\이광재 부장 서류\기존서류 2\크래임관련(1)\휘일\휘일(pipe크랙)\첨부1.pdf,07_품질,폴더(크래임관련(1)),E:\SHINHWA\07_품질\2026\첨부1.pdf,290,2026-06-10,이미 있음(동일)
E:\기존 서류\이광재 부장 서류\기존서류 2\크래임관련(1)\휘일\휘일(pipe크랙)\첨부2.pdf,07_품질,폴더(크래임관련(1)),E:\SHINHWA\07_품질\2026\첨부2.pdf,190,2026-06-10,이미 있음(동일)
E:\기존 서류\이광재 부장 서류\기존서류 2\크래임관련(1)\휘일\휘일(pipe크랙)\첨부3.pdf,07_품질,폴더(크래임관련(1)),E:\SHINHWA\07_품질\2026\첨부3.pdf,147,2026-06-10,이미 있음(동일)
E:\기존 서류\이광재 부장 서류\기존서류 2\크래임관련(1)\휘일\휘일(pipe크랙)\첨부자료.1.pdf,07_품질,폴더(크래임관련(1)),E:\SHINHWA\07_품질\2026\첨부자료.1.pdf,735,2026-06-10,이미 있음(동일)
E:\기존 서류\이광재 부장 서류\기존서류 2\크래임관련(1)\휘일\휘일(pipe크랙)\첨부자료.2 (1).pdf,07_품질,폴더(크래임관련(1)),E:\SHINHWA\07_품질\2026\첨부자료.2 (1).pdf,1196,2026-06-10,이미 있음(동일)
E:\기존 서류\이광재 부장 서류\기존서류 2\크래임관련(1)\휘일\휘일(pipe크랙)\첨부자료.3.pdf,07_품질,폴더(크래임관련(1)),E:\SHINHWA\07_품질\2026\첨부자료.3.pdf,423,2026-06-10,이미 있음(동일)
E:\기존 서류\이광재 부장 서류\기존서류 2\크래임관련(1)\휘일\휘일(pipe크랙)\첨부자료.4.pdf,07_품질,폴더(크래임관련(1)),E:\SHINHWA\07_품질\2026\첨부자료.4.pdf,56,2026-06-10,이미 있음(동일)
E:\기존 서류\이광재 부장 서류\기존서류 2\크래임관련(1)\휘일\휘일(pipe크랙)\펀치 제작 비용.pdf,07_품질,폴더(크래임관련(1)),E:\SHINHWA\07_품질\2026\펀치 제작 비용.pdf,22,2026-06-10,이미 있음(동일)
E:\기존 서류\이광재 부장 서류\기존서류 2\크래임관련(1)\휘일\휘일(pipe크랙)\휘일 CLAIM 통보의 건 (23.12.28)_사인본.pdf,07_품질,폴더(크래임관련(1)),E:\SHINHWA\07_품질\2026\휘일 CLAIM 통보의 건 (23.12.28)_사인본.pdf,119,2026-06-10,이미 있음(동일)
E:\기존 서류\이광재 부장 서류\기존서류 2\크래임관련(1)\휘일\휘일(pipe크랙)\휘일_개선대책서_A3003 Ø8 x 1.0_크랙불량 (1).pdf,07_품질,폴더(크래임관련(1)),E:\SHINHWA\07_품질\2026\휘일_개선대책서_A3003 Ø8 x 1.0_크랙불량 (1).pdf,197,2026-06-10,이미 있음(동일)
E:\기존 서류\이광재 부장 서류\기존서류 2\크래임관련(1)\휘일\휘일(pipe크랙)\휘일_개선대책서_A3003 Ø8 x 1.0_크랙불량_20231213.pdf,07_품질,폴더(크래임관련(1)),E:\SHINHWA\07_품질\2026\휘일_개선대책서_A3003 Ø8 x 1.0_크랙불량_20231213.pdf,179,2026-06-10,이미 있음(동일)
E:\기존 서류\이광재 부장 서류\기존서류 2\크래임관련(1)\휘일\휘일_개선대책서_A3003 Ø8 x 1.0_크랙불량.pdf,07_품질,폴더(크래임관련(1)),E:\SHINHWA\07_품질\2026\휘일_개선대책서_A3003 Ø8 x 1.0_크랙불량.pdf,197,2026-06-10,이미 있음(동일)
E:\기존 서류\이광재 부장 서류\기존서류 2\크래임관련\SJ스틸\Claim 발송공문-SJ스틸9월.xlsx,07_품질,폴더(크래임관련),E:\SHINHWA\07_품질\2026\Claim 발송공문-SJ스틸9월.xlsx,246,2026-06-10,이미 있음(동일)
E:\기존 서류\이광재 부장 서류\기존서류 2\크래임관련\세원크래임\2022년\6.Claim 발송공문- 신화테크 11월.xlsx,07_품질,폴더(세원크래임),E:\SHINHWA\07_품질\2026\6.Claim 발송공문- 신화테크 11월.xlsx,33,2026-06-10,이미 있음(동일)
E:\기존 서류\이광재 부장 서류\기존서류 2\크래임관련\세원크래임\2022년\7.Claim 발송공문- 신화테크 10월..xlsx,07_품질,폴더(세원크래임),E:\SHINHWA\07_품질\2026\7.Claim 발송공문- 신화테크 10월..xlsx,33,2026-06-10,이미 있음(동일)
E:\기존 서류\이광재 부장 서류\기존서류 2\크래임관련\세원크래임\2022년\7.Claim 발송공문- 신화테크 12월.xlsx,07_품질,폴더(세원크래임),E:\SHINHWA\07_품질\2026\7.Claim 발송공문- 신화테크 12월.xlsx,33,2026-06-10,이미 있음(동일)
E:\기존 서류\이광재 부장 서류\기존서류 2\크래임관련\세원크래임\2022년\8.Claim 발송공문- 신화H&T 12월 (1).xlsx,07_품질,폴더(세원크래임),E:\SHINHWA\07_품질\2026\8.Claim 발송공문- 신화H&T 12월 (1).xlsx,33,2026-06-10,이미 있음(동일)
E:\기존 서류\이광재 부장 서류\기존서류 2\크래임관련\세원크래임\2022년\8.Claim 발송공문- 신화H&T 12월.xlsx,07_품질,폴더(세원크래임),E:\SHINHWA\07_품질\2026\8.Claim 발송공문- 신화H&T 12월.xlsx,33,2026-06-10,이미 있음(동일)
E:\기존 서류\이광재 부장 서류\기존서류 2\크래임관련\세원크래임\2022년\AL PIPE 부적합품 CLAIM(아보텍)_220405 미완.xlsx,07_품질,폴더(세원크래임),E:\SHINHWA\07_품질\2026\AL PIPE 부적합품 CLAIM(아보텍)_220405 미완.xlsx,60,2026-06-10,이미 있음(동일)
E:\기존 서류\이광재 부장 서류\기존서류 2\크래임관련\세원크래임\2022년\AL PIPE 부적합품 CLAIM(아보텍)_220405.pdf,07_품질,폴더(세원크래임),E:\SHINHWA\07_품질\2026\AL PIPE 부적합품 CLAIM(아보텍)_220405.pdf,78,2026-06-10,이미 있음(동일)
E:\기존 서류\이광재 부장 서류\기존서류 2\크래임관련\세원크래임\2022년\AL PIPE 부적합품 CLAIM(휘일)_220209.xlsx,07_품질,폴더(세원크래임),E:\SHINHWA\07_품질\2026\AL PIPE 부적합품 CLAIM(휘일)_220209.xlsx,62,2026-06-10,이미 있음(동일)
E:\기존 서류\이광재 부장 서류\기존서류 2\크래임관련\세원크래임\2022년\AL PIPE 부적합품 CLAIM(휘일)_220216.xlsx,07_품질,폴더(세원크래임),E:\SHINHWA\07_품질\2026\AL PIPE 부적합품 CLAIM(휘일)_220216.xlsx,60,2026-06-10,이미 있음(동일)
E:\기존 서류\이광재 부장 서류\기존서류 2\크래임관련\세원크래임\2022년\AL PIPE 부적합품 CLAIM(휘일)_220228.pdf,07_품질,폴더(세원크래임),E:\SHINHWA\07_품질\2026\AL PIPE 부적합품 CLAIM(휘일)_220228.pdf,101,2026-06-10,이미 있음(동일)
E:\기존 서류\이광재 부장 서류\기존서류 2\크래임관련\세원크래임\2022년\BRKT 부적합품 CLAIM(성한정공)_221024 미완.xlsx,07_품질,폴더(세원크래임),E:\SHINHWA\07_품질\2026\BRKT 부적합품 CLAIM(성한정공)_221024 미완.xlsx,11778,2026-06-10,이미 있음(동일)
E:\기존 서류\이광재 부장 서류\기존서류 2\크래임관련\세원크래임\2022년\MQ4_RR(2638407X) BRKT 불량(성한정공)_221018.xlsx,07_품질,폴더(세원크래임),E:\SHINHWA\07_품질\2026\MQ4_RR(2638407X) BRKT 불량(성한정공)_221018.xlsx,129271,2026-06-10,이미 있음(동일)
E:\기존 서류\이광재 부장 서류\기존서류 2\크래임관련\세원크래임\2022년\PDEN PE 신냉매 부적합품 CLAIM(아이정밀)_220609.pdf,07_품질,폴더(세원크래임),E:\SHINHWA\07_품질\2026\PDEN PE 신냉매 부적합품 CLAIM(아이정밀)_220609.pdf,83,2026-06-10,이미 있음(동일)
E:\기존 서류\이광재 부장 서류\기존서류 2\크래임관련\세원크래임\2022년\PDEN PE 신냉매 부적합품 CLAIM(아이정밀)_220609.xlsx,07_품질,폴더(세원크래임),E:\SHINHWA\07_품질\2026\PDEN PE 신냉매 부적합품 CLAIM(아이정밀)_220609.xlsx,60,2026-06-10,이미 있음(동일)
E:\기존 서류\이광재 부장 서류\기존서류 2\크래임관련\세원크래임\2022년\PIPE ASSY 금형및검사구 현황.xlsx,07_품질,폴더(세원크래임),E:\SHINHWA\07_품질\2026\PIPE ASSY 금형및검사구 현황.xlsx,19,2026-06-10,이미 있음(동일)
E:\기존 서류\이광재 부장 서류\기존서류 2\크래임관련\세원크래임\2022년\SUS 304 8파이 부적합품 CLAIM(SJ-STEEL)_220405.pdf,07_품질,폴더(세원크래임),E:\SHINHWA\07_품질\2026\SUS 304 8파이 부적합품 CLAIM(SJ-STEEL)_220405.pdf,102,2026-06-10,이미 있음(동일)
E:\기존 서류\이광재 부장 서류\기존서류 2\크래임관련\세원크래임\2022년\SUS 304 8파이 부적합품 CLAIM(SJ-STEEL)_220405.xlsx,07_품질,폴더(세원크래임),E:\SHINHWA\07_품질\2026\SUS 304 8파이 부적합품 CLAIM(SJ-STEEL)_220405.xlsx,61,2026-06-10,이미 있음(동일)
E:\기존 서류\이광재 부장 서류\기존서류 2\크래임관련\세원크래임\2023년\0.Claim 발송공문- 신화H&T 11월 (1).pdf,07_품질,폴더(세원크래임),E:\SHINHWA\07_품질\2026\0.Claim 발송공문- 신화H&T 11월 (1).pdf,214,2026-06-10,이미 있음(동일)
E:\기존 서류\이광재 부장 서류\기존서류 2\크래임관련\세원크래임\2023년\0.Claim 발송공문- 신화H&T 11월.2.pdf,07_품질,폴더(세원크래임),E:\SHINHWA\07_품질\2026\0.Claim 발송공문- 신화H&T 11월.2.pdf,227,2026-06-10,이미 있음(동일)
E:\기존 서류\이광재 부장 서류\기존서류 2\크래임관련\세원크래임\2023년\11.Claim 발송공문- 신화H&T 6월.xlsx,07_품질,폴더(세원크래임),E:\SHINHWA\07_품질\2026\11.Claim 발송공문- 신화H&T 6월.xlsx,252,2026-06-10,이미 있음(동일)
E:\기존 서류\이광재 부장 서류\기존서류 2\크래임관련\세원크래임\2023년\11.Claim 합의서 - 신화H&T 11월.pdf,07_품질,폴더(세원크래임),E:\SHINHWA\07_품질\2026\11.Claim 합의서 - 신화H&T 11월.pdf,98,2026-06-10,이미 있음(동일)
E:\기존 서류\이광재 부장 서류\기존서류 2\크래임관련\세원크래임\2023년\3.Claim 발송공문- 신화H&T 4월.xlsx,07_품질,폴더(세원크래임),E:\SHINHWA\07_품질\2026\3.Claim 발송공문- 신화H&T 4월.xlsx,34,2026-06-10,이미 있음(동일)
E:\기존 서류\이광재 부장 서류\기존서류 2\크래임관련\세원크래임\2023년\4.Claim 발송공문- 신화H&T 7월.xlsx,07_품질,폴더(세원크래임),E:\SHINHWA\07_품질\2026\4.Claim 발송공문- 신화H&T 7월.xlsx,34,2026-06-10,이미 있음(동일)
E:\기존 서류\이광재 부장 서류\기존서류 2\크래임관련\세원크래임\2023년\5.Claim 발송공문- 신화H&T 9월.xlsx,07_품질,폴더(세원크래임),E:\SHINHWA\07_품질\2026\5.Claim 발송공문- 신화H&T 9월.xlsx,38,2026-06-10,이미 있음(동일)
E:\기존 서류\이광재 부장 서류\기존서류 2\크래임관련\세원크래임\2023년\6.5.Claim 발송공문- 신화H&T 6월.xlsx,07_품질,폴더(세원크래임),E:\SHINHWA\07_품질\2026\6.5.Claim 발송공문- 신화H&T 6월.xlsx,278,2026-06-10,이미 있음(동일)
E:\기존 서류\이광재 부장 서류\기존서류 2\크래임관련\세원크래임\2023년\6.Claim 발송공문- 신화H&T 10월.pdf,07_품질,폴더(세원크래임),E:\SHINHWA\07_품질\2026\6.Claim 발송공문- 신화H&T 10월.pdf,151,2026-06-10,이미 있음(동일)
E:\기존 서류\이광재 부장 서류\기존서류 2\크래임관련\세원크래임\2023년\6.Claim 발송공문- 신화H&T 6월.xlsx,07_품질,폴더(세원크래임),E:\SHINHWA\07_품질\2026\6.Claim 발송공문- 신화H&T 6월.xlsx,33,2026-06-10,이미 있음(동일)
E:\기존 서류\이광재 부장 서류\기존서류 2\크래임관련\세원크래임\2023년\6.Claim 발송공문- 신화테크 1월.xlsx,07_품질,폴더(세원크래임),E:\SHINHWA\07_품질\2026\6.Claim 발송공문- 신화테크 1월.xlsx,34,2026-06-10,이미 있음(동일)
E:\기존 서류\이광재 부장 서류\기존서류 2\크래임관련\세원크래임\2023년\6.Claim 발송공문- 신화테크 3월.xlsx,07_품질,폴더(세원크래임),E:\SHINHWA\07_품질\2026\6.Claim 발송공문- 신화테크 3월.xlsx,34,2026-06-10,이미 있음(동일)
E:\기존 서류\이광재 부장 서류\기존서류 2\크래임관련\세원크래임\2023년\7.Claim 발송공문- 신화테크 2월.xlsx,07_품질,폴더(세원크래임),E:\SHINHWA\07_품질\2026\7.Claim 발송공문- 신화테크 2월.xlsx,34,2026-06-10,이미 있음(동일)
E:\기존 서류\이광재 부장 서류\기존서류 2\크래임관련\세원크래임\2023년\8.Claim 발송공문- 신화H&T 8월.xlsx,07_품질,폴더(세원크래임),E:\SHINHWA\07_품질\2026\8.Claim 발송공문- 신화H&T 8월.xlsx,33,2026-06-10,이미 있음(동일)
E:\기존 서류\이광재 부장 서류\기존서류 2\크래임관련\세원크래임\2023년\9.Claim 발송공문- 신화H&T 2월.xlsx,07_품질,폴더(세원크래임),E:\SHINHWA\07_품질\2026\9.Claim 발송공문- 신화H&T 2월.xlsx,33,2026-06-10,이미 있음(동일)
E:\기존 서류\이광재 부장 서류\기존서류 2\크래임관련\세원크래임\2023년\C519 COVER ASY INLET CLAIM 합의서.신화H&T_세원 합의서.pdf,07_품질,폴더(세원크래임),E:\SHINHWA\07_품질\2026\C519 COVER ASY INLET CLAIM 합의서.신화H&T_세원 합의서.pdf,376,2026-06-10,이미 있음(동일)
E:\기존 서류\이광재 부장 서류\기존서류 2\크래임관련\세원크래임\2023년\C519 COVER ASY INLET CLAIM 합의서.신화H&T_세원 합의서.최종.pdf,07_품질,폴더(세원크래임),E:\SHINHWA\07_품질\2026\C519 COVER ASY INLET CLAIM 합의서.신화H&T_세원 합의서.최종.pdf,311,2026-06-10,이미 있음(동일)
E:\기존 서류\이광재 부장 서류\기존서류 2\크래임관련\세원크래임\2023년\CLAIM 합의서.pdf,07_품질,폴더(세원크래임),E:\SHINHWA\07_품질\2026\CLAIM 합의서.pdf,298,2026-06-10,이미 있음(동일)
E:\기존 서류\이광재 부장 서류\기존서류 2\크래임관련\세원크래임\2023년\CN7 J.F 위치 불량 Claim합의서_231219.pdf,07_품질,폴더(세원크래임),E:\SHINHWA\07_품질\2026\CN7 J.F 위치 불량 Claim합의서_231219.pdf,323,2026-06-10,이미 있음(동일)
E:\기존 서류\이광재 부장 서류\기존서류 2\크래임관련\세원크래임\2023년\Claim 발송공문- 신화 H&T.C519 Gap 불량Claim.60%.rev (1).xlsx,07_품질,폴더(세원크래임),E:\SHINHWA\07_품질\2026\Claim 발송공문- 신화 H&T.C519 Gap 불량Claim.60%.rev (1).xlsx,58,2026-06-10,이미 있음(동일)
E:\기존 서류\이광재 부장 서류\기존서류 2\크래임관련\세원크래임\2023년\Claim 발송공문- 신화 H&T.C519 Gap 불량Claim.60%.xlsx,07_품질,폴더(세원크래임),E:\SHINHWA\07_품질\2026\Claim 발송공문- 신화 H&T.C519 Gap 불량Claim.60%.xlsx,58,2026-06-10,이미 있음(동일)
E:\기존 서류\이광재 부장 서류\기존서류 2\크래임관련\세원크래임\2023년\Claim 발송공문_231214 (1).xlsx,07_품질,폴더(세원크래임),E:\SHINHWA\07_품질\2026\Claim 발송공문_231214 (1).xlsx,698,2026-06-10,이미 있음(동일)
E:\기존 서류\이광재 부장 서류\기존서류 2\크래임관련\세원크래임\2023년\J.FLANGE 코킹부 내측 탄화 불량 Claim합의서_231219.pdf,07_품질,폴더(세원크래임),E:\SHINHWA\07_품질\2026\J.FLANGE 코킹부 내측 탄화 불량 Claim합의서_231219.pdf,311,2026-06-10,이미 있음(동일)
E:\기존 서류\이광재 부장 서류\기존서류 2\크래임관련\세원크래임\2023년\TAMPE 12파이 파이프 내측 부식 Claim합의서_231219.pdf,07_품질,폴더(세원크래임),E:\SHINHWA\07_품질\2026\TAMPE 12파이 파이프 내측 부식 Claim합의서_231219.pdf,306,2026-06-10,이미 있음(동일)
E:\기존 서류\이광재 부장 서류\기존서류 2\크래임관련\세원크래임\2023년\WithAttachments (1).htm,07_품질,폴더(세원크래임),E:\SHINHWA\07_품질\2026\WithAttachments (1).htm,1,2026-06-10,이미 있음(동일)
E:\기존 서류\이광재 부장 서류\기존서류 2\크래임관련\세원크래임\2023년\신화.zip,07_품질,폴더(세원크래임),E:\SHINHWA\07_품질\2026\신화.zip,618,2026-06-10,이미 있음(동일)
E:\기존 서류\이광재 부장 서류\기존서류 2\크래임관련\세원크래임\2023년\크래임 합의서.pdf,07_품질,폴더(세원크래임),E:\SHINHWA\07_품질\2026\크래임 합의서.pdf,28,2026-06-10,이미 있음(동일)
E:\기존 서류\이광재 부장 서류\기존서류 2\크래임관련\세원크래임\2023년\항공 클래임 비용 회의록.pdf,07_품질,폴더(세원크래임),E:\SHINHWA\07_품질\2026\항공 클래임 비용 회의록.pdf,353,2026-06-10,이미 있음(동일)
E:\기존 서류\이광재 부장 서류\기존서류 2\크래임관련\세원크래임\2024년\5.Claim 합의서 - 신화H&T 2월.pdf,07_품질,폴더(세원크래임),E:\SHINHWA\07_품질\2026\5.Claim 합의서 - 신화H&T 2월.pdf,98,2026-06-10,이미 있음(동일)
E:\기존 서류\이광재 부장 서류\기존서류 2\크래임관련\세원크래임\2024년\6.Claim 합의서 - 신화H&T 1월 (1).pdf,07_품질,폴더(세원크래임),E:\SHINHWA\07_품질\2026\6.Claim 합의서 - 신화H&T 1월 (1).pdf,101,2026-06-10,이미 있음(동일)
E:\기존 서류\이광재 부장 서류\기존서류 2\크래임관련\세원크래임\2024년\SC 830 3자 선별 공문\SSJ 7211-A  - SERVICE PROPOSAL - JANUARY 2024.pdf,07_품질,폴더(세원크래임),E:\SHINHWA\07_품질\2026\SSJ 7211-A  - SERVICE PROPOSAL - JANUARY 2024.pdf,199,2026-06-10,이미 있음(동일)
E:\기존 서류\이광재 부장 서류\기존서류 2\크래임관련\세원크래임\2024년\SC 830 3자 선별 공문\SSJ 7211-B  - SERVICE PROPOSAL - JANUARY 2024.pdf,07_품질,폴더(세원크래임),E:\SHINHWA\07_품질\2026\SSJ 7211-B  - SERVICE PROPOSAL - JANUARY 2024.pdf,199,2026-06-10,이미 있음(동일)
E:\기존 서류\이광재 부장 서류\기존서류 2\크래임관련\신형 NUT\신형크래임 배상의 건.xlsx,07_품질,폴더(크래임관련),E:\SHINHWA\07_품질\2026\신형크래임 배상의 건.xlsx,201,2026-06-10,이미 있음(동일)
E:\기존 서류\이광재 부장 서류\기존서류 2\크래임관련\아보텍\3.Claim 발송공문- 신화H&T 4월.xlsx,07_품질,폴더(크래임관련),E:\SHINHWA\07_품질\2026\3.Claim 발송공문- 신화H&T 4월.xlsx,33,2026-06-10,복사 → E:\SHINHWA\07_품질\2026\3.Claim 발송공문- 신화H&T 4월_v2.xlsx
E:\기존 서류\이광재 부장 서류\기존서류 2\크래임관련\아보텍\4.Claim 발송공문- 신화H&T 5월.xlsx,07_품질,폴더(크래임관련),E:\SHINHWA\07_품질\2026\4.Claim 발송공문- 신화H&T 5월.xlsx,33,2026-06-10,이미 있음(동일)
E:\기존 서류\이광재 부장 서류\기존서류 2\크래임관련\아보텍\Claim 발송공문_231214 (3).pdf,07_품질,폴더(크래임관련),E:\SHINHWA\07_품질\2026\Claim 발송공문_231214 (3).pdf,88,2026-06-10,이미 있음(동일)
E:\기존 서류\이광재 부장 서류\기존서류 2\크래임관련\아보텍\Claim 발송공문_231214 (4).xlsx,07_품질,폴더(크래임관련),E:\SHINHWA\07_품질\2026\Claim 발송공문_231214 (4).xlsx,698,2026-06-10,이미 있음(동일)
E:\기존 서류\이광재 부장 서류\기존서류 2\크래임관련\아보텍\TAM PE PIPE내부 부식관련 회의록.pdf,07_품질,폴더(크래임관련),E:\SHINHWA\07_품질\2026\TAM PE PIPE내부 부식관련 회의록.pdf,301,2026-06-10,이미 있음(동일)
E:\기존 서류\이광재 부장 서류\기존서류 2\크래임관련\아보텍\TAM PE 내부 부식(산화)관련 협력 협의 내용 회의록.pdf,07_품질,폴더(크래임관련),E:\SHINHWA\07_품질\2026\TAM PE 내부 부식(산화)관련 협력 협의 내용 회의록.pdf,15,2026-06-10,이미 있음(동일)
E:\기존 서류\이광재 부장 서류\기존서류 2\크래임관련\아보텍\TAM 내부 부식관련 업무 전개(화인).xlsx,07_품질,폴더(크래임관련),E:\SHINHWA\07_품질\2026\TAM 내부 부식관련 업무 전개(화인).xlsx,8,2026-06-10,이미 있음(동일)
E:\기존 서류\이광재 부장 서류\기존서류 2\크래임관련\아보텍\공문(부식관련 이의공문)231221.xlsx,07_품질,폴더(크래임관련),E:\SHINHWA\07_품질\2026\공문(부식관련 이의공문)231221.xlsx,30,2026-06-10,이미 있음(동일)
E:\기존 서류\이광재 부장 서류\기존서류 2\크래임관련\아보텍\화인3003압출파이브변색부위관찰건 (231219).pdf,07_품질,폴더(크래임관련),E:\SHINHWA\07_품질\2026\화인3003압출파이브변색부위관찰건 (231219).pdf,502,2026-06-10,이미 있음(동일)
E:\기존 서류\이광재 부장 서류\기존서류 2\크래임관련\주신정밀\Claim 발송공문- 주신정밀 7월.xlsx,07_품질,폴더(크래임관련),E:\SHINHWA\07_품질\2026\Claim 발송공문- 주신정밀 7월.xlsx,46,2026-06-10,이미 있음(동일)
E:\기존 서류\이광재 부장 서류\기존서류 2\크래임관련\주신정밀\새 Microsoft Excel 워크시트.xlsx,07_품질,폴더(크래임관련),E:\SHINHWA\07_품질\2026\새 Microsoft Excel 워크시트.xlsx,18,2026-06-10,이미 있음(동일)
E:\기존 서류\이광재 부장 서류\기존서류 2\크래임관련\크래임 관리대장\2022년 크래임 현황\2022년 크레임 청구 및 접수.xlsx,07_품질,폴더(2022년 크래임 현황),E:\SHINHWA\07_품질\2026\2022년 크레임 청구 및 접수.xlsx,53,2026-06-10,이미 있음(동일)
E:\기존 서류\이광재 부장 서류\기존서류 2\크래임관련\크래임 관리대장\2022년 크래임 현황\크래임 현황\3.Claim 발송공문- 신화H&T 4월.xlsx,07_품질,폴더(크래임 현황),E:\SHINHWA\07_품질\2026\3.Claim 발송공문- 신화H&T 4월.xlsx,33,2026-06-10,복사 → E:\SHINHWA\07_품질\2026\3.Claim 발송공문- 신화H&T 4월_v2.xlsx
E:\기존 서류\이광재 부장 서류\기존서류 2\크래임관련\크래임 관리대장\2022년 크래임 현황\크래임 현황\4.Claim 발송공문- 신화H&T 5월.xlsx,07_품질,폴더(크래임 현황),E:\SHINHWA\07_품질\2026\4.Claim 발송공문- 신화H&T 5월.xlsx,33,2026-06-10,이미 있음(동일)
E:\기존 서류\이광재 부장 서류\기존서류 2\크래임관련\크래임 관리대장\2022년 크래임 현황\크래임 현황\7.Claim 발송공문- 신화테크 10월..xlsx,07_품질,폴더(크래임 현황),E:\SHINHWA\07_품질\2026\7.Claim 발송공문- 신화테크 10월..xlsx,33,2026-06-10,이미 있음(동일)
E:\기존 서류\이광재 부장 서류\기존서류 2\크래임관련\크래임 관리대장\2022년 크래임 현황\크래임 현황\PIPE ASSY 금형및검사구 현황.xlsx,07_품질,폴더(크래임 현황),E:\SHINHWA\07_품질\2026\PIPE ASSY 금형및검사구 현황.xlsx,19,2026-06-10,이미 있음(동일)
E:\기존 서류\이광재 부장 서류\기존서류 2\크래임관련\크래임 관리대장\2022년 크래임 현황\크래임 현황\협력사\5월 용접불량.xlsx,07_품질,폴더(크래임 현황),E:\SHINHWA\07_품질\2026\5월 용접불량.xlsx,14,2026-06-10,이미 있음(동일)
E:\기존 서류\이광재 부장 서류\기존서류 2\크래임관련\크래임 관리대장\2022년 크래임 현황\크래임 현황\협력사\AL PIPE 부적합품 CLAIM(아보텍)_220405 미완.xlsx,07_품질,폴더(크래임 현황),E:\SHINHWA\07_품질\2026\AL PIPE 부적합품 CLAIM(아보텍)_220405 미완.xlsx,60,2026-06-10,이미 있음(동일)
E:\기존 서류\이광재 부장 서류\기존서류 2\크래임관련\크래임 관리대장\2022년 크래임 현황\크래임 현황\협력사\AL PIPE 부적합품 CLAIM(아보텍)_220405.pdf,07_품질,폴더(크래임 현황),E:\SHINHWA\07_품질\2026\AL PIPE 부적합품 CLAIM(아보텍)_220405.pdf,78,2026-06-10,이미 있음(동일)
E:\기존 서류\이광재 부장 서류\기존서류 2\크래임관련\크래임 관리대장\2022년 크래임 현황\크래임 현황\협력사\AL PIPE 부적합품 CLAIM(휘일)_220209.xlsx,07_품질,폴더(크래임 현황),E:\SHINHWA\07_품질\2026\AL PIPE 부적합품 CLAIM(휘일)_220209.xlsx,62,2026-06-10,이미 있음(동일)
E:\기존 서류\이광재 부장 서류\기존서류 2\크래임관련\크래임 관리대장\2022년 크래임 현황\크래임 현황\협력사\AL PIPE 부적합품 CLAIM(휘일)_220216.xlsx,07_품질,폴더(크래임 현황),E:\SHINHWA\07_품질\2026\AL PIPE 부적합품 CLAIM(휘일)_220216.xlsx,60,2026-06-10,이미 있음(동일)
E:\기존 서류\이광재 부장 서류\기존서류 2\크래임관련\크래임 관리대장\2022년 크래임 현황\크래임 현황\협력사\AL PIPE 부적합품 CLAIM(휘일)_220228.pdf,07_품질,폴더(크래임 현황),E:\SHINHWA\07_품질\2026\AL PIPE 부적합품 CLAIM(휘일)_220228.pdf,101,2026-06-10,이미 있음(동일)
E:\기존 서류\이광재 부장 서류\기존서류 2\크래임관련\크래임 관리대장\2022년 크래임 현황\크래임 현황\협력사\BRKT 부적합품 CLAIM(성한정공)_221024 미완.xlsx,07_품질,폴더(크래임 현황),E:\SHINHWA\07_품질\2026\BRKT 부적합품 CLAIM(성한정공)_221024 미완.xlsx,11778,2026-06-10,이미 있음(동일)
E:\기존 서류\이광재 부장 서류\기존서류 2\크래임관련\크래임 관리대장\2022년 크래임 현황\크래임 현황\협력사\MQ4_RR(2638407X) BRKT 불량(성한정공)_221018.xlsx,07_품질,폴더(크래임 현황),E:\SHINHWA\07_품질\2026\MQ4_RR(2638407X) BRKT 불량(성한정공)_221018.xlsx,129271,2026-06-10,이미 있음(동일)
E:\기존 서류\이광재 부장 서류\기존서류 2\크래임관련\크래임 관리대장\2022년 크래임 현황\크래임 현황\협력사\PDEN PE 신냉매 부적합품 CLAIM(아이정밀)_220609.pdf,07_품질,폴더(크래임 현황),E:\SHINHWA\07_품질\2026\PDEN PE 신냉매 부적합품 CLAIM(아이정밀)_220609.pdf,83,2026-06-10,이미 있음(동일)
E:\기존 서류\이광재 부장 서류\기존서류 2\크래임관련\크래임 관리대장\2022년 크래임 현황\크래임 현황\협력사\PDEN PE 신냉매 부적합품 CLAIM(아이정밀)_220609.xlsx,07_품질,폴더(크래임 현황),E:\SHINHWA\07_품질\2026\PDEN PE 신냉매 부적합품 CLAIM(아이정밀)_220609.xlsx,60,2026-06-10,이미 있음(동일)
E:\기존 서류\이광재 부장 서류\기존서류 2\크래임관련\크래임 관리대장\2022년 크래임 현황\크래임 현황\협력사\SUS 304 8파이 부적합품 CLAIM(SJ-STEEL)_220405.pdf,07_품질,폴더(크래임 현황),E:\SHINHWA\07_품질\2026\SUS 304 8파이 부적합품 CLAIM(SJ-STEEL)_220405.pdf,102,2026-06-10,이미 있음(동일)
E:\기존 서류\이광재 부장 서류\기존서류 2\크래임관련\크래임 관리대장\2022년 크래임 현황\크래임 현황\협력사\SUS 304 8파이 부적합품 CLAIM(SJ-STEEL)_220405.xlsx,07_품질,폴더(크래임 현황),E:\SHINHWA\07_품질\2026\SUS 304 8파이 부적합품 CLAIM(SJ-STEEL)_220405.xlsx,61,2026-06-10,이미 있음(동일)
E:\기존 서류\이광재 부장 서류\기존서류 2\크래임관련\크래임 관리대장\2023년 크래임 현황\크래임관리대장(고객사).XLS,07_품질,폴더(2023년 크래임 현황),E:\SHINHWA\07_품질\2026\크래임관리대장(고객사).XLS,120,2026-06-10,이미 있음(동일)
E:\기존 서류\이광재 부장 서류\기존서류 2\크래임관련\크래임 관리대장\2023년 크래임 현황\크래임관리대장(협력사).XLS,07_품질,폴더(2023년 크래임 현황),E:\SHINHWA\07_품질\2026\크래임관리대장(협력사).XLS,96,2026-06-10,이미 있음(동일)
E:\기존 서류\이광재 부장 서류\기존서류 2\크래임관련\크래임 관리대장\2024년 크래임 현황\크래임관리대장(고객사).XLS,07_품질,폴더(2024년 크래임 현황),E:\SHINHWA\07_품질\2026\크래임관리대장(고객사).XLS,100,2026-06-10,복사 → E:\SHINHWA\07_품질\2026\크래임관리대장(고객사)_v2.XLS
E:\기존 서류\이광재 부장 서류\기존서류 2\크래임관련\크래임 관리대장\2024년 크래임 현황\크래임관리대장(협력사).XLS,07_품질,폴더(2024년 크래임 현황),E:\SHINHWA\07_품질\2026\크래임관리대장(협력사).XLS,91,2026-06-10,복사 → E:\SHINHWA\07_품질\2026\크래임관리대장(협력사)_v2.XLS
E:\기존 서류\이광재 부장 서류\기존서류 2\크래임관련\크래임 관리대장\CLAIM 합의서(21년)\CN7 12파이 길이 불량\CN7 12파이 길이 불량 claim.pdf,07_품질,폴더(CN7 12파이 길이 불량),E:\SHINHWA\07_품질\2026\CN7 12파이 길이 불량 claim.pdf,42,2026-06-10,이미 있음(동일)
E:\기존 서류\이광재 부장 서류\기존서류 2\크래임관련\크래임 관리대장\CLAIM 합의서(21년)\CN7 12파이 포밍치수 불량 CLAIM 합의서.pdf,07_품질,폴더(크래임 관리대장),E:\SHINHWA\07_품질\2026\CN7 12파이 포밍치수 불량 CLAIM 합의서.pdf,34,2026-06-10,이미 있음(동일)
E:\기존 서류\이광재 부장 서류\기존서류 2\크래임관련\크래임 관리대장\CLAIM 합의서(21년)\CN7 TGDI 핀 불량 CLAIM 협정서 (21.06.02).pdf,07_품질,폴더(크래임 관리대장),E:\SHINHWA\07_품질\2026\CN7 TGDI 핀 불량 CLAIM 협정서 (21.06.02).pdf,67,2026-06-10,이미 있음(동일)
E:\기존 서류\이광재 부장 서류\기존서류 2\크래임관련\크래임 관리대장\CLAIM 합의서(21년)\CN7 구냉매 12파이 확관 불량 CLAIM 합의서.pdf,07_품질,폴더(크래임 관리대장),E:\SHINHWA\07_품질\2026\CN7 구냉매 12파이 확관 불량 CLAIM 합의서.pdf,62,2026-06-10,이미 있음(동일)
E:\기존 서류\이광재 부장 서류\기존서류 2\크래임관련\크래임 관리대장\CLAIM 합의서(21년)\JA 12T 파이프 불량 (22.02.08).pdf,07_품질,폴더(크래임 관리대장),E:\SHINHWA\07_품질\2026\JA 12T 파이프 불량 (22.02.08).pdf,46,2026-06-10,이미 있음(동일)
E:\기존 서류\이광재 부장 서류\기존서류 2\크래임관련\크래임 관리대장\CLAIM 합의서(21년)\MFA tube inlet Claim 합의서 (21.04.27).pdf,07_품질,폴더(크래임 관리대장),E:\SHINHWA\07_품질\2026\MFA tube inlet Claim 합의서 (21.04.27).pdf,126,2026-06-10,이미 있음(동일)
E:\기존 서류\이광재 부장 서류\기존서류 2\크래임관련\크래임 관리대장\CLAIM 합의서(21년)\MFA2 CLAIM 합의서 (21.06.09).pdf,07_품질,폴더(크래임 관리대장),E:\SHINHWA\07_품질\2026\MFA2 CLAIM 합의서 (21.06.09).pdf,43,2026-06-10,이미 있음(동일)
E:\기존 서류\이광재 부장 서류\기존서류 2\크래임관련\크래임 관리대장\CLAIM 합의서(21년)\MFA2 EVAP INLET 맞교환\mfa2 evap inlet CLAIM 합의서.pdf,07_품질,폴더(크래임 관리대장),E:\SHINHWA\07_품질\2026\mfa2 evap inlet CLAIM 합의서.pdf,41,2026-06-10,이미 있음(동일)
E:\기존 서류\이광재 부장 서류\기존서류 2\크래임관련\크래임 관리대장\CLAIM 합의서(21년)\TF-U2 CLAIM 합의서 21.09.14.pdf,07_품질,폴더(크래임 관리대장),E:\SHINHWA\07_품질\2026\TF-U2 CLAIM 합의서 21.09.14.pdf,38,2026-06-10,이미 있음(동일)
E:\기존 서류\이광재 부장 서류\기존서류 2\크래임관련\크래임 관리대장\CLAIM 합의서(21년)\ad gsl 갭불량 claim 협정서 (21.05.03).pdf,07_품질,폴더(크래임 관리대장),E:\SHINHWA\07_품질\2026\ad gsl 갭불량 claim 협정서 (21.05.03).pdf,40,2026-06-10,이미 있음(동일)
E:\기존 서류\이광재 부장 서류\기존서류 2\크래임관련\크래임 관리대장\CLAIM 합의서(21년)\mfa2 evap assy\mfa2 evap assy claim 합의서.pdf,07_품질,폴더(크래임 관리대장),E:\SHINHWA\07_품질\2026\mfa2 evap assy claim 합의서.pdf,36,2026-06-10,이미 있음(동일)
E:\기존 서류\이광재 부장 서류\기존서류 2\크래임관련\크래임 관리대장\CLAIM 합의서(21년)\mfa2 evap assy\신화 H&T Claim 합의서_85대 (1).pdf,07_품질,폴더(크래임 관리대장),E:\SHINHWA\07_품질\2026\신화 H&T Claim 합의서_85대 (1).pdf,159,2026-06-10,이미 있음(동일)
E:\기존 서류\이광재 부장 서류\기존서류 2\크래임관련\태성정공\5월 용접불량.xlsx,07_품질,폴더(크래임관련),E:\SHINHWA\07_품질\2026\5월 용접불량.xlsx,14,2026-06-10,이미 있음(동일)
E:\기존 서류\이광재 부장 서류\기존서류 2\크래임관련\태성정공\Claim 발송공문-태성정공 8월.xlsx,07_품질,폴더(크래임관련),E:\SHINHWA\07_품질\2026\Claim 발송공문-태성정공 8월.xlsx,246,2026-06-10,이미 있음(동일)
E:\기존 서류\이광재 부장 서류\기존서류 2\크래임관련\태성정공\Claim 발송공문-태성정공 9월.xlsx,07_품질,폴더(크래임관련),E:\SHINHWA\07_품질\2026\Claim 발송공문-태성정공 9월.xlsx,251,2026-06-10,이미 있음(동일)
E:\기존 서류\이광재 부장 서류\기존서류 2\크래임관련\화인\TAM PE 내부 부식(산화)관련 협력 협의 내용 회의록.pdf,07_품질,폴더(크래임관련),E:\SHINHWA\07_품질\2026\TAM PE 내부 부식(산화)관련 협력 협의 내용 회의록.pdf,15,2026-06-10,이미 있음(동일)
E:\기존 서류\이광재 부장 서류\기존서류 2\크래임관련\화인\클레임 정산방안(240207) (2).pdf,07_품질,폴더(크래임관련),E:\SHINHWA\07_품질\2026\클레임 정산방안(240207) (2).pdf,104,2026-06-10,이미 있음(동일)
E:\기존 서류\이광재 부장 서류\기존서류 2\크래임관련\화인\화인 CLAIM 통보의 건 (24.01.16) (1).pdf,07_품질,폴더(크래임관련),E:\SHINHWA\07_품질\2026\화인 CLAIM 통보의 건 (24.01.16) (1).pdf,163,2026-06-10,이미 있음(동일)
E:\기존 서류\이광재 부장 서류\기존서류 2\크래임관련\휘일\CLAIM 공문_사인본 (휘일).pdf,07_품질,폴더(크래임관련),E:\SHINHWA\07_품질\2026\CLAIM 공문_사인본 (휘일).pdf,120,2026-06-10,이미 있음(동일)
E:\기존 서류\이광재 부장 서류\기존서류 2\크래임관련\휘일\첨부자료.1.pdf,07_품질,폴더(크래임관련),E:\SHINHWA\07_품질\2026\첨부자료.1.pdf,735,2026-06-10,이미 있음(동일)
E:\기존 서류\이광재 부장 서류\기존서류 2\크래임관련\휘일\첨부자료.2.pdf,07_품질,폴더(크래임관련),E:\SHINHWA\07_품질\2026\첨부자료.2.pdf,1196,2026-06-10,이미 있음(동일)
E:\기존 서류\이광재 부장 서류\기존서류 2\크래임관련\휘일\첨부자료.3.pdf,07_품질,폴더(크래임관련),E:\SHINHWA\07_품질\2026\첨부자료.3.pdf,423,2026-06-10,이미 있음(동일)
E:\기존 서류\이광재 부장 서류\기존서류 2\크래임관련\휘일\첨부자료.4.pdf,07_품질,폴더(크래임관련),E:\SHINHWA\07_품질\2026\첨부자료.4.pdf,56,2026-06-10,이미 있음(동일)
E:\기존 서류\이광재 부장 서류\기존서류 2\크래임관련\휘일\휘일 CLAIM 통보의 건 (23.11.07).xlsx,07_품질,폴더(크래임관련),E:\SHINHWA\07_품질\2026\휘일 CLAIM 통보의 건 (23.11.07).xlsx,253,2026-06-10,이미 있음(동일)
E:\기존 서류\이광재 부장 서류\기존서류 2\크래임관련\휘일\휘일 CLAIM 통보의 건 (23.12.01).xlsx,07_품질,폴더(크래임관련),E:\SHINHWA\07_품질\2026\휘일 CLAIM 통보의 건 (23.12.01).xlsx,1275,2026-06-10,이미 있음(동일)
E:\기존 서류\이광재 부장 서류\기존서류 2\크래임관련\휘일\휘일 두께 불량 회의록 231113 (1).pdf,07_품질,폴더(크래임관련),E:\SHINHWA\07_품질\2026\휘일 두께 불량 회의록 231113 (1).pdf,262,2026-06-10,이미 있음(동일)
E:\기존 서류\이광재 부장 서류\기존서류 2\크래임관련\휘일\휘일(pipe두께)\펀치 제작 비용.pdf,07_품질,폴더(크래임관련),E:\SHINHWA\07_품질\2026\펀치 제작 비용.pdf,22,2026-06-10,이미 있음(동일)
E:\기존 서류\이광재 부장 서류\기존서류 2\크래임관련\휘일\휘일(pipe두께)\휘일 두께 불량 회의록 231113.pdf,07_품질,폴더(크래임관련),E:\SHINHWA\07_품질\2026\휘일 두께 불량 회의록 231113.pdf,262,2026-06-10,이미 있음(동일)
E:\기존 서류\이광재 부장 서류\기존서류 2\크래임관련\휘일\휘일(pipe두께)\휘일.jpg,07_품질,폴더(크래임관련),E:\SHINHWA\07_품질\2026\휘일.jpg,620,2026-06-10,이미 있음(동일)
E:\기존 서류\이광재 부장 서류\기존서류 2\크래임관련\휘일\휘일(pipe두께)\휘일1.jpg,07_품질,폴더(크래임관련),E:\SHINHWA\07_품질\2026\휘일1.jpg,552,2026-06-10,이미 있음(동일)
E:\기존 서류\이광재 부장 서류\기존서류 2\크래임관련\휘일\휘일(pipe두께)\휘일2.jpg,07_품질,폴더(크래임관련),E:\SHINHWA\07_품질\2026\휘일2.jpg,526,2026-06-10,이미 있음(동일)
E:\기존 서류\이광재 부장 서류\기존서류 2\크래임관련\휘일\휘일(pipe두께)\휘일4.jpg,07_품질,폴더(크래임관련),E:\SHINHWA\07_품질\2026\휘일4.jpg,525,2026-06-10,이미 있음(동일)
E:\기존 서류\이광재 부장 서류\기존서류 2\크래임관련\휘일\휘일(pipe크랙)\거래명세표_신화H&T 12.28 크레임발생.pdf,07_품질,폴더(크래임관련),E:\SHINHWA\07_품질\2026\거래명세표_신화H&T 12.28 크레임발생.pdf,107,2026-06-10,이미 있음(동일)
E:\기존 서류\이광재 부장 서류\기존서류 2\크래임관련\휘일\휘일(pipe크랙)\첨부1.pdf,07_품질,폴더(크래임관련),E:\SHINHWA\07_품질\2026\첨부1.pdf,290,2026-06-10,이미 있음(동일)
E:\기존 서류\이광재 부장 서류\기존서류 2\크래임관련\휘일\휘일(pipe크랙)\첨부2.pdf,07_품질,폴더(크래임관련),E:\SHINHWA\07_품질\2026\첨부2.pdf,190,2026-06-10,이미 있음(동일)
E:\기존 서류\이광재 부장 서류\기존서류 2\크래임관련\휘일\휘일(pipe크랙)\첨부3.pdf,07_품질,폴더(크래임관련),E:\SHINHWA\07_품질\2026\첨부3.pdf,147,2026-06-10,이미 있음(동일)
E:\기존 서류\이광재 부장 서류\기존서류 2\크래임관련\휘일\휘일(pipe크랙)\첨부자료.1.pdf,07_품질,폴더(크래임관련),E:\SHINHWA\07_품질\2026\첨부자료.1.pdf,735,2026-06-10,이미 있음(동일)
E:\기존 서류\이광재 부장 서류\기존서류 2\크래임관련\휘일\휘일(pipe크랙)\첨부자료.2 (1).pdf,07_품질,폴더(크래임관련),E:\SHINHWA\07_품질\2026\첨부자료.2 (1).pdf,1196,2026-06-10,이미 있음(동일)
E:\기존 서류\이광재 부장 서류\기존서류 2\크래임관련\휘일\휘일(pipe크랙)\첨부자료.3.pdf,07_품질,폴더(크래임관련),E:\SHINHWA\07_품질\2026\첨부자료.3.pdf,423,2026-06-10,이미 있음(동일)
E:\기존 서류\이광재 부장 서류\기존서류 2\크래임관련\휘일\휘일(pipe크랙)\첨부자료.4.pdf,07_품질,폴더(크래임관련),E:\SHINHWA\07_품질\2026\첨부자료.4.pdf,56,2026-06-10,이미 있음(동일)
E:\기존 서류\이광재 부장 서류\기존서류 2\크래임관련\휘일\휘일(pipe크랙)\펀치 제작 비용.pdf,07_품질,폴더(크래임관련),E:\SHINHWA\07_품질\2026\펀치 제작 비용.pdf,22,2026-06-10,이미 있음(동일)
E:\기존 서류\이광재 부장 서류\기존서류 2\크래임관련\휘일\휘일(pipe크랙)\휘일 CLAIM 통보의 건 (23.12.28)_사인본.pdf,07_품질,폴더(크래임관련),E:\SHINHWA\07_품질\2026\휘일 CLAIM 통보의 건 (23.12.28)_사인본.pdf,119,2026-06-10,이미 있음(동일)
E:\기존 서류\이광재 부장 서류\기존서류 2\크래임관련\휘일\휘일(pipe크랙)\휘일_개선대책서_A3003 Ø8 x 1.0_크랙불량 (1).pdf,07_품질,폴더(크래임관련),E:\SHINHWA\07_품질\2026\휘일_개선대책서_A3003 Ø8 x 1.0_크랙불량 (1).pdf,197,2026-06-10,이미 있음(동일)
E:\기존 서류\이광재 부장 서류\기존서류 2\크래임관련\휘일\휘일(pipe크랙)\휘일_개선대책서_A3003 Ø8 x 1.0_크랙불량_20231213.pdf,07_품질,폴더(크래임관련),E:\SHINHWA\07_품질\2026\휘일_개선대책서_A3003 Ø8 x 1.0_크랙불량_20231213.pdf,179,2026-06-10,이미 있음(동일)
E:\기존 서류\이광재 부장 서류\기존서류 2\크래임관련\휘일\휘일_개선대책서_A3003 Ø8 x 1.0_크랙불량.pdf,07_품질,폴더(크래임관련),E:\SHINHWA\07_품질\2026\휘일_개선대책서_A3003 Ø8 x 1.0_크랙불량.pdf,197,2026-06-10,이미 있음(동일)
E:\기존 서류\이광재 부장 서류\기존서류 2\특별특성(1)\공정능력 분석 AD 230727.xlsx,07_품질,폴더 지정(특별특성),E:\SHINHWA\07_품질\2026\공정능력 분석 AD 230727.xlsx,208,2026-06-10,이미 있음(동일)
E:\기존 서류\이광재 부장 서류\기존서류 2\특별특성(1)\공정능력 분석 AD 231018.xlsx,07_품질,폴더 지정(특별특성),E:\SHINHWA\07_품질\2026\공정능력 분석 AD 231018.xlsx,208,2026-06-10,이미 있음(동일)
E:\기존 서류\이광재 부장 서류\기존서류 2\특별특성(1)\공정능력 분석 MQ4 2301018.xlsx,07_품질,폴더 지정(특별특성),E:\SHINHWA\07_품질\2026\공정능력 분석 MQ4 2301018.xlsx,208,2026-06-10,이미 있음(동일)
E:\기존 서류\이광재 부장 서류\기존서류 2\특별특성(1)\공정능력 분석 MQ4 230727.xlsx,07_품질,폴더 지정(특별특성),E:\SHINHWA\07_품질\2026\공정능력 분석 MQ4 230727.xlsx,209,2026-06-10,이미 있음(동일)
E:\기존 서류\이광재 부장 서류\기존서류 2\특별특성(1)\공정능력 분석 PD 230727.xlsx,07_품질,폴더 지정(특별특성),E:\SHINHWA\07_품질\2026\공정능력 분석 PD 230727.xlsx,208,2026-06-10,이미 있음(동일)
E:\기존 서류\이광재 부장 서류\기존서류 2\특별특성(1)\공정능력 분석 PD 231017.xlsx,07_품질,폴더 지정(특별특성),E:\SHINHWA\07_품질\2026\공정능력 분석 PD 231017.xlsx,208,2026-06-10,이미 있음(동일)
E:\기존 서류\이광재 부장 서류\기존서류 2\특별특성(1)\공정능력 분석 US4 231012.xlsx,07_품질,폴더 지정(특별특성),E:\SHINHWA\07_품질\2026\공정능력 분석 US4 231012.xlsx,207,2026-06-10,이미 있음(동일)
E:\기존 서류\이광재 부장 서류\기존서류 2\특별특성(1)\공정능력 분석 US4 231213.xlsx,07_품질,폴더 지정(특별특성),E:\SHINHWA\07_품질\2026\공정능력 분석 US4 231213.xlsx,207,2026-06-10,이미 있음(동일)
E:\기존 서류\이광재 부장 서류\기존서류 2\특별특성(1)\특별특성.xls,07_품질,폴더 지정(특별특성),E:\SHINHWA\07_품질\2026\특별특성.xls,64,2026-06-10,이미 있음(동일)
E:\기존 서류\이광재 부장 서류\기존서류 2\특별특성(1)\특별특성관리(지침서).doc,07_품질,폴더 지정(특별특성),E:\SHINHWA\07_품질\2026\특별특성관리(지침서).doc,80,2026-06-10,이미 있음(동일)
E:\기존 서류\이광재 부장 서류\기존서류 2\특별특성\공정능력 분석 AD 230727.xlsx,07_품질,폴더 지정(특별특성),E:\SHINHWA\07_품질\2026\공정능력 분석 AD 230727.xlsx,208,2026-06-10,이미 있음(동일)
E:\기존 서류\이광재 부장 서류\기존서류 2\특별특성\공정능력 분석 AD 231018.xlsx,07_품질,폴더 지정(특별특성),E:\SHINHWA\07_품질\2026\공정능력 분석 AD 231018.xlsx,208,2026-06-10,이미 있음(동일)
E:\기존 서류\이광재 부장 서류\기존서류 2\특별특성\공정능력 분석 MQ4 2301018.xlsx,07_품질,폴더 지정(특별특성),E:\SHINHWA\07_품질\2026\공정능력 분석 MQ4 2301018.xlsx,208,2026-06-10,이미 있음(동일)
E:\기존 서류\이광재 부장 서류\기존서류 2\특별특성\공정능력 분석 MQ4 230727.xlsx,07_품질,폴더 지정(특별특성),E:\SHINHWA\07_품질\2026\공정능력 분석 MQ4 230727.xlsx,209,2026-06-10,이미 있음(동일)
E:\기존 서류\이광재 부장 서류\기존서류 2\특별특성\공정능력 분석 PD 230727.xlsx,07_품질,폴더 지정(특별특성),E:\SHINHWA\07_품질\2026\공정능력 분석 PD 230727.xlsx,208,2026-06-10,이미 있음(동일)
E:\기존 서류\이광재 부장 서류\기존서류 2\특별특성\공정능력 분석 PD 231017.xlsx,07_품질,폴더 지정(특별특성),E:\SHINHWA\07_품질\2026\공정능력 분석 PD 231017.xlsx,208,2026-06-10,이미 있음(동일)
E:\기존 서류\이광재 부장 서류\기존서류 2\특별특성\공정능력 분석 US4 231012.xlsx,07_품질,폴더 지정(특별특성),E:\SHINHWA\07_품질\2026\공정능력 분석 US4 231012.xlsx,207,2026-06-10,이미 있음(동일)
E:\기존 서류\이광재 부장 서류\기존서류 2\특별특성\공정능력 분석 US4 231213.xlsx,07_품질,폴더 지정(특별특성),E:\SHINHWA\07_품질\2026\공정능력 분석 US4 231213.xlsx,207,2026-06-10,이미 있음(동일)
E:\기존 서류\이광재 부장 서류\기존서류 2\특별특성\특별특성.xls,07_품질,폴더 지정(특별특성),E:\SHINHWA\07_품질\2026\특별특성.xls,64,2026-06-10,이미 있음(동일)
E:\기존 서류\이광재 부장 서류\기존서류 2\특별특성\특별특성관리(지침서).doc,07_품질,폴더 지정(특별특성),E:\SHINHWA\07_품질\2026\특별특성관리(지침서).doc,80,2026-06-10,이미 있음(동일)
E:\기존 서류\이광재 부장 서류\기존서류 2\팀별 월간 불량 집계 현황(1)\23년 월간 품질 종합 집계 현황.xlsx,07_품질,폴더(팀별 월간 불량 집계 현황(1)),E:\SHINHWA\07_품질\2026\23년 월간 품질 종합 집계 현황.xlsx,38,2026-06-10,이미 있음(동일)
E:\기존 서류\이광재 부장 서류\기존서류 2\팀별 월간 불량 집계 현황(1)\23년 팀별 월간 품질 불량 대응(출장) 집계 현황.xlsx,07_품질,폴더(팀별 월간 불량 집계 현황(1)),E:\SHINHWA\07_품질\2026\23년 팀별 월간 품질 불량 대응(출장) 집계 현황.xlsx,73,2026-06-10,이미 있음(동일)
E:\기존 서류\이광재 부장 서류\기존서류 2\팀별 월간 불량 집계 현황(1)\24년 월간 품질 종합 집계 현황.xlsx,07_품질,폴더(팀별 월간 불량 집계 현황(1)),E:\SHINHWA\07_품질\2026\24년 월간 품질 종합 집계 현황.xlsx,48,2026-06-10,이미 있음(동일)
E:\기존 서류\이광재 부장 서류\기존서류 2\팀별 월간 불량 집계 현황(1)\24년 팀별 월간 품질 불량 대응(출장) 집계 현황.xlsx,07_품질,폴더(팀별 월간 불량 집계 현황(1)),E:\SHINHWA\07_품질\2026\24년 팀별 월간 품질 불량 대응(출장) 집계 현황.xlsx,76,2026-06-10,이미 있음(동일)
E:\기존 서류\이광재 부장 서류\기존서류 2\팀별 월간 불량 집계 현황\23년 월간 품질 종합 집계 현황.xlsx,07_품질,폴더(팀별 월간 불량 집계 현황),E:\SHINHWA\07_품질\2026\23년 월간 품질 종합 집계 현황.xlsx,38,2026-06-10,이미 있음(동일)
E:\기존 서류\이광재 부장 서류\기존서류 2\팀별 월간 불량 집계 현황\23년 팀별 월간 품질 불량 대응(출장) 집계 현황.xlsx,07_품질,폴더(팀별 월간 불량 집계 현황),E:\SHINHWA\07_품질\2026\23년 팀별 월간 품질 불량 대응(출장) 집계 현황.xlsx,73,2026-06-10,이미 있음(동일)
E:\기존 서류\이광재 부장 서류\기존서류 2\팀별 월간 불량 집계 현황\24년 월간 품질 종합 집계 현황.xlsx,07_품질,폴더(팀별 월간 불량 집계 현황),E:\SHINHWA\07_품질\2026\24년 월간 품질 종합 집계 현황.xlsx,48,2026-06-10,이미 있음(동일)
E:\기존 서류\이광재 부장 서류\기존서류 2\팀별 월간 불량 집계 현황\24년 팀별 월간 품질 불량 대응(출장) 집계 현황.xlsx,07_품질,폴더(팀별 월간 불량 집계 현황),E:\SHINHWA\07_품질\2026\24년 팀별 월간 품질 불량 대응(출장) 집계 현황.xlsx,76,2026-06-10,이미 있음(동일)
E:\기존 서류\이광재 부장 서류\기존서류 2\품질 내부감사(1)\2022년 내부감사\2022년 공정심사.xlsx,07_품질,폴더(품질 내부감사(1)),E:\SHINHWA\07_품질\2026\2022년 공정심사.xlsx,24,2026-06-10,이미 있음(동일)
E:\기존 서류\이광재 부장 서류\기존서류 2\품질 내부감사(1)\2022년 내부감사\2022년 내부감사결과보고서.xlsx,07_품질,폴더(품질 내부감사(1)),E:\SHINHWA\07_품질\2026\2022년 내부감사결과보고서.xlsx,207,2026-06-10,이미 있음(동일)
E:\기존 서류\이광재 부장 서류\기존서류 2\품질 내부감사(1)\2022년 내부감사\2022년 내부감사계획.xlsx,07_품질,폴더(품질 내부감사(1)),E:\SHINHWA\07_품질\2026\2022년 내부감사계획.xlsx,29,2026-06-10,이미 있음(동일)
E:\기존 서류\이광재 부장 서류\기존서류 2\품질 내부감사(1)\2022년 내부감사\2022년 내부감사계획보고서.xlsx,07_품질,폴더(품질 내부감사(1)),E:\SHINHWA\07_품질\2026\2022년 내부감사계획보고서.xlsx,46,2026-06-10,이미 있음(동일)
E:\기존 서류\이광재 부장 서류\기존서류 2\품질 내부감사(1)\2022년 내부감사\2022년 내부감사세부계획서.xlsx,07_품질,폴더(품질 내부감사(1)),E:\SHINHWA\07_품질\2026\2022년 내부감사세부계획서.xlsx,23,2026-06-10,이미 있음(동일)
E:\기존 서류\이광재 부장 서류\기존서류 2\품질 내부감사(1)\2022년 내부감사\2022년 시스템심사.xlsx,07_품질,폴더(품질 내부감사(1)),E:\SHINHWA\07_품질\2026\2022년 시스템심사.xlsx,32,2026-06-10,이미 있음(동일)
E:\기존 서류\이광재 부장 서류\기존서류 2\품질 내부감사(1)\2022년 내부감사\2022년 제품심사.xlsx,07_품질,폴더(품질 내부감사(1)),E:\SHINHWA\07_품질\2026\2022년 제품심사.xlsx,17,2026-06-10,이미 있음(동일)
E:\기존 서류\이광재 부장 서류\기존서류 2\품질 내부감사(1)\2022년 내부감사\내부감사 지적사항.xls,07_품질,폴더(품질 내부감사(1)),E:\SHINHWA\07_품질\2026\내부감사 지적사항.xls,33091,2026-06-10,이미 있음(동일)
E:\기존 서류\이광재 부장 서류\기존서류 2\품질 내부감사(1)\2022년 내부감사\내부심사원 자격 인증서(2022년).xls,07_품질,폴더(품질 내부감사(1)),E:\SHINHWA\07_품질\2026\내부심사원 자격 인증서(2022년).xls,10590,2026-06-10,이미 있음(동일)
E:\기존 서류\이광재 부장 서류\기존서류 2\품질 내부감사(1)\2022년 내부감사\리스크분석 관리대장(2022년).xlsx,07_품질,폴더(품질 내부감사(1)),E:\SHINHWA\07_품질\2026\리스크분석 관리대장(2022년).xlsx,235,2026-06-10,이미 있음(동일)
E:\기존 서류\이광재 부장 서류\기존서류 2\품질 내부감사(1)\2022년 내부감사\자격인증등록대장(2022년).xls,07_품질,폴더(품질 내부감사(1)),E:\SHINHWA\07_품질\2026\자격인증등록대장(2022년).xls,87,2026-06-10,이미 있음(동일)
E:\기존 서류\이광재 부장 서류\기존서류 2\품질 내부감사(1)\2023년 내부감사\2023년 공정심사1.xlsx,07_품질,폴더(품질 내부감사(1)),E:\SHINHWA\07_품질\2026\2023년 공정심사1.xlsx,26,2026-06-10,이미 있음(동일)
E:\기존 서류\이광재 부장 서류\기존서류 2\품질 내부감사(1)\2023년 내부감사\2023년 내부감사결과보고서.xlsx,07_품질,폴더(품질 내부감사(1)),E:\SHINHWA\07_품질\2026\2023년 내부감사결과보고서.xlsx,270,2026-06-10,이미 있음(동일)
E:\기존 서류\이광재 부장 서류\기존서류 2\품질 내부감사(1)\2023년 내부감사\2023년 내부감사계획.xlsx,07_품질,폴더(품질 내부감사(1)),E:\SHINHWA\07_품질\2026\2023년 내부감사계획.xlsx,47,2026-06-10,이미 있음(동일)
E:\기존 서류\이광재 부장 서류\기존서류 2\품질 내부감사(1)\2023년 내부감사\2023년 내부감사계획보고서.xlsx,07_품질,폴더(품질 내부감사(1)),E:\SHINHWA\07_품질\2026\2023년 내부감사계획보고서.xlsx,53,2026-06-10,이미 있음(동일)
E:\기존 서류\이광재 부장 서류\기존서류 2\품질 내부감사(1)\2023년 내부감사\2023년 내부감사세부계획서.xlsx,07_품질,폴더(품질 내부감사(1)),E:\SHINHWA\07_품질\2026\2023년 내부감사세부계획서.xlsx,34,2026-06-10,이미 있음(동일)
E:\기존 서류\이광재 부장 서류\기존서류 2\품질 내부감사(1)\2023년 내부감사\2023년 내부공정감사  체크시트 _230726 신화에이치앤티.xlsx,07_품질,폴더(품질 내부감사(1)),E:\SHINHWA\07_품질\2026\2023년 내부공정감사  체크시트 _230726 신화에이치앤티.xlsx,7037,2026-06-10,이미 있음(동일)
E:\기존 서류\이광재 부장 서류\기존서류 2\품질 내부감사(1)\2023년 내부감사\2023년 시스템심사.xlsx,07_품질,폴더(품질 내부감사(1)),E:\SHINHWA\07_품질\2026\2023년 시스템심사.xlsx,32,2026-06-10,이미 있음(동일)
E:\기존 서류\이광재 부장 서류\기존서류 2\품질 내부감사(1)\2023년 내부감사\2023년 제품심사.xlsx,07_품질,폴더(품질 내부감사(1)),E:\SHINHWA\07_품질\2026\2023년 제품심사.xlsx,22,2026-06-10,이미 있음(동일)
E:\기존 서류\이광재 부장 서류\기존서류 2\품질 내부감사(1)\2023년 내부감사\내부감사 지적사항.xls,07_품질,폴더(품질 내부감사(1)),E:\SHINHWA\07_품질\2026\내부감사 지적사항.xls,4187,2026-06-10,복사 → E:\SHINHWA\07_품질\2026\내부감사 지적사항_v2.xls
E:\기존 서류\이광재 부장 서류\기존서류 2\품질 내부감사(1)\2023년 내부감사\내부심사원 자격 인증서(2023년).xls,07_품질,폴더(품질 내부감사(1)),E:\SHINHWA\07_품질\2026\내부심사원 자격 인증서(2023년).xls,11481,2026-06-10,이미 있음(동일)
E:\기존 서류\이광재 부장 서류\기존서류 2\품질 내부감사(1)\2023년 내부감사\리스크분석 관리대장(2023년).xlsx,07_품질,폴더(품질 내부감사(1)),E:\SHINHWA\07_품질\2026\리스크분석 관리대장(2023년).xlsx,272,2026-06-10,이미 있음(동일)
E:\기존 서류\이광재 부장 서류\기존서류 2\품질 내부감사(1)\2023년 내부감사\자격인증등록대장(2023년).xls,07_품질,폴더(품질 내부감사(1)),E:\SHINHWA\07_품질\2026\자격인증등록대장(2023년).xls,87,2026-06-10,이미 있음(동일)
E:\기존 서류\이광재 부장 서류\기존서류 2\품질 내부감사(1)\2024년 내부감사\2024년 공정심사 CHECK SHEET.xlsx,07_품질,폴더(품질 내부감사(1)),E:\SHINHWA\07_품질\2026\2024년 공정심사 CHECK SHEET.xlsx,25,2026-06-10,이미 있음(동일)
E:\기존 서류\이광재 부장 서류\기존서류 2\품질 내부감사(1)\2024년 내부감사\2024년 내부감사계획.xlsx,07_품질,폴더(품질 내부감사(1)),E:\SHINHWA\07_품질\2026\2024년 내부감사계획.xlsx,66,2026-06-10,이미 있음(동일)
E:\기존 서류\이광재 부장 서류\기존서류 2\품질 내부감사(1)\2024년 내부감사\2024년 내부감사계획보고서.xlsx,07_품질,폴더(품질 내부감사(1)),E:\SHINHWA\07_품질\2026\2024년 내부감사계획보고서.xlsx,331,2026-06-10,이미 있음(동일)
E:\기존 서류\이광재 부장 서류\기존서류 2\품질 내부감사(1)\2024년 내부감사\2024년 내부감사세부계획서.xlsx,07_품질,폴더(품질 내부감사(1)),E:\SHINHWA\07_품질\2026\2024년 내부감사세부계획서.xlsx,63,2026-06-10,이미 있음(동일)
E:\기존 서류\이광재 부장 서류\기존서류 2\품질 내부감사(1)\2024년 내부감사\2024년 시스템심사.xlsx,07_품질,폴더(품질 내부감사(1)),E:\SHINHWA\07_품질\2026\2024년 시스템심사.xlsx,31,2026-06-10,이미 있음(동일)
E:\기존 서류\이광재 부장 서류\기존서류 2\품질 내부감사(1)\2024년 내부감사\2024년 제품심사 CHECK SHEET.xlsx,07_품질,폴더(품질 내부감사(1)),E:\SHINHWA\07_품질\2026\2024년 제품심사 CHECK SHEET.xlsx,20,2026-06-10,이미 있음(동일)
E:\기존 서류\이광재 부장 서류\기존서류 2\품질 내부감사(1)\2024년 내부감사\내부감사 지적사항.xls,07_품질,폴더(품질 내부감사(1)),E:\SHINHWA\07_품질\2026\내부감사 지적사항.xls,4187,2026-06-10,복사 → E:\SHINHWA\07_품질\2026\내부감사 지적사항_v3.xls
E:\기존 서류\이광재 부장 서류\기존서류 2\품질 내부감사(1)\2024년 내부감사\내부심사원 자격 인증서.xls,07_품질,폴더(품질 내부감사(1)),E:\SHINHWA\07_품질\2026\내부심사원 자격 인증서.xls,11529,2026-06-10,이미 있음(동일)
E:\기존 서류\이광재 부장 서류\기존서류 2\품질 내부감사(1)\2024년 내부감사\자격인증등록대장.xls,07_품질,폴더(품질 내부감사(1)),E:\SHINHWA\07_품질\2026\자격인증등록대장.xls,45,2026-06-10,이미 있음(동일)
E:\기존 서류\이광재 부장 서류\기존서류 2\품질 내부감사(1)\정성품질 체크시트 지적사항 20230810 (포레시아).pptx,07_품질,폴더(품질 내부감사(1)),E:\SHINHWA\07_품질\2026\정성품질 체크시트 지적사항 20230810 (포레시아).pptx,18122,2026-06-10,이미 있음(동일)
E:\기존 서류\이광재 부장 서류\기존서류 2\품질 내부감사(1)\정성품질 향상활동결과.xlsx의 프레젠테이션.pptx-230531.pptx,07_품질,폴더(품질 내부감사(1)),E:\SHINHWA\07_품질\2026\정성품질 향상활동결과.xlsx의 프레젠테이션.pptx-230531.pptx,4664,2026-06-10,이미 있음(동일)
E:\기존 서류\이광재 부장 서류\기존서류 2\품질 내부감사(1)\정성품질 활동 _점검 체크시트 _230726 신화에이치앤티.xlsx,07_품질,폴더(품질 내부감사(1)),E:\SHINHWA\07_품질\2026\정성품질 활동 _점검 체크시트 _230726 신화에이치앤티.xlsx,7036,2026-06-10,이미 있음(동일)
E:\기존 서류\이광재 부장 서류\기존서류 2\품질 내부감사(1)\품질 이상처리 FLOW(1)\5. 비상대응시 지침서-REV.1.xls,07_품질,폴더(품질 이상처리 FLOW(1)),E:\SHINHWA\07_품질\2026\5. 비상대응시 지침서-REV.1.xls,436,2026-06-10,이미 있음(동일)
E:\기존 서류\이광재 부장 서류\기존서류 2\품질 내부감사(1)\품질 이상처리 FLOW(1)\IKI-03 비상계획 지침서(개정).xls,07_품질,폴더(품질 이상처리 FLOW(1)),E:\SHINHWA\07_품질\2026\IKI-03 비상계획 지침서(개정).xls,2626,2026-06-10,이미 있음(동일)
E:\기존 서류\이광재 부장 서류\기존서류 2\품질 내부감사(1)\품질 이상처리 FLOW(1)\공정불량처리FLOW.xls,07_품질,폴더(품질 이상처리 FLOW(1)),E:\SHINHWA\07_품질\2026\공정불량처리FLOW.xls,867,2026-06-10,이미 있음(동일)
E:\기존 서류\이광재 부장 서류\기존서류 2\품질 내부감사(1)\품질 이상처리 FLOW(1)\부적합품처리FLOW.xls,07_품질,폴더(품질 이상처리 FLOW(1)),E:\SHINHWA\07_품질\2026\부적합품처리FLOW.xls,987,2026-06-10,이미 있음(동일)
E:\기존 서류\이광재 부장 서류\기존서류 2\품질 내부감사(1)\품질 이상처리 FLOW(1)\수입검사이상처리FLOW.xls,07_품질,폴더(품질 이상처리 FLOW(1)),E:\SHINHWA\07_품질\2026\수입검사이상처리FLOW.xls,867,2026-06-10,이미 있음(동일)
E:\기존 서류\이광재 부장 서류\기존서류 2\품질 내부감사(1)\품질 이상처리 FLOW(1)\품질업무 FLOW.xls,07_품질,폴더(품질 이상처리 FLOW(1)),E:\SHINHWA\07_품질\2026\품질업무 FLOW.xls,535,2026-06-10,이미 있음(동일)
E:\기존 서류\이광재 부장 서류\기존서류 2\품질 내부감사\2022년 내부감사\2022년 공정심사.xlsx,07_품질,폴더(품질 내부감사),E:\SHINHWA\07_품질\2026\2022년 공정심사.xlsx,24,2026-06-10,이미 있음(동일)
E:\기존 서류\이광재 부장 서류\기존서류 2\품질 내부감사\2022년 내부감사\2022년 내부감사결과보고서.xlsx,07_품질,폴더(품질 내부감사),E:\SHINHWA\07_품질\2026\2022년 내부감사결과보고서.xlsx,207,2026-06-10,이미 있음(동일)
E:\기존 서류\이광재 부장 서류\기존서류 2\품질 내부감사\2022년 내부감사\2022년 내부감사계획.xlsx,07_품질,폴더(품질 내부감사),E:\SHINHWA\07_품질\2026\2022년 내부감사계획.xlsx,29,2026-06-10,이미 있음(동일)
E:\기존 서류\이광재 부장 서류\기존서류 2\품질 내부감사\2022년 내부감사\2022년 내부감사계획보고서.xlsx,07_품질,폴더(품질 내부감사),E:\SHINHWA\07_품질\2026\2022년 내부감사계획보고서.xlsx,46,2026-06-10,이미 있음(동일)
E:\기존 서류\이광재 부장 서류\기존서류 2\품질 내부감사\2022년 내부감사\2022년 내부감사세부계획서.xlsx,07_품질,폴더(품질 내부감사),E:\SHINHWA\07_품질\2026\2022년 내부감사세부계획서.xlsx,23,2026-06-10,이미 있음(동일)
E:\기존 서류\이광재 부장 서류\기존서류 2\품질 내부감사\2022년 내부감사\2022년 시스템심사.xlsx,07_품질,폴더(품질 내부감사),E:\SHINHWA\07_품질\2026\2022년 시스템심사.xlsx,32,2026-06-10,이미 있음(동일)
E:\기존 서류\이광재 부장 서류\기존서류 2\품질 내부감사\2022년 내부감사\2022년 제품심사.xlsx,07_품질,폴더(품질 내부감사),E:\SHINHWA\07_품질\2026\2022년 제품심사.xlsx,17,2026-06-10,이미 있음(동일)
E:\기존 서류\이광재 부장 서류\기존서류 2\품질 내부감사\2022년 내부감사\내부감사 지적사항.xls,07_품질,폴더(품질 내부감사),E:\SHINHWA\07_품질\2026\내부감사 지적사항.xls,33091,2026-06-10,이미 있음(동일)
E:\기존 서류\이광재 부장 서류\기존서류 2\품질 내부감사\2022년 내부감사\내부심사원 자격 인증서(2022년).xls,07_품질,폴더(품질 내부감사),E:\SHINHWA\07_품질\2026\내부심사원 자격 인증서(2022년).xls,10590,2026-06-10,이미 있음(동일)
E:\기존 서류\이광재 부장 서류\기존서류 2\품질 내부감사\2022년 내부감사\리스크분석 관리대장(2022년).xlsx,07_품질,폴더(품질 내부감사),E:\SHINHWA\07_품질\2026\리스크분석 관리대장(2022년).xlsx,235,2026-06-10,이미 있음(동일)
E:\기존 서류\이광재 부장 서류\기존서류 2\품질 내부감사\2022년 내부감사\자격인증등록대장(2022년).xls,07_품질,폴더(품질 내부감사),E:\SHINHWA\07_품질\2026\자격인증등록대장(2022년).xls,87,2026-06-10,이미 있음(동일)
E:\기존 서류\이광재 부장 서류\기존서류 2\품질 내부감사\2023년 내부감사\2023년 공정심사1.xlsx,07_품질,폴더(품질 내부감사),E:\SHINHWA\07_품질\2026\2023년 공정심사1.xlsx,26,2026-06-10,이미 있음(동일)
E:\기존 서류\이광재 부장 서류\기존서류 2\품질 내부감사\2023년 내부감사\2023년 내부감사결과보고서.xlsx,07_품질,폴더(품질 내부감사),E:\SHINHWA\07_품질\2026\2023년 내부감사결과보고서.xlsx,270,2026-06-10,이미 있음(동일)
E:\기존 서류\이광재 부장 서류\기존서류 2\품질 내부감사\2023년 내부감사\2023년 내부감사계획.xlsx,07_품질,폴더(품질 내부감사),E:\SHINHWA\07_품질\2026\2023년 내부감사계획.xlsx,47,2026-06-10,이미 있음(동일)
E:\기존 서류\이광재 부장 서류\기존서류 2\품질 내부감사\2023년 내부감사\2023년 내부감사계획보고서.xlsx,07_품질,폴더(품질 내부감사),E:\SHINHWA\07_품질\2026\2023년 내부감사계획보고서.xlsx,53,2026-06-10,이미 있음(동일)
E:\기존 서류\이광재 부장 서류\기존서류 2\품질 내부감사\2023년 내부감사\2023년 내부감사세부계획서.xlsx,07_품질,폴더(품질 내부감사),E:\SHINHWA\07_품질\2026\2023년 내부감사세부계획서.xlsx,34,2026-06-10,이미 있음(동일)
E:\기존 서류\이광재 부장 서류\기존서류 2\품질 내부감사\2023년 내부감사\2023년 내부공정감사  체크시트 _230726 신화에이치앤티.xlsx,07_품질,폴더(품질 내부감사),E:\SHINHWA\07_품질\2026\2023년 내부공정감사  체크시트 _230726 신화에이치앤티.xlsx,7037,2026-06-10,이미 있음(동일)
E:\기존 서류\이광재 부장 서류\기존서류 2\품질 내부감사\2023년 내부감사\2023년 시스템심사.xlsx,07_품질,폴더(품질 내부감사),E:\SHINHWA\07_품질\2026\2023년 시스템심사.xlsx,32,2026-06-10,이미 있음(동일)
E:\기존 서류\이광재 부장 서류\기존서류 2\품질 내부감사\2023년 내부감사\2023년 제품심사.xlsx,07_품질,폴더(품질 내부감사),E:\SHINHWA\07_품질\2026\2023년 제품심사.xlsx,22,2026-06-10,이미 있음(동일)
E:\기존 서류\이광재 부장 서류\기존서류 2\품질 내부감사\2023년 내부감사\내부감사 지적사항.xls,07_품질,폴더(품질 내부감사),E:\SHINHWA\07_품질\2026\내부감사 지적사항.xls,4187,2026-06-10,복사 → E:\SHINHWA\07_품질\2026\내부감사 지적사항_v2.xls
E:\기존 서류\이광재 부장 서류\기존서류 2\품질 내부감사\2023년 내부감사\내부심사원 자격 인증서(2023년).xls,07_품질,폴더(품질 내부감사),E:\SHINHWA\07_품질\2026\내부심사원 자격 인증서(2023년).xls,11481,2026-06-10,이미 있음(동일)
E:\기존 서류\이광재 부장 서류\기존서류 2\품질 내부감사\2023년 내부감사\리스크분석 관리대장(2023년).xlsx,07_품질,폴더(품질 내부감사),E:\SHINHWA\07_품질\2026\리스크분석 관리대장(2023년).xlsx,272,2026-06-10,이미 있음(동일)
E:\기존 서류\이광재 부장 서류\기존서류 2\품질 내부감사\2023년 내부감사\자격인증등록대장(2023년).xls,07_품질,폴더(품질 내부감사),E:\SHINHWA\07_품질\2026\자격인증등록대장(2023년).xls,87,2026-06-10,이미 있음(동일)
E:\기존 서류\이광재 부장 서류\기존서류 2\품질 내부감사\2024년 내부감사\2024년 공정심사 CHECK SHEET.xlsx,07_품질,폴더(품질 내부감사),E:\SHINHWA\07_품질\2026\2024년 공정심사 CHECK SHEET.xlsx,25,2026-06-10,이미 있음(동일)
E:\기존 서류\이광재 부장 서류\기존서류 2\품질 내부감사\2024년 내부감사\2024년 내부감사계획.xlsx,07_품질,폴더(품질 내부감사),E:\SHINHWA\07_품질\2026\2024년 내부감사계획.xlsx,66,2026-06-10,이미 있음(동일)
E:\기존 서류\이광재 부장 서류\기존서류 2\품질 내부감사\2024년 내부감사\2024년 내부감사계획보고서.xlsx,07_품질,폴더(품질 내부감사),E:\SHINHWA\07_품질\2026\2024년 내부감사계획보고서.xlsx,331,2026-06-10,이미 있음(동일)
E:\기존 서류\이광재 부장 서류\기존서류 2\품질 내부감사\2024년 내부감사\2024년 내부감사세부계획서.xlsx,07_품질,폴더(품질 내부감사),E:\SHINHWA\07_품질\2026\2024년 내부감사세부계획서.xlsx,63,2026-06-10,이미 있음(동일)
E:\기존 서류\이광재 부장 서류\기존서류 2\품질 내부감사\2024년 내부감사\2024년 시스템심사.xlsx,07_품질,폴더(품질 내부감사),E:\SHINHWA\07_품질\2026\2024년 시스템심사.xlsx,31,2026-06-10,이미 있음(동일)
E:\기존 서류\이광재 부장 서류\기존서류 2\품질 내부감사\2024년 내부감사\2024년 제품심사 CHECK SHEET.xlsx,07_품질,폴더(품질 내부감사),E:\SHINHWA\07_품질\2026\2024년 제품심사 CHECK SHEET.xlsx,20,2026-06-10,이미 있음(동일)
E:\기존 서류\이광재 부장 서류\기존서류 2\품질 내부감사\2024년 내부감사\내부감사 지적사항.xls,07_품질,폴더(품질 내부감사),E:\SHINHWA\07_품질\2026\내부감사 지적사항.xls,4187,2026-06-10,복사 → E:\SHINHWA\07_품질\2026\내부감사 지적사항_v3.xls
E:\기존 서류\이광재 부장 서류\기존서류 2\품질 내부감사\2024년 내부감사\내부심사원 자격 인증서.xls,07_품질,폴더(품질 내부감사),E:\SHINHWA\07_품질\2026\내부심사원 자격 인증서.xls,11529,2026-06-10,이미 있음(동일)
E:\기존 서류\이광재 부장 서류\기존서류 2\품질 내부감사\2024년 내부감사\자격인증등록대장.xls,07_품질,폴더(품질 내부감사),E:\SHINHWA\07_품질\2026\자격인증등록대장.xls,45,2026-06-10,이미 있음(동일)
E:\기존 서류\이광재 부장 서류\기존서류 2\품질 내부감사\정성품질 체크시트 지적사항 20230810 (포레시아).pptx,07_품질,폴더(품질 내부감사),E:\SHINHWA\07_품질\2026\정성품질 체크시트 지적사항 20230810 (포레시아).pptx,18122,2026-06-10,이미 있음(동일)
E:\기존 서류\이광재 부장 서류\기존서류 2\품질 내부감사\정성품질 향상활동결과.xlsx의 프레젠테이션.pptx-230531.pptx,07_품질,폴더(품질 내부감사),E:\SHINHWA\07_품질\2026\정성품질 향상활동결과.xlsx의 프레젠테이션.pptx-230531.pptx,4664,2026-06-10,이미 있음(동일)
E:\기존 서류\이광재 부장 서류\기존서류 2\품질 내부감사\정성품질 활동 _점검 체크시트 _230726 신화에이치앤티.xlsx,07_품질,폴더(품질 내부감사),E:\SHINHWA\07_품질\2026\정성품질 활동 _점검 체크시트 _230726 신화에이치앤티.xlsx,7036,2026-06-10,이미 있음(동일)
E:\기존 서류\이광재 부장 서류\기존서류 2\품질 이상처리 FLOW\5. 비상대응시 지침서-REV.1.xls,07_품질,폴더(품질 이상처리 FLOW),E:\SHINHWA\07_품질\2026\5. 비상대응시 지침서-REV.1.xls,436,2026-06-10,이미 있음(동일)
E:\기존 서류\이광재 부장 서류\기존서류 2\품질 이상처리 FLOW\IKI-03 비상계획 지침서(개정).xls,07_품질,폴더(품질 이상처리 FLOW),E:\SHINHWA\07_품질\2026\IKI-03 비상계획 지침서(개정).xls,2626,2026-06-10,이미 있음(동일)
E:\기존 서류\이광재 부장 서류\기존서류 2\품질 이상처리 FLOW\공정불량처리FLOW.xls,07_품질,폴더(품질 이상처리 FLOW),E:\SHINHWA\07_품질\2026\공정불량처리FLOW.xls,867,2026-06-10,이미 있음(동일)
E:\기존 서류\이광재 부장 서류\기존서류 2\품질 이상처리 FLOW\부적합품처리FLOW.xls,07_품질,폴더(품질 이상처리 FLOW),E:\SHINHWA\07_품질\2026\부적합품처리FLOW.xls,987,2026-06-10,이미 있음(동일)
E:\기존 서류\이광재 부장 서류\기존서류 2\품질 이상처리 FLOW\수입검사이상처리FLOW.xls,07_품질,폴더(품질 이상처리 FLOW),E:\SHINHWA\07_품질\2026\수입검사이상처리FLOW.xls,867,2026-06-10,이미 있음(동일)
E:\기존 서류\이광재 부장 서류\기존서류 2\품질 이상처리 FLOW\품질업무 FLOW.xls,07_품질,폴더(품질 이상처리 FLOW),E:\SHINHWA\07_품질\2026\품질업무 FLOW.xls,535,2026-06-10,이미 있음(동일)
E:\기존 서류\이광재 부장 서류\기존서류 2\품질.경영 방침.목표(1)\6)품질목표ppm ( 2024년).xlsx,07_품질,폴더(품질.경영 방침.목표(1)),E:\SHINHWA\07_품질\2026\6)품질목표ppm ( 2024년).xlsx,416,2026-06-10,이미 있음(동일)
E:\기존 서류\이광재 부장 서류\기존서류 2\품질.경영 방침.목표(1)\품질 경영방침 & 목표.pptx,07_품질,폴더(품질.경영 방침.목표(1)),E:\SHINHWA\07_품질\2026\품질 경영방침 & 목표.pptx,110,2026-06-10,이미 있음(동일)
E:\기존 서류\이광재 부장 서류\기존서류 2\품질.경영 방침.목표(1)\품질 목표 및 개선실적('22년).xlsx,07_품질,폴더(품질.경영 방침.목표(1)),E:\SHINHWA\07_품질\2026\품질 목표 및 개선실적('22년).xlsx,74,2026-06-10,이미 있음(동일)
E:\기존 서류\이광재 부장 서류\기존서류 2\품질.경영 방침.목표(1)\품질 목표 및 개선실적('23년).xlsx,07_품질,폴더(품질.경영 방침.목표(1)),E:\SHINHWA\07_품질\2026\품질 목표 및 개선실적('23년).xlsx,129,2026-06-10,이미 있음(동일)
E:\기존 서류\이광재 부장 서류\기존서류 2\품질.경영 방침.목표(1)\품질 목표 및 개선실적('24년).xlsx,07_품질,폴더(품질.경영 방침.목표(1)),E:\SHINHWA\07_품질\2026\품질 목표 및 개선실적('24년).xlsx,89,2026-06-10,이미 있음(동일)
E:\기존 서류\이광재 부장 서류\기존서류 2\품질.경영 방침.목표(1)\품질목표\BQM-00-03(품질방침)-REV01.doc,07_품질,폴더(품질목표),E:\SHINHWA\07_품질\2026\BQM-00-03(품질방침)-REV01.doc,93,2026-06-10,이미 있음(동일)
E:\기존 서류\이광재 부장 서류\기존서류 2\품질.경영 방침.목표(1)\품질목표\DQM-00-03(품질방침)-REV 2.doc,07_품질,폴더(품질목표),E:\SHINHWA\07_품질\2026\DQM-00-03(품질방침)-REV 2.doc,69,2026-06-10,이미 있음(동일)
E:\기존 서류\이광재 부장 서류\기존서류 2\품질.경영 방침.목표(1)\품질목표\DQM-53(품질방침).doc,07_품질,폴더(품질목표),E:\SHINHWA\07_품질\2026\DQM-53(품질방침).doc,73,2026-06-10,이미 있음(동일)
E:\기존 서류\이광재 부장 서류\기존서류 2\품질.경영 방침.목표(1)\품질목표\MP-55. 품질 경영방침 & 목표.pptx,07_품질,폴더(품질목표),E:\SHINHWA\07_품질\2026\MP-55. 품질 경영방침 & 목표.pptx,68,2026-06-10,이미 있음(동일)
E:\기존 서류\이광재 부장 서류\기존서류 2\품질.경영 방침.목표(1)\품질목표\품질.경영 방침.목표\6)품질목표ppm ( 2024년).xlsx,07_품질,폴더(품질.경영 방침.목표),E:\SHINHWA\07_품질\2026\6)품질목표ppm ( 2024년).xlsx,416,2026-06-10,이미 있음(동일)
E:\기존 서류\이광재 부장 서류\기존서류 2\품질.경영 방침.목표(1)\품질목표\품질.경영 방침.목표\품질 경영방침 & 목표.pptx,07_품질,폴더(품질.경영 방침.목표),E:\SHINHWA\07_품질\2026\품질 경영방침 & 목표.pptx,110,2026-06-10,이미 있음(동일)
"E:\기존 서류\이광재 부장 서류\기존서류 2\품질.경영 방침.목표(1)\품질목표\품질방침,목표(횡).hwp",07_품질,폴더(품질목표),"E:\SHINHWA\07_품질\2026\품질방침,목표(횡).hwp",35,2026-06-10,이미 있음(동일)
E:\기존 서류\이광재 부장 서류\기존서류 2\품질개선(1)\(신화에이치앤티) 2023년 품질 개선 실적 이력 현황_231227.ppt,07_품질,폴더(품질개선(1)),E:\SHINHWA\07_품질\2026\(신화에이치앤티) 2023년 품질 개선 실적 이력 현황_231227.ppt,36290,2026-06-10,이미 있음(동일)
E:\기존 서류\이광재 부장 서류\기존서류 2\품질개선(1)\(신화에이치앤티) 2024년 품질 개선 실적 이력 현황_240227.ppt,07_품질,폴더(품질개선(1)),E:\SHINHWA\07_품질\2026\(신화에이치앤티) 2024년 품질 개선 실적 이력 현황_240227.ppt,3567,2026-06-10,이미 있음(동일)
E:\기존 서류\이광재 부장 서류\기존서류 2\품질개선(1)\2023년 공정불량 개선 현황 대장.xlsx,07_품질,폴더(품질개선(1)),E:\SHINHWA\07_품질\2026\2023년 공정불량 개선 현황 대장.xlsx,106,2026-06-10,이미 있음(동일)
E:\기존 서류\이광재 부장 서류\기존서류 2\품질개선(1)\2024년 공정불량 개선 현황 대장.xlsx,07_품질,폴더(품질개선(1)),E:\SHINHWA\07_품질\2026\2024년 공정불량 개선 현황 대장.xlsx,101,2026-06-10,이미 있음(동일)
E:\기존 서류\이광재 부장 서류\기존서류 2\품질개선(1)\23년 월간 공정불량 현황.xlsx,07_품질,폴더(품질개선(1)),E:\SHINHWA\07_품질\2026\23년 월간 공정불량 현황.xlsx,57,2026-06-10,이미 있음(동일)
E:\기존 서류\이광재 부장 서류\기존서류 2\품질개선(1)\Worst 품질문제 개선 - 일정 기간 추이도 - 2023년.ppt,07_품질,폴더(품질개선(1)),E:\SHINHWA\07_품질\2026\Worst 품질문제 개선 - 일정 기간 추이도 - 2023년.ppt,481,2026-06-10,이미 있음(동일)
E:\기존 서류\이광재 부장 서류\기존서류 2\품질개선(1)\대한냉열 공정감사\대한냉열 공정감사 (생산).ppt,07_품질,폴더(품질개선(1)),E:\SHINHWA\07_품질\2026\대한냉열 공정감사 (생산).ppt,3043,2026-06-10,이미 있음(동일)
E:\기존 서류\이광재 부장 서류\기존서류 2\품질개선(1)\대한냉열 공정감사\대한냉열 공정감사 지적사항 개선자료 240319.ppt,07_품질,폴더(품질개선(1)),E:\SHINHWA\07_품질\2026\대한냉열 공정감사 지적사항 개선자료 240319.ppt,23090,2026-06-10,이미 있음(동일)
E:\기존 서류\이광재 부장 서류\기존서류 2\품질개선(1)\대한냉열 공정감사\승인서류_신화에이치앤티_DHC05-PI-02054_Outer pipe 20240316.xls,07_품질,폴더(품질개선(1)),E:\SHINHWA\07_품질\2026\승인서류_신화에이치앤티_DHC05-PI-02054_Outer pipe 20240316.xls,8100,2026-06-10,이미 있음(동일)
E:\기존 서류\이광재 부장 서류\기존서류 2\품질개선(1)\대한냉열 공정감사\신화에이치앤티_공정감사 개선계획일정_240319.xlsx,07_품질,폴더(품질개선(1)),E:\SHINHWA\07_품질\2026\신화에이치앤티_공정감사 개선계획일정_240319.xlsx,68,2026-06-10,이미 있음(동일)
E:\기존 서류\이광재 부장 서류\기존서류 2\품질개선(1)\대한냉열 공정감사\지적사항 개선 전후 양식 (생관).ppt,07_품질,폴더(품질개선(1)),E:\SHINHWA\07_품질\2026\지적사항 개선 전후 양식 (생관).ppt,15817,2026-06-10,이미 있음(동일)
E:\기존 서류\이광재 부장 서류\기존서류 2\품질개선(1)\예비평가 지적사항 개선대책 품질관리.ppt,07_품질,폴더(품질개선(1)),E:\SHINHWA\07_품질\2026\예비평가 지적사항 개선대책 품질관리.ppt,1856,2026-06-10,이미 있음(동일)
E:\기존 서류\이광재 부장 서류\기존서류 2\품질개선(1)\유효성 평가 보고서(평가용).xls,07_품질,폴더(품질개선(1)),E:\SHINHWA\07_품질\2026\유효성 평가 보고서(평가용).xls,194,2026-06-10,이미 있음(동일)
E:\기존 서류\이광재 부장 서류\기존서류 2\품질개선(1)\유효성평가.xls,07_품질,폴더(품질개선(1)),E:\SHINHWA\07_품질\2026\유효성평가.xls,11319,2026-06-10,이미 있음(동일)
E:\기존 서류\이광재 부장 서류\기존서류 2\품질개선(1)\이행성점검 지적사항 개선일정.xlsx,07_품질,폴더(품질개선(1)),E:\SHINHWA\07_품질\2026\이행성점검 지적사항 개선일정.xlsx,32304,2026-06-10,이미 있음(동일)
E:\기존 서류\이광재 부장 서류\기존서류 2\품질개선(1)\지적사항 개선 전후 양식 (1).ppt,07_품질,폴더(품질개선(1)),E:\SHINHWA\07_품질\2026\지적사항 개선 전후 양식 (1).ppt,16901,2026-06-10,이미 있음(동일)
E:\기존 서류\이광재 부장 서류\기존서류 2\품질개선(1)\지적사항 개선 전후 양식 (생관).ppt,07_품질,폴더(품질개선(1)),E:\SHINHWA\07_품질\2026\지적사항 개선 전후 양식 (생관).ppt,13773,2026-06-10,복사 → E:\SHINHWA\07_품질\2026\지적사항 개선 전후 양식 (생관)_v2.ppt
E:\기존 서류\이광재 부장 서류\기존서류 2\품질개선(1)\천안공장 개선전후 개선실적.xls,07_품질,폴더(품질개선(1)),E:\SHINHWA\07_품질\2026\천안공장 개선전후 개선실적.xls,7019,2026-06-10,이미 있음(동일)
E:\기존 서류\이광재 부장 서류\기존서류 2\품질개선(1)\품질 목표 및 개선실적('22년).xlsx,07_품질,폴더(품질개선(1)),E:\SHINHWA\07_품질\2026\품질 목표 및 개선실적('22년).xlsx,74,2026-06-10,이미 있음(동일)
E:\기존 서류\이광재 부장 서류\기존서류 2\품질개선(1)\품질 목표 및 개선실적('23년).xlsx,07_품질,폴더(품질개선(1)),E:\SHINHWA\07_품질\2026\품질 목표 및 개선실적('23년).xlsx,129,2026-06-10,이미 있음(동일)
E:\기존 서류\이광재 부장 서류\기존서류 2\품질개선(1)\품질개선 테마선정2023년\23년 품질개선 테마선정 기준.xlsx,07_품질,폴더(품질개선 테마선정2023년),E:\SHINHWA\07_품질\2026\23년 품질개선 테마선정 기준.xlsx,177,2026-06-10,이미 있음(동일)
E:\기존 서류\이광재 부장 서류\기존서류 2\품질개선(1)\품질개선 테마선정2023년\공정 WORST 불량 개선 계획-22년 3.4.5월 테마선정 개선.ppt,07_품질,폴더(품질개선 테마선정2023년),E:\SHINHWA\07_품질\2026\공정 WORST 불량 개선 계획-22년 3.4.5월 테마선정 개선.ppt,1956,2026-06-10,이미 있음(동일)
E:\기존 서류\이광재 부장 서류\기존서류 2\품질개선(1)\품질개선 테마선정2023년\공정 WORST 불량 개선 계획-22년 하반기 테마선정 개선.ppt,07_품질,폴더(품질개선 테마선정2023년),E:\SHINHWA\07_품질\2026\공정 WORST 불량 개선 계획-22년 하반기 테마선정 개선.ppt,1205,2026-06-10,이미 있음(동일)
E:\기존 서류\이광재 부장 서류\기존서류 2\품질개선(1)\품질개선 테마선정2023년\공정 WORST 불량 개선 계획-23년 1.2.3월  테마선정 개선.ppt,07_품질,폴더(품질개선 테마선정2023년),E:\SHINHWA\07_품질\2026\공정 WORST 불량 개선 계획-23년 1.2.3월  테마선정 개선.ppt,2199,2026-06-10,이미 있음(동일)
E:\기존 서류\이광재 부장 서류\기존서류 2\품질개선(1)\품질개선 테마선정2023년\공정 WORST 불량 개선 계획-23년 4.5.6월  테마선정 개선.ppt,07_품질,폴더(품질개선 테마선정2023년),E:\SHINHWA\07_품질\2026\공정 WORST 불량 개선 계획-23년 4.5.6월  테마선정 개선.ppt,1362,2026-06-10,이미 있음(동일)
E:\기존 서류\이광재 부장 서류\기존서류 2\품질개선(1)\품질개선 테마선정2023년\공정 WORST 불량 개선 계획-23년 7.8.9월  테마선정 개선.ppt,07_품질,폴더(품질개선 테마선정2023년),E:\SHINHWA\07_품질\2026\공정 WORST 불량 개선 계획-23년 7.8.9월  테마선정 개선.ppt,1593,2026-06-10,이미 있음(동일)
E:\기존 서류\이광재 부장 서류\기존서류 2\품질개선(1)\품질개선 테마선정2023년\유효성 검증 (23년1.2.3월).xls,07_품질,폴더(품질개선 테마선정2023년),E:\SHINHWA\07_품질\2026\유효성 검증 (23년1.2.3월).xls,1889,2026-06-10,이미 있음(동일)
E:\기존 서류\이광재 부장 서류\기존서류 2\품질개선(1)\품질개선 테마선정2023년\유효성 검증 (23년4.5.6월).xls,07_품질,폴더(품질개선 테마선정2023년),E:\SHINHWA\07_품질\2026\유효성 검증 (23년4.5.6월).xls,1029,2026-06-10,이미 있음(동일)
E:\기존 서류\이광재 부장 서류\기존서류 2\품질개선(1)\품질개선 테마선정2023년\유효성 검증 (23년7.8.9월).xls,07_품질,폴더(품질개선 테마선정2023년),E:\SHINHWA\07_품질\2026\유효성 검증 (23년7.8.9월).xls,1264,2026-06-10,이미 있음(동일)
E:\기존 서류\이광재 부장 서류\기존서류 2\품질개선(1)\품질개선실적('23년).xlsx,07_품질,폴더(품질개선(1)),E:\SHINHWA\07_품질\2026\품질개선실적('23년).xlsx,100,2026-06-10,이미 있음(동일)
E:\기존 서류\이광재 부장 서류\기존서류 2\품질개선(1)\한온 탄화관련 이해성자료(탄화)\221124 SC Brkt(A) wrong assembled Defect 8D.221205.xls,07_품질,폴더(품질개선(1)),E:\SHINHWA\07_품질\2026\221124 SC Brkt(A) wrong assembled Defect 8D.221205.xls,6284,2026-06-10,이미 있음(동일)
E:\기존 서류\이광재 부장 서류\기존서류 2\품질개선(1)\한온 탄화관련 이해성자료(탄화)\230202_GEN7-830 (G1). PIPE Ass'y 색상 이상 - 신화테크.xlsx,07_품질,폴더(품질개선(1)),E:\SHINHWA\07_품질\2026\230202_GEN7-830 (G1). PIPE Ass'y 색상 이상 - 신화테크.xlsx,1223,2026-06-10,이미 있음(동일)
E:\기존 서류\이광재 부장 서류\기존서류 2\품질개선(1)\한온 탄화관련 이해성자료(탄화)\230206_GEN7-830 (G1). PIPE Ass'y 색상 이상 - 삼도공조.xlsx,07_품질,폴더(품질개선(1)),E:\SHINHWA\07_품질\2026\230206_GEN7-830 (G1). PIPE Ass'y 색상 이상 - 삼도공조.xlsx,1900,2026-06-10,이미 있음(동일)
E:\기존 서류\이광재 부장 서류\기존서류 2\품질개선(1)\한온 탄화관련 이해성자료(탄화)\230317 플렌지 홀 변형 이행성점검.pptx,07_품질,폴더(품질개선(1)),E:\SHINHWA\07_품질\2026\230317 플렌지 홀 변형 이행성점검.pptx,907,2026-06-10,이미 있음(동일)
E:\기존 서류\이광재 부장 서류\기존서류 2\품질개선(1)\한온 탄화관련 이해성자료(탄화)\230403 회신 플렌지 홀 변형 이행성점검.pptx,07_품질,폴더(품질개선(1)),E:\SHINHWA\07_품질\2026\230403 회신 플렌지 홀 변형 이행성점검.pptx,907,2026-06-10,이미 있음(동일)
E:\기존 서류\이광재 부장 서류\기존서류 2\품질개선(1)\한온 탄화관련 이해성자료(탄화)\230411 회신 플렌지 홀 변형 이행성점검.pptx,07_품질,폴더(품질개선(1)),E:\SHINHWA\07_품질\2026\230411 회신 플렌지 홀 변형 이행성점검.pptx,8211,2026-06-10,이미 있음(동일)
E:\기존 서류\이광재 부장 서류\기존서류 2\품질개선(1)\한온 탄화관련 이해성자료(탄화)\Certification Tag_230322_SC COND BRKT 오조립.pptx,07_품질,폴더(품질개선(1)),E:\SHINHWA\07_품질\2026\Certification Tag_230322_SC COND BRKT 오조립.pptx,208,2026-06-10,이미 있음(동일)
E:\기존 서류\이광재 부장 서류\기존서류 2\품질개선(1)\한온 탄화관련 이해성자료(탄화)\GEN7 pipe asy G1 얼룩 발생건.230206.pptx,07_품질,폴더(품질개선(1)),E:\SHINHWA\07_품질\2026\GEN7 pipe asy G1 얼룩 발생건.230206.pptx,1822,2026-06-10,이미 있음(동일)
E:\기존 서류\이광재 부장 서류\기존서류 2\품질개선(1)\한온 탄화관련 이해성자료(탄화)\HC830YTHAA06- KIA SC - Wrong Bracket 1.pptx,07_품질,폴더(품질개선(1)),E:\SHINHWA\07_품질\2026\HC830YTHAA06- KIA SC - Wrong Bracket 1.pptx,1419,2026-06-10,이미 있음(동일)
E:\기존 서류\이광재 부장 서류\기존서류 2\품질개선(1)\한온 탄화관련 이해성자료(탄화)\오일분사 스토퍼 개선\KakaoTalk_20230615_113047531.mp4,07_품질,폴더(품질개선(1)),E:\SHINHWA\07_품질\2026\KakaoTalk_20230615_113047531.mp4,1355,2026-06-10,이미 있음(동일)
E:\기존 서류\이광재 부장 서류\기존서류 2\품질개선(1)\한온 탄화관련 이해성자료(탄화)\오일분사 스토퍼 개선\KakaoTalk_20230615_113047565.mp4,07_품질,폴더(품질개선(1)),E:\SHINHWA\07_품질\2026\KakaoTalk_20230615_113047565.mp4,1187,2026-06-10,이미 있음(동일)
E:\기존 서류\이광재 부장 서류\기존서류 2\품질개선(1)\한온 탄화관련 이해성자료(탄화)\오일분사 스토퍼 개선\KakaoTalk_20230615_113052356.mp4,07_품질,폴더(품질개선(1)),E:\SHINHWA\07_품질\2026\KakaoTalk_20230615_113052356.mp4,2069,2026-06-10,이미 있음(동일)
E:\기존 서류\이광재 부장 서류\기존서류 2\품질개선(1)\한온 탄화관련 이해성자료(탄화)\오일분사 스토퍼 개선\KakaoTalk_20230615_113055026.mp4,07_품질,폴더(품질개선(1)),E:\SHINHWA\07_품질\2026\KakaoTalk_20230615_113055026.mp4,1788,2026-06-10,이미 있음(동일)
E:\기존 서류\이광재 부장 서류\기존서류 2\품질개선(1)\한온 탄화관련 이해성자료(탄화)\오일분사 스토퍼 개선\오링분사 개선4.mp4,07_품질,폴더(품질개선(1)),E:\SHINHWA\07_품질\2026\오링분사 개선4.mp4,1354,2026-06-10,이미 있음(동일)
E:\기존 서류\이광재 부장 서류\기존서류 2\품질개선(1)\한온 탄화관련 이해성자료(탄화)\오일분사 스토퍼 개선\오일분사 개선1.mp4,07_품질,폴더(품질개선(1)),E:\SHINHWA\07_품질\2026\오일분사 개선1.mp4,2070,2026-06-10,이미 있음(동일)
E:\기존 서류\이광재 부장 서류\기존서류 2\품질개선(1)\한온 탄화관련 이해성자료(탄화)\오일분사 스토퍼 개선\오일분사 개선2.mp4,07_품질,폴더(품질개선(1)),E:\SHINHWA\07_품질\2026\오일분사 개선2.mp4,1811,2026-06-10,이미 있음(동일)
E:\기존 서류\이광재 부장 서류\기존서류 2\품질개선(1)\한온 탄화관련 이해성자료(탄화)\오일분사 스토퍼 개선\오일분사 개선3.mp4,07_품질,폴더(품질개선(1)),E:\SHINHWA\07_품질\2026\오일분사 개선3.mp4,1190,2026-06-10,이미 있음(동일)
E:\기존 서류\이광재 부장 서류\기존서류 2\품질개선(1)\한온 탄화관련 이해성자료(탄화)\오일분사기 개선(스토퍼)230601.mp4,07_품질,폴더(품질개선(1)),E:\SHINHWA\07_품질\2026\오일분사기 개선(스토퍼)230601.mp4,2708,2026-06-10,이미 있음(동일)
E:\기존 서류\이광재 부장 서류\기존서류 2\품질개선(1)\한온 탄화관련 이해성자료(탄화)\오일분사기 개선전 동영상.mp4,07_품질,폴더(품질개선(1)),E:\SHINHWA\07_품질\2026\오일분사기 개선전 동영상.mp4,2886,2026-06-10,이미 있음(동일)
E:\기존 서류\이광재 부장 서류\기존서류 2\품질개선(1)\한온 탄화관련 이해성자료(탄화)\오일분사기 개선전.jpg,07_품질,폴더(품질개선(1)),E:\SHINHWA\07_품질\2026\오일분사기 개선전.jpg,517,2026-06-10,이미 있음(동일)
E:\기존 서류\이광재 부장 서류\기존서류 2\품질개선(1)\한온 탄화관련 이해성자료(탄화)\오일분사기 개선후 동영상.mp4,07_품질,폴더(품질개선(1)),E:\SHINHWA\07_품질\2026\오일분사기 개선후 동영상.mp4,1965,2026-06-10,이미 있음(동일)
E:\기존 서류\이광재 부장 서류\기존서류 2\품질개선(1)\한온 탄화관련 이해성자료(탄화)\오일분사기 개선후.jpg,07_품질,폴더(품질개선(1)),E:\SHINHWA\07_품질\2026\오일분사기 개선후.jpg,552,2026-06-10,이미 있음(동일)
E:\기존 서류\이광재 부장 서류\기존서류 2\품질개선(1)\한온 탄화관련 이해성자료(탄화)\오일분사기 교체관련.7z,07_품질,폴더(품질개선(1)),E:\SHINHWA\07_품질\2026\오일분사기 교체관련.7z,10003,2026-06-10,이미 있음(동일)
E:\기존 서류\이광재 부장 서류\기존서류 2\품질개선(1)\한온 탄화관련 이해성자료(탄화)\오일분사기 교체관련\CN7 LEIN 오일분사기 교체.jpg,07_품질,폴더(품질개선(1)),E:\SHINHWA\07_품질\2026\CN7 LEIN 오일분사기 교체.jpg,561,2026-06-10,이미 있음(동일)
E:\기존 서류\이광재 부장 서류\기존서류 2\품질개선(1)\한온 탄화관련 이해성자료(탄화)\오일분사기 교체관련\J12T LEIN 오일분사기 교체.jpg,07_품질,폴더(품질개선(1)),E:\SHINHWA\07_품질\2026\J12T LEIN 오일분사기 교체.jpg,555,2026-06-10,이미 있음(동일)
E:\기존 서류\이광재 부장 서류\기존서류 2\품질개선(1)\한온 탄화관련 이해성자료(탄화)\오일분사기 교체관련\JA12T LEIN 오일분사기 교체전.jpg,07_품질,폴더(품질개선(1)),E:\SHINHWA\07_품질\2026\JA12T LEIN 오일분사기 교체전.jpg,501,2026-06-10,이미 있음(동일)
E:\기존 서류\이광재 부장 서류\기존서류 2\품질개선(1)\한온 탄화관련 이해성자료(탄화)\오일분사기 교체관련\JA12T 오일분사기 교체후 동영상.mp4,07_품질,폴더(품질개선(1)),E:\SHINHWA\07_품질\2026\JA12T 오일분사기 교체후 동영상.mp4,2485,2026-06-10,이미 있음(동일)
E:\기존 서류\이광재 부장 서류\기존서류 2\품질개선(1)\한온 탄화관련 이해성자료(탄화)\오일분사기 교체관련\오일분사기 개선전 동영상.mp4,07_품질,폴더(품질개선(1)),E:\SHINHWA\07_품질\2026\오일분사기 개선전 동영상.mp4,2886,2026-06-10,이미 있음(동일)
E:\기존 서류\이광재 부장 서류\기존서류 2\품질개선(1)\한온 탄화관련 이해성자료(탄화)\오일분사기 교체관련\오일분사기 개선전.jpg,07_품질,폴더(품질개선(1)),E:\SHINHWA\07_품질\2026\오일분사기 개선전.jpg,517,2026-06-10,이미 있음(동일)
E:\기존 서류\이광재 부장 서류\기존서류 2\품질개선(1)\한온 탄화관련 이해성자료(탄화)\오일분사기 교체관련\오일분사기 개선후 동영상.mp4,07_품질,폴더(품질개선(1)),E:\SHINHWA\07_품질\2026\오일분사기 개선후 동영상.mp4,1965,2026-06-10,이미 있음(동일)
E:\기존 서류\이광재 부장 서류\기존서류 2\품질개선(1)\한온 탄화관련 이해성자료(탄화)\오일분사기 교체관련\오일분사기 개선후.jpg,07_품질,폴더(품질개선(1)),E:\SHINHWA\07_품질\2026\오일분사기 개선후.jpg,552,2026-06-10,이미 있음(동일)
E:\기존 서류\이광재 부장 서류\기존서류 2\품질개선(1)\한온시스템 예비평가 결과\지적사항 개선 전후 양식.ppt,07_품질,폴더(품질개선(1)),E:\SHINHWA\07_품질\2026\지적사항 개선 전후 양식.ppt,16115,2026-06-10,이미 있음(동일)
E:\기존 서류\이광재 부장 서류\기존서류 2\품질개선(1)\한온시스템 예비평가 결과\지적사항 개선 진행현황(240131) - 복사본.ppt,07_품질,폴더(품질개선(1)),E:\SHINHWA\07_품질\2026\지적사항 개선 진행현황(240131) - 복사본.ppt,16352,2026-06-10,이미 있음(동일)
E:\기존 서류\이광재 부장 서류\기존서류 2\품질개선(1)\한온시스템 이행성 점검 지적 사항 개선 일정_R(230609).xlsx,07_품질,폴더(품질개선(1)),E:\SHINHWA\07_품질\2026\한온시스템 이행성 점검 지적 사항 개선 일정_R(230609).xlsx,25183,2026-06-10,이미 있음(동일)
E:\기존 서류\이광재 부장 서류\기존서류 2\품질개선(1)\한온시스템 이행성 평가 230504.xlsx,07_품질,폴더(품질개선(1)),E:\SHINHWA\07_품질\2026\한온시스템 이행성 평가 230504.xlsx,2233,2026-06-10,이미 있음(동일)
E:\기존 서류\이광재 부장 서류\기존서류 2\품질개선(1)\한온시스템 이행성평가 지적사항\개선전후 (1).xls,07_품질,폴더(품질개선(1)),E:\SHINHWA\07_품질\2026\개선전후 (1).xls,1504,2026-06-10,이미 있음(동일)
E:\기존 서류\이광재 부장 서류\기존서류 2\품질개선(1)\한온시스템 이행성평가 지적사항\관련사진\KakaoTalk_20230509_104323474.jpg,07_품질,폴더(품질개선(1)),E:\SHINHWA\07_품질\2026\KakaoTalk_20230509_104323474.jpg,779,2026-06-10,이미 있음(동일)
E:\기존 서류\이광재 부장 서류\기존서류 2\품질개선(1)\한온시스템 이행성평가 지적사항\관련사진\KakaoTalk_20230509_104323474_01.jpg,07_품질,폴더(품질개선(1)),E:\SHINHWA\07_품질\2026\KakaoTalk_20230509_104323474_01.jpg,531,2026-06-10,이미 있음(동일)
E:\기존 서류\이광재 부장 서류\기존서류 2\품질개선(1)\한온시스템 이행성평가 지적사항\관련사진\KakaoTalk_20230509_104323474_02.jpg,07_품질,폴더(품질개선(1)),E:\SHINHWA\07_품질\2026\KakaoTalk_20230509_104323474_02.jpg,414,2026-06-10,이미 있음(동일)
E:\기존 서류\이광재 부장 서류\기존서류 2\품질개선(1)\한온시스템 이행성평가 지적사항\관련사진\KakaoTalk_20230509_104323474_03.jpg,07_품질,폴더(품질개선(1)),E:\SHINHWA\07_품질\2026\KakaoTalk_20230509_104323474_03.jpg,388,2026-06-10,이미 있음(동일)
E:\기존 서류\이광재 부장 서류\기존서류 2\품질개선(1)\한온시스템 이행성평가 지적사항\관련사진\KakaoTalk_20230509_104323474_04.jpg,07_품질,폴더(품질개선(1)),E:\SHINHWA\07_품질\2026\KakaoTalk_20230509_104323474_04.jpg,422,2026-06-10,이미 있음(동일)
E:\기존 서류\이광재 부장 서류\기존서류 2\품질개선(1)\한온시스템 이행성평가 지적사항\관련사진\KakaoTalk_20230619_125820935.jpg,07_품질,폴더(품질개선(1)),E:\SHINHWA\07_품질\2026\KakaoTalk_20230619_125820935.jpg,332,2026-06-10,이미 있음(동일)
E:\기존 서류\이광재 부장 서류\기존서류 2\품질개선(1)\한온시스템 이행성평가 지적사항\관련사진\KakaoTalk_20230619_125820935_01.jpg,07_품질,폴더(품질개선(1)),E:\SHINHWA\07_품질\2026\KakaoTalk_20230619_125820935_01.jpg,483,2026-06-10,이미 있음(동일)
E:\기존 서류\이광재 부장 서류\기존서류 2\품질개선(1)\한온시스템 이행성평가 지적사항\관련사진\KakaoTalk_20230619_125820935_02.jpg,07_품질,폴더(품질개선(1)),E:\SHINHWA\07_품질\2026\KakaoTalk_20230619_125820935_02.jpg,470,2026-06-10,이미 있음(동일)
E:\기존 서류\이광재 부장 서류\기존서류 2\품질개선(1)\한온시스템 이행성평가 지적사항\관련사진\불량식별.jpg,07_품질,폴더(품질개선(1)),E:\SHINHWA\07_품질\2026\불량식별.jpg,406,2026-06-10,이미 있음(동일)
E:\기존 서류\이광재 부장 서류\기존서류 2\품질개선(1)\한온시스템 이행성평가 지적사항\관련사진\이랭성2.jpg,07_품질,폴더(품질개선(1)),E:\SHINHWA\07_품질\2026\이랭성2.jpg,468,2026-06-10,이미 있음(동일)
E:\기존 서류\이광재 부장 서류\기존서류 2\품질개선(1)\한온시스템 이행성평가 지적사항\관련사진\이행성 초물(공정검사)개선전.jpg,07_품질,폴더(품질개선(1)),E:\SHINHWA\07_품질\2026\이행성 초물(공정검사)개선전.jpg,428,2026-06-10,이미 있음(동일)
E:\기존 서류\이광재 부장 서류\기존서류 2\품질개선(1)\한온시스템 이행성평가 지적사항\관련사진\이행성 초물(공정검사)개선후.jpg,07_품질,폴더(품질개선(1)),E:\SHINHWA\07_품질\2026\이행성 초물(공정검사)개선후.jpg,433,2026-06-10,이미 있음(동일)
E:\기존 서류\이광재 부장 서류\기존서류 2\품질개선(1)\한온시스템 이행성평가 지적사항\관련사진\이행성 토글.jpg,07_품질,폴더(품질개선(1)),E:\SHINHWA\07_품질\2026\이행성 토글.jpg,474,2026-06-10,이미 있음(동일)
E:\기존 서류\이광재 부장 서류\기존서류 2\품질개선(1)\한온시스템 이행성평가 지적사항\관련사진\이행성.jpg,07_품질,폴더(품질개선(1)),E:\SHINHWA\07_품질\2026\이행성.jpg,485,2026-06-10,이미 있음(동일)
E:\기존 서류\이광재 부장 서류\기존서류 2\품질개선(1)\한온시스템 이행성평가 지적사항\관련사진\이행성3.jpg,07_품질,폴더(품질개선(1)),E:\SHINHWA\07_품질\2026\이행성3.jpg,427,2026-06-10,이미 있음(동일)
"E:\기존 서류\이광재 부장 서류\기존서류 2\품질개선(1)\한온시스템 이행성평가 지적사항\관련사진\초,중,종물 (1).jpg",07_품질,폴더(품질개선(1)),"E:\SHINHWA\07_품질\2026\초,중,종물 (1).jpg",557,2026-06-10,이미 있음(동일)
E:\기존 서류\이광재 부장 서류\기존서류 2\품질개선(1)\한온시스템 이행성평가 지적사항\관련사진\토글클램프.jpg,07_품질,폴더(품질개선(1)),E:\SHINHWA\07_품질\2026\토글클램프.jpg,255,2026-06-10,이미 있음(동일)
E:\기존 서류\이광재 부장 서류\기존서류 2\품질개선(1)\한온시스템 이행성평가 지적사항\관련사진\한온 이행성 평가 지적 3정5S.jpg,07_품질,폴더(품질개선(1)),E:\SHINHWA\07_품질\2026\한온 이행성 평가 지적 3정5S.jpg,468,2026-06-10,이미 있음(동일)
E:\기존 서류\이광재 부장 서류\기존서류 2\품질개선(1)\한온시스템 이행성평가 지적사항\교육훈련일지(갑을지)_rev.1.xls,07_품질,폴더(품질개선(1)),E:\SHINHWA\07_품질\2026\교육훈련일지(갑을지)_rev.1.xls,1502,2026-06-10,이미 있음(동일)
E:\기존 서류\이광재 부장 서류\기존서류 2\품질개선(1)\한온시스템 이행성평가 지적사항\볼프란자 설치.png,07_품질,폴더(품질개선(1)),E:\SHINHWA\07_품질\2026\볼프란자 설치.png,592,2026-06-10,이미 있음(동일)
E:\기존 서류\이광재 부장 서류\기존서류 2\품질개선(1)\한온시스템 이행성평가 지적사항\신화에이치앤티 공정 점검 자료.pptx,07_품질,폴더(품질개선(1)),E:\SHINHWA\07_품질\2026\신화에이치앤티 공정 점검 자료.pptx,1778,2026-06-10,이미 있음(동일)
E:\기존 서류\이광재 부장 서류\기존서류 2\품질개선(1)\한온시스템 이행성평가 지적사항\이행성점검 지적사항 개선일정.xlsx,07_품질,폴더(품질개선(1)),E:\SHINHWA\07_품질\2026\이행성점검 지적사항 개선일정.xlsx,32304,2026-06-10,이미 있음(동일)
E:\기존 서류\이광재 부장 서류\기존서류 2\품질개선(1)\한온시스템 이행성평가 지적사항\천안공장 개선전후 개선실적.xls,07_품질,폴더(품질개선(1)),E:\SHINHWA\07_품질\2026\천안공장 개선전후 개선실적.xls,7019,2026-06-10,복사 → E:\SHINHWA\07_품질\2026\천안공장 개선전후 개선실적_v2.xls
E:\기존 서류\이광재 부장 서류\기존서류 2\품질개선(1)\한온시스템 이행성평가 지적사항\한온시스템 이행성 점검 지적 사항 개선 일정_R(230609).xlsx,07_품질,폴더(품질개선(1)),E:\SHINHWA\07_품질\2026\한온시스템 이행성 점검 지적 사항 개선 일정_R(230609).xlsx,25183,2026-06-10,이미 있음(동일)
E:\기존 서류\이광재 부장 서류\기존서류 2\품질개선(1)\한온시스템 이행성평가 지적사항\한온시스템 이행성 평가 230504.xlsx,07_품질,폴더(품질개선(1)),E:\SHINHWA\07_품질\2026\한온시스템 이행성 평가 230504.xlsx,2233,2026-06-10,이미 있음(동일)
E:\기존 서류\이광재 부장 서류\기존서류 2\품질개선\(신화에이치앤티) 2023년 품질 개선 실적 이력 현황_231227.ppt,07_품질,폴더(품질개선),E:\SHINHWA\07_품질\2026\(신화에이치앤티) 2023년 품질 개선 실적 이력 현황_231227.ppt,36290,2026-06-10,이미 있음(동일)
E:\기존 서류\이광재 부장 서류\기존서류 2\품질개선\(신화에이치앤티) 2024년 품질 개선 실적 이력 현황_240227.ppt,07_품질,폴더(품질개선),E:\SHINHWA\07_품질\2026\(신화에이치앤티) 2024년 품질 개선 실적 이력 현황_240227.ppt,3567,2026-06-10,이미 있음(동일)
E:\기존 서류\이광재 부장 서류\기존서류 2\품질개선\2023년 공정불량 개선 현황 대장.xlsx,07_품질,폴더(품질개선),E:\SHINHWA\07_품질\2026\2023년 공정불량 개선 현황 대장.xlsx,106,2026-06-10,이미 있음(동일)
E:\기존 서류\이광재 부장 서류\기존서류 2\품질개선\2024년 공정불량 개선 현황 대장.xlsx,07_품질,폴더(품질개선),E:\SHINHWA\07_품질\2026\2024년 공정불량 개선 현황 대장.xlsx,101,2026-06-10,이미 있음(동일)
E:\기존 서류\이광재 부장 서류\기존서류 2\품질개선\23년 월간 공정불량 현황.xlsx,07_품질,폴더(품질개선),E:\SHINHWA\07_품질\2026\23년 월간 공정불량 현황.xlsx,57,2026-06-10,이미 있음(동일)
E:\기존 서류\이광재 부장 서류\기존서류 2\품질개선\Worst 품질문제 개선 - 일정 기간 추이도 - 2023년.ppt,07_품질,폴더(품질개선),E:\SHINHWA\07_품질\2026\Worst 품질문제 개선 - 일정 기간 추이도 - 2023년.ppt,481,2026-06-10,이미 있음(동일)
E:\기존 서류\이광재 부장 서류\기존서류 2\품질개선\대한냉열 공정감사\대한냉열 공정감사 (생산).ppt,07_품질,폴더(품질개선),E:\SHINHWA\07_품질\2026\대한냉열 공정감사 (생산).ppt,3043,2026-06-10,이미 있음(동일)
E:\기존 서류\이광재 부장 서류\기존서류 2\품질개선\대한냉열 공정감사\대한냉열 공정감사 지적사항 개선자료 240319.ppt,07_품질,폴더(품질개선),E:\SHINHWA\07_품질\2026\대한냉열 공정감사 지적사항 개선자료 240319.ppt,23090,2026-06-10,이미 있음(동일)
E:\기존 서류\이광재 부장 서류\기존서류 2\품질개선\대한냉열 공정감사\승인서류_신화에이치앤티_DHC05-PI-02054_Outer pipe 20240316.xls,07_품질,폴더(품질개선),E:\SHINHWA\07_품질\2026\승인서류_신화에이치앤티_DHC05-PI-02054_Outer pipe 20240316.xls,8100,2026-06-10,이미 있음(동일)
E:\기존 서류\이광재 부장 서류\기존서류 2\품질개선\대한냉열 공정감사\신화에이치앤티_공정감사 개선계획일정_240319.xlsx,07_품질,폴더(품질개선),E:\SHINHWA\07_품질\2026\신화에이치앤티_공정감사 개선계획일정_240319.xlsx,68,2026-06-10,이미 있음(동일)
E:\기존 서류\이광재 부장 서류\기존서류 2\품질개선\대한냉열 공정감사\지적사항 개선 전후 양식 (생관).ppt,07_품질,폴더(품질개선),E:\SHINHWA\07_품질\2026\지적사항 개선 전후 양식 (생관).ppt,15817,2026-06-10,이미 있음(동일)
E:\기존 서류\이광재 부장 서류\기존서류 2\품질개선\예비평가 지적사항 개선대책 품질관리.ppt,07_품질,폴더(품질개선),E:\SHINHWA\07_품질\2026\예비평가 지적사항 개선대책 품질관리.ppt,1856,2026-06-10,이미 있음(동일)
E:\기존 서류\이광재 부장 서류\기존서류 2\품질개선\유효성 평가 보고서(평가용).xls,07_품질,폴더(품질개선),E:\SHINHWA\07_품질\2026\유효성 평가 보고서(평가용).xls,194,2026-06-10,이미 있음(동일)
E:\기존 서류\이광재 부장 서류\기존서류 2\품질개선\유효성평가.xls,07_품질,폴더(품질개선),E:\SHINHWA\07_품질\2026\유효성평가.xls,11319,2026-06-10,이미 있음(동일)
E:\기존 서류\이광재 부장 서류\기존서류 2\품질개선\이행성점검 지적사항 개선일정.xlsx,07_품질,폴더(품질개선),E:\SHINHWA\07_품질\2026\이행성점검 지적사항 개선일정.xlsx,32304,2026-06-10,이미 있음(동일)
E:\기존 서류\이광재 부장 서류\기존서류 2\품질개선\지적사항 개선 전후 양식 (1).ppt,07_품질,폴더(품질개선),E:\SHINHWA\07_품질\2026\지적사항 개선 전후 양식 (1).ppt,16901,2026-06-10,이미 있음(동일)
E:\기존 서류\이광재 부장 서류\기존서류 2\품질개선\지적사항 개선 전후 양식 (생관).ppt,07_품질,폴더(품질개선),E:\SHINHWA\07_품질\2026\지적사항 개선 전후 양식 (생관).ppt,13773,2026-06-10,복사 → E:\SHINHWA\07_품질\2026\지적사항 개선 전후 양식 (생관)_v2.ppt
E:\기존 서류\이광재 부장 서류\기존서류 2\품질개선\천안공장 개선전후 개선실적.xls,07_품질,폴더(품질개선),E:\SHINHWA\07_품질\2026\천안공장 개선전후 개선실적.xls,7019,2026-06-10,이미 있음(동일)
E:\기존 서류\이광재 부장 서류\기존서류 2\품질개선\품질 목표 및 개선실적('22년).xlsx,07_품질,폴더(품질개선),E:\SHINHWA\07_품질\2026\품질 목표 및 개선실적('22년).xlsx,74,2026-06-10,이미 있음(동일)
E:\기존 서류\이광재 부장 서류\기존서류 2\품질개선\품질 목표 및 개선실적('23년).xlsx,07_품질,폴더(품질개선),E:\SHINHWA\07_품질\2026\품질 목표 및 개선실적('23년).xlsx,129,2026-06-10,이미 있음(동일)
E:\기존 서류\이광재 부장 서류\기존서류 2\품질개선\품질개선 테마선정2023년\23년 품질개선 테마선정 기준.xlsx,07_품질,폴더(품질개선 테마선정2023년),E:\SHINHWA\07_품질\2026\23년 품질개선 테마선정 기준.xlsx,177,2026-06-10,이미 있음(동일)
E:\기존 서류\이광재 부장 서류\기존서류 2\품질개선\품질개선 테마선정2023년\공정 WORST 불량 개선 계획-22년 3.4.5월 테마선정 개선.ppt,07_품질,폴더(품질개선 테마선정2023년),E:\SHINHWA\07_품질\2026\공정 WORST 불량 개선 계획-22년 3.4.5월 테마선정 개선.ppt,1956,2026-06-10,이미 있음(동일)
E:\기존 서류\이광재 부장 서류\기존서류 2\품질개선\품질개선 테마선정2023년\공정 WORST 불량 개선 계획-22년 하반기 테마선정 개선.ppt,07_품질,폴더(품질개선 테마선정2023년),E:\SHINHWA\07_품질\2026\공정 WORST 불량 개선 계획-22년 하반기 테마선정 개선.ppt,1205,2026-06-10,이미 있음(동일)
E:\기존 서류\이광재 부장 서류\기존서류 2\품질개선\품질개선 테마선정2023년\공정 WORST 불량 개선 계획-23년 1.2.3월  테마선정 개선.ppt,07_품질,폴더(품질개선 테마선정2023년),E:\SHINHWA\07_품질\2026\공정 WORST 불량 개선 계획-23년 1.2.3월  테마선정 개선.ppt,2199,2026-06-10,이미 있음(동일)
E:\기존 서류\이광재 부장 서류\기존서류 2\품질개선\품질개선 테마선정2023년\공정 WORST 불량 개선 계획-23년 4.5.6월  테마선정 개선.ppt,07_품질,폴더(품질개선 테마선정2023년),E:\SHINHWA\07_품질\2026\공정 WORST 불량 개선 계획-23년 4.5.6월  테마선정 개선.ppt,1362,2026-06-10,이미 있음(동일)
E:\기존 서류\이광재 부장 서류\기존서류 2\품질개선\품질개선 테마선정2023년\공정 WORST 불량 개선 계획-23년 7.8.9월  테마선정 개선.ppt,07_품질,폴더(품질개선 테마선정2023년),E:\SHINHWA\07_품질\2026\공정 WORST 불량 개선 계획-23년 7.8.9월  테마선정 개선.ppt,1593,2026-06-10,이미 있음(동일)
E:\기존 서류\이광재 부장 서류\기존서류 2\품질개선\품질개선 테마선정2023년\유효성 검증 (23년1.2.3월).xls,07_품질,폴더(품질개선 테마선정2023년),E:\SHINHWA\07_품질\2026\유효성 검증 (23년1.2.3월).xls,1889,2026-06-10,이미 있음(동일)
E:\기존 서류\이광재 부장 서류\기존서류 2\품질개선\품질개선 테마선정2023년\유효성 검증 (23년4.5.6월).xls,07_품질,폴더(품질개선 테마선정2023년),E:\SHINHWA\07_품질\2026\유효성 검증 (23년4.5.6월).xls,1029,2026-06-10,이미 있음(동일)
E:\기존 서류\이광재 부장 서류\기존서류 2\품질개선\품질개선 테마선정2023년\유효성 검증 (23년7.8.9월).xls,07_품질,폴더(품질개선 테마선정2023년),E:\SHINHWA\07_품질\2026\유효성 검증 (23년7.8.9월).xls,1264,2026-06-10,이미 있음(동일)
E:\기존 서류\이광재 부장 서류\기존서류 2\품질개선\품질개선실적('23년).xlsx,07_품질,폴더(품질개선),E:\SHINHWA\07_품질\2026\품질개선실적('23년).xlsx,100,2026-06-10,이미 있음(동일)
E:\기존 서류\이광재 부장 서류\기존서류 2\품질개선\한온 탄화관련 이해성자료(탄화)\221124 SC Brkt(A) wrong assembled Defect 8D.221205.xls,07_품질,폴더(품질개선),E:\SHINHWA\07_품질\2026\221124 SC Brkt(A) wrong assembled Defect 8D.221205.xls,6284,2026-06-10,이미 있음(동일)
E:\기존 서류\이광재 부장 서류\기존서류 2\품질개선\한온 탄화관련 이해성자료(탄화)\230202_GEN7-830 (G1). PIPE Ass'y 색상 이상 - 신화테크.xlsx,07_품질,폴더(품질개선),E:\SHINHWA\07_품질\2026\230202_GEN7-830 (G1). PIPE Ass'y 색상 이상 - 신화테크.xlsx,1223,2026-06-10,이미 있음(동일)
E:\기존 서류\이광재 부장 서류\기존서류 2\품질개선\한온 탄화관련 이해성자료(탄화)\230206_GEN7-830 (G1). PIPE Ass'y 색상 이상 - 삼도공조.xlsx,07_품질,폴더(품질개선),E:\SHINHWA\07_품질\2026\230206_GEN7-830 (G1). PIPE Ass'y 색상 이상 - 삼도공조.xlsx,1900,2026-06-10,이미 있음(동일)
E:\기존 서류\이광재 부장 서류\기존서류 2\품질개선\한온 탄화관련 이해성자료(탄화)\230317 플렌지 홀 변형 이행성점검.pptx,07_품질,폴더(품질개선),E:\SHINHWA\07_품질\2026\230317 플렌지 홀 변형 이행성점검.pptx,907,2026-06-10,이미 있음(동일)
E:\기존 서류\이광재 부장 서류\기존서류 2\품질개선\한온 탄화관련 이해성자료(탄화)\230403 회신 플렌지 홀 변형 이행성점검.pptx,07_품질,폴더(품질개선),E:\SHINHWA\07_품질\2026\230403 회신 플렌지 홀 변형 이행성점검.pptx,907,2026-06-10,이미 있음(동일)
E:\기존 서류\이광재 부장 서류\기존서류 2\품질개선\한온 탄화관련 이해성자료(탄화)\230411 회신 플렌지 홀 변형 이행성점검.pptx,07_품질,폴더(품질개선),E:\SHINHWA\07_품질\2026\230411 회신 플렌지 홀 변형 이행성점검.pptx,8211,2026-06-10,이미 있음(동일)
E:\기존 서류\이광재 부장 서류\기존서류 2\품질개선\한온 탄화관련 이해성자료(탄화)\Certification Tag_230322_SC COND BRKT 오조립.pptx,07_품질,폴더(품질개선),E:\SHINHWA\07_품질\2026\Certification Tag_230322_SC COND BRKT 오조립.pptx,208,2026-06-10,이미 있음(동일)
E:\기존 서류\이광재 부장 서류\기존서류 2\품질개선\한온 탄화관련 이해성자료(탄화)\GEN7 pipe asy G1 얼룩 발생건.230206.pptx,07_품질,폴더(품질개선),E:\SHINHWA\07_품질\2026\GEN7 pipe asy G1 얼룩 발생건.230206.pptx,1822,2026-06-10,이미 있음(동일)
E:\기존 서류\이광재 부장 서류\기존서류 2\품질개선\한온 탄화관련 이해성자료(탄화)\HC830YTHAA06- KIA SC - Wrong Bracket 1.pptx,07_품질,폴더(품질개선),E:\SHINHWA\07_품질\2026\HC830YTHAA06- KIA SC - Wrong Bracket 1.pptx,1419,2026-06-10,이미 있음(동일)
E:\기존 서류\이광재 부장 서류\기존서류 2\품질개선\한온 탄화관련 이해성자료(탄화)\오일분사 스토퍼 개선\KakaoTalk_20230615_113047531.mp4,07_품질,폴더(품질개선),E:\SHINHWA\07_품질\2026\KakaoTalk_20230615_113047531.mp4,1355,2026-06-10,이미 있음(동일)
E:\기존 서류\이광재 부장 서류\기존서류 2\품질개선\한온 탄화관련 이해성자료(탄화)\오일분사 스토퍼 개선\KakaoTalk_20230615_113047565.mp4,07_품질,폴더(품질개선),E:\SHINHWA\07_품질\2026\KakaoTalk_20230615_113047565.mp4,1187,2026-06-10,이미 있음(동일)
E:\기존 서류\이광재 부장 서류\기존서류 2\품질개선\한온 탄화관련 이해성자료(탄화)\오일분사 스토퍼 개선\KakaoTalk_20230615_113052356.mp4,07_품질,폴더(품질개선),E:\SHINHWA\07_품질\2026\KakaoTalk_20230615_113052356.mp4,2069,2026-06-10,이미 있음(동일)
E:\기존 서류\이광재 부장 서류\기존서류 2\품질개선\한온 탄화관련 이해성자료(탄화)\오일분사 스토퍼 개선\KakaoTalk_20230615_113055026.mp4,07_품질,폴더(품질개선),E:\SHINHWA\07_품질\2026\KakaoTalk_20230615_113055026.mp4,1788,2026-06-10,이미 있음(동일)
E:\기존 서류\이광재 부장 서류\기존서류 2\품질개선\한온 탄화관련 이해성자료(탄화)\오일분사 스토퍼 개선\오링분사 개선4.mp4,07_품질,폴더(품질개선),E:\SHINHWA\07_품질\2026\오링분사 개선4.mp4,1354,2026-06-10,이미 있음(동일)
E:\기존 서류\이광재 부장 서류\기존서류 2\품질개선\한온 탄화관련 이해성자료(탄화)\오일분사 스토퍼 개선\오일분사 개선1.mp4,07_품질,폴더(품질개선),E:\SHINHWA\07_품질\2026\오일분사 개선1.mp4,2070,2026-06-10,이미 있음(동일)
E:\기존 서류\이광재 부장 서류\기존서류 2\품질개선\한온 탄화관련 이해성자료(탄화)\오일분사 스토퍼 개선\오일분사 개선2.mp4,07_품질,폴더(품질개선),E:\SHINHWA\07_품질\2026\오일분사 개선2.mp4,1811,2026-06-10,이미 있음(동일)
E:\기존 서류\이광재 부장 서류\기존서류 2\품질개선\한온 탄화관련 이해성자료(탄화)\오일분사 스토퍼 개선\오일분사 개선3.mp4,07_품질,폴더(품질개선),E:\SHINHWA\07_품질\2026\오일분사 개선3.mp4,1190,2026-06-10,이미 있음(동일)
E:\기존 서류\이광재 부장 서류\기존서류 2\품질개선\한온 탄화관련 이해성자료(탄화)\오일분사기 개선(스토퍼)230601.mp4,07_품질,폴더(품질개선),E:\SHINHWA\07_품질\2026\오일분사기 개선(스토퍼)230601.mp4,2708,2026-06-10,이미 있음(동일)
E:\기존 서류\이광재 부장 서류\기존서류 2\품질개선\한온 탄화관련 이해성자료(탄화)\오일분사기 개선전 동영상.mp4,07_품질,폴더(품질개선),E:\SHINHWA\07_품질\2026\오일분사기 개선전 동영상.mp4,2886,2026-06-10,이미 있음(동일)
E:\기존 서류\이광재 부장 서류\기존서류 2\품질개선\한온 탄화관련 이해성자료(탄화)\오일분사기 개선전.jpg,07_품질,폴더(품질개선),E:\SHINHWA\07_품질\2026\오일분사기 개선전.jpg,517,2026-06-10,이미 있음(동일)
E:\기존 서류\이광재 부장 서류\기존서류 2\품질개선\한온 탄화관련 이해성자료(탄화)\오일분사기 개선후 동영상.mp4,07_품질,폴더(품질개선),E:\SHINHWA\07_품질\2026\오일분사기 개선후 동영상.mp4,1965,2026-06-10,이미 있음(동일)
E:\기존 서류\이광재 부장 서류\기존서류 2\품질개선\한온 탄화관련 이해성자료(탄화)\오일분사기 개선후.jpg,07_품질,폴더(품질개선),E:\SHINHWA\07_품질\2026\오일분사기 개선후.jpg,552,2026-06-10,이미 있음(동일)
E:\기존 서류\이광재 부장 서류\기존서류 2\품질개선\한온 탄화관련 이해성자료(탄화)\오일분사기 교체관련.7z,07_품질,폴더(품질개선),E:\SHINHWA\07_품질\2026\오일분사기 교체관련.7z,10003,2026-06-10,이미 있음(동일)
E:\기존 서류\이광재 부장 서류\기존서류 2\품질개선\한온 탄화관련 이해성자료(탄화)\오일분사기 교체관련\CN7 LEIN 오일분사기 교체.jpg,07_품질,폴더(품질개선),E:\SHINHWA\07_품질\2026\CN7 LEIN 오일분사기 교체.jpg,561,2026-06-10,이미 있음(동일)
E:\기존 서류\이광재 부장 서류\기존서류 2\품질개선\한온 탄화관련 이해성자료(탄화)\오일분사기 교체관련\J12T LEIN 오일분사기 교체.jpg,07_품질,폴더(품질개선),E:\SHINHWA\07_품질\2026\J12T LEIN 오일분사기 교체.jpg,555,2026-06-10,이미 있음(동일)
E:\기존 서류\이광재 부장 서류\기존서류 2\품질개선\한온 탄화관련 이해성자료(탄화)\오일분사기 교체관련\JA12T LEIN 오일분사기 교체전.jpg,07_품질,폴더(품질개선),E:\SHINHWA\07_품질\2026\JA12T LEIN 오일분사기 교체전.jpg,501,2026-06-10,이미 있음(동일)
E:\기존 서류\이광재 부장 서류\기존서류 2\품질개선\한온 탄화관련 이해성자료(탄화)\오일분사기 교체관련\JA12T 오일분사기 교체후 동영상.mp4,07_품질,폴더(품질개선),E:\SHINHWA\07_품질\2026\JA12T 오일분사기 교체후 동영상.mp4,2485,2026-06-10,이미 있음(동일)
E:\기존 서류\이광재 부장 서류\기존서류 2\품질개선\한온 탄화관련 이해성자료(탄화)\오일분사기 교체관련\오일분사기 개선전 동영상.mp4,07_품질,폴더(품질개선),E:\SHINHWA\07_품질\2026\오일분사기 개선전 동영상.mp4,2886,2026-06-10,이미 있음(동일)
E:\기존 서류\이광재 부장 서류\기존서류 2\품질개선\한온 탄화관련 이해성자료(탄화)\오일분사기 교체관련\오일분사기 개선전.jpg,07_품질,폴더(품질개선),E:\SHINHWA\07_품질\2026\오일분사기 개선전.jpg,517,2026-06-10,이미 있음(동일)
E:\기존 서류\이광재 부장 서류\기존서류 2\품질개선\한온 탄화관련 이해성자료(탄화)\오일분사기 교체관련\오일분사기 개선후 동영상.mp4,07_품질,폴더(품질개선),E:\SHINHWA\07_품질\2026\오일분사기 개선후 동영상.mp4,1965,2026-06-10,이미 있음(동일)
E:\기존 서류\이광재 부장 서류\기존서류 2\품질개선\한온 탄화관련 이해성자료(탄화)\오일분사기 교체관련\오일분사기 개선후.jpg,07_품질,폴더(품질개선),E:\SHINHWA\07_품질\2026\오일분사기 개선후.jpg,552,2026-06-10,이미 있음(동일)
E:\기존 서류\이광재 부장 서류\기존서류 2\품질개선\한온시스템 예비평가 결과\지적사항 개선 전후 양식.ppt,07_품질,폴더(품질개선),E:\SHINHWA\07_품질\2026\지적사항 개선 전후 양식.ppt,16115,2026-06-10,이미 있음(동일)
E:\기존 서류\이광재 부장 서류\기존서류 2\품질개선\한온시스템 예비평가 결과\지적사항 개선 진행현황(240131) - 복사본.ppt,07_품질,폴더(품질개선),E:\SHINHWA\07_품질\2026\지적사항 개선 진행현황(240131) - 복사본.ppt,16352,2026-06-10,이미 있음(동일)
E:\기존 서류\이광재 부장 서류\기존서류 2\품질개선\한온시스템 이행성 점검 지적 사항 개선 일정_R(230609).xlsx,07_품질,폴더(품질개선),E:\SHINHWA\07_품질\2026\한온시스템 이행성 점검 지적 사항 개선 일정_R(230609).xlsx,25183,2026-06-10,이미 있음(동일)
E:\기존 서류\이광재 부장 서류\기존서류 2\품질개선\한온시스템 이행성 평가 230504.xlsx,07_품질,폴더(품질개선),E:\SHINHWA\07_품질\2026\한온시스템 이행성 평가 230504.xlsx,2233,2026-06-10,이미 있음(동일)
E:\기존 서류\이광재 부장 서류\기존서류 2\품질개선\한온시스템 이행성평가 지적사항\개선전후 (1).xls,07_품질,폴더(품질개선),E:\SHINHWA\07_품질\2026\개선전후 (1).xls,1504,2026-06-10,이미 있음(동일)
E:\기존 서류\이광재 부장 서류\기존서류 2\품질개선\한온시스템 이행성평가 지적사항\관련사진\KakaoTalk_20230509_104323474.jpg,07_품질,폴더(품질개선),E:\SHINHWA\07_품질\2026\KakaoTalk_20230509_104323474.jpg,779,2026-06-10,이미 있음(동일)
E:\기존 서류\이광재 부장 서류\기존서류 2\품질개선\한온시스템 이행성평가 지적사항\관련사진\KakaoTalk_20230509_104323474_01.jpg,07_품질,폴더(품질개선),E:\SHINHWA\07_품질\2026\KakaoTalk_20230509_104323474_01.jpg,531,2026-06-10,이미 있음(동일)
E:\기존 서류\이광재 부장 서류\기존서류 2\품질개선\한온시스템 이행성평가 지적사항\관련사진\KakaoTalk_20230509_104323474_02.jpg,07_품질,폴더(품질개선),E:\SHINHWA\07_품질\2026\KakaoTalk_20230509_104323474_02.jpg,414,2026-06-10,이미 있음(동일)
E:\기존 서류\이광재 부장 서류\기존서류 2\품질개선\한온시스템 이행성평가 지적사항\관련사진\KakaoTalk_20230509_104323474_03.jpg,07_품질,폴더(품질개선),E:\SHINHWA\07_품질\2026\KakaoTalk_20230509_104323474_03.jpg,388,2026-06-10,이미 있음(동일)
E:\기존 서류\이광재 부장 서류\기존서류 2\품질개선\한온시스템 이행성평가 지적사항\관련사진\KakaoTalk_20230509_104323474_04.jpg,07_품질,폴더(품질개선),E:\SHINHWA\07_품질\2026\KakaoTalk_20230509_104323474_04.jpg,422,2026-06-10,이미 있음(동일)
E:\기존 서류\이광재 부장 서류\기존서류 2\품질개선\한온시스템 이행성평가 지적사항\관련사진\KakaoTalk_20230619_125820935.jpg,07_품질,폴더(품질개선),E:\SHINHWA\07_품질\2026\KakaoTalk_20230619_125820935.jpg,332,2026-06-10,이미 있음(동일)
E:\기존 서류\이광재 부장 서류\기존서류 2\품질개선\한온시스템 이행성평가 지적사항\관련사진\KakaoTalk_20230619_125820935_01.jpg,07_품질,폴더(품질개선),E:\SHINHWA\07_품질\2026\KakaoTalk_20230619_125820935_01.jpg,483,2026-06-10,이미 있음(동일)
E:\기존 서류\이광재 부장 서류\기존서류 2\품질개선\한온시스템 이행성평가 지적사항\관련사진\KakaoTalk_20230619_125820935_02.jpg,07_품질,폴더(품질개선),E:\SHINHWA\07_품질\2026\KakaoTalk_20230619_125820935_02.jpg,470,2026-06-10,이미 있음(동일)
E:\기존 서류\이광재 부장 서류\기존서류 2\품질개선\한온시스템 이행성평가 지적사항\관련사진\불량식별.jpg,07_품질,폴더(품질개선),E:\SHINHWA\07_품질\2026\불량식별.jpg,406,2026-06-10,이미 있음(동일)
E:\기존 서류\이광재 부장 서류\기존서류 2\품질개선\한온시스템 이행성평가 지적사항\관련사진\이랭성2.jpg,07_품질,폴더(품질개선),E:\SHINHWA\07_품질\2026\이랭성2.jpg,468,2026-06-10,이미 있음(동일)
E:\기존 서류\이광재 부장 서류\기존서류 2\품질개선\한온시스템 이행성평가 지적사항\관련사진\이행성 초물(공정검사)개선전.jpg,07_품질,폴더(품질개선),E:\SHINHWA\07_품질\2026\이행성 초물(공정검사)개선전.jpg,428,2026-06-10,이미 있음(동일)
E:\기존 서류\이광재 부장 서류\기존서류 2\품질개선\한온시스템 이행성평가 지적사항\관련사진\이행성 초물(공정검사)개선후.jpg,07_품질,폴더(품질개선),E:\SHINHWA\07_품질\2026\이행성 초물(공정검사)개선후.jpg,433,2026-06-10,이미 있음(동일)
E:\기존 서류\이광재 부장 서류\기존서류 2\품질개선\한온시스템 이행성평가 지적사항\관련사진\이행성 토글.jpg,07_품질,폴더(품질개선),E:\SHINHWA\07_품질\2026\이행성 토글.jpg,474,2026-06-10,이미 있음(동일)
E:\기존 서류\이광재 부장 서류\기존서류 2\품질개선\한온시스템 이행성평가 지적사항\관련사진\이행성.jpg,07_품질,폴더(품질개선),E:\SHINHWA\07_품질\2026\이행성.jpg,485,2026-06-10,이미 있음(동일)
E:\기존 서류\이광재 부장 서류\기존서류 2\품질개선\한온시스템 이행성평가 지적사항\관련사진\이행성3.jpg,07_품질,폴더(품질개선),E:\SHINHWA\07_품질\2026\이행성3.jpg,427,2026-06-10,이미 있음(동일)
"E:\기존 서류\이광재 부장 서류\기존서류 2\품질개선\한온시스템 이행성평가 지적사항\관련사진\초,중,종물 (1).jpg",07_품질,폴더(품질개선),"E:\SHINHWA\07_품질\2026\초,중,종물 (1).jpg",557,2026-06-10,이미 있음(동일)
E:\기존 서류\이광재 부장 서류\기존서류 2\품질개선\한온시스템 이행성평가 지적사항\관련사진\토글클램프.jpg,07_품질,폴더(품질개선),E:\SHINHWA\07_품질\2026\토글클램프.jpg,255,2026-06-10,이미 있음(동일)
E:\기존 서류\이광재 부장 서류\기존서류 2\품질개선\한온시스템 이행성평가 지적사항\관련사진\한온 이행성 평가 지적 3정5S.jpg,07_품질,폴더(품질개선),E:\SHINHWA\07_품질\2026\한온 이행성 평가 지적 3정5S.jpg,468,2026-06-10,이미 있음(동일)
E:\기존 서류\이광재 부장 서류\기존서류 2\품질개선\한온시스템 이행성평가 지적사항\교육훈련일지(갑을지)_rev.1.xls,07_품질,폴더(품질개선),E:\SHINHWA\07_품질\2026\교육훈련일지(갑을지)_rev.1.xls,1502,2026-06-10,복사 → E:\SHINHWA\07_품질\2026\교육훈련일지(갑을지)_rev.1_v2.xls
E:\기존 서류\이광재 부장 서류\기존서류 2\품질개선\한온시스템 이행성평가 지적사항\볼프란자 설치.png,07_품질,폴더(품질개선),E:\SHINHWA\07_품질\2026\볼프란자 설치.png,592,2026-06-10,이미 있음(동일)
E:\기존 서류\이광재 부장 서류\기존서류 2\품질개선\한온시스템 이행성평가 지적사항\신화에이치앤티 공정 점검 자료.pptx,07_품질,폴더(품질개선),E:\SHINHWA\07_품질\2026\신화에이치앤티 공정 점검 자료.pptx,1778,2026-06-10,이미 있음(동일)
E:\기존 서류\이광재 부장 서류\기존서류 2\품질개선\한온시스템 이행성평가 지적사항\이행성점검 지적사항 개선일정.xlsx,07_품질,폴더(품질개선),E:\SHINHWA\07_품질\2026\이행성점검 지적사항 개선일정.xlsx,32304,2026-06-10,이미 있음(동일)
E:\기존 서류\이광재 부장 서류\기존서류 2\품질개선\한온시스템 이행성평가 지적사항\천안공장 개선전후 개선실적.xls,07_품질,폴더(품질개선),E:\SHINHWA\07_품질\2026\천안공장 개선전후 개선실적.xls,7019,2026-06-10,복사 → E:\SHINHWA\07_품질\2026\천안공장 개선전후 개선실적_v2.xls
E:\기존 서류\이광재 부장 서류\기존서류 2\품질개선\한온시스템 이행성평가 지적사항\한온시스템 이행성 점검 지적 사항 개선 일정_R(230609).xlsx,07_품질,폴더(품질개선),E:\SHINHWA\07_품질\2026\한온시스템 이행성 점검 지적 사항 개선 일정_R(230609).xlsx,25183,2026-06-10,이미 있음(동일)
E:\기존 서류\이광재 부장 서류\기존서류 2\품질개선\한온시스템 이행성평가 지적사항\한온시스템 이행성 평가 230504.xlsx,07_품질,폴더(품질개선),E:\SHINHWA\07_품질\2026\한온시스템 이행성 평가 230504.xlsx,2233,2026-06-10,이미 있음(동일)
E:\기존 서류\이광재 부장 서류\기존서류 2\품질오픈이슈(1)\품질오픈이슈 2024년 3월.ppt,07_품질,폴더(품질오픈이슈(1)),E:\SHINHWA\07_품질\2026\품질오픈이슈 2024년 3월.ppt,1589,2026-06-10,이미 있음(동일)
E:\기존 서류\이광재 부장 서류\기존서류 2\협력사 CLAIM 공문(1)\화인\품질개선대책서(23-12-26) 크랙.xls,07_품질,파일명,E:\SHINHWA\07_품질\2026\품질개선대책서(23-12-26) 크랙.xls,14723,2026-06-10,이미 있음(동일)
E:\기존 서류\이광재 부장 서류\기존서류 2\협력사 CLAIM 공문(1)\휘일\11.07\CLAIM 공문_사인본 (휘일).pdf,07_품질,폴더 지정(CLAIM),E:\SHINHWA\07_품질\2026\CLAIM 공문_사인본 (휘일).pdf,120,2026-06-10,이미 있음(동일)
E:\기존 서류\이광재 부장 서류\기존서류 2\협력사 CLAIM 공문(1)\휘일\11.07\첨부자료.1.pdf,07_품질,폴더 지정(CLAIM),E:\SHINHWA\07_품질\2026\첨부자료.1.pdf,735,2026-06-10,이미 있음(동일)
E:\기존 서류\이광재 부장 서류\기존서류 2\협력사 CLAIM 공문(1)\휘일\11.07\첨부자료.2.pdf,07_품질,폴더 지정(CLAIM),E:\SHINHWA\07_품질\2026\첨부자료.2.pdf,1196,2026-06-10,이미 있음(동일)
E:\기존 서류\이광재 부장 서류\기존서류 2\협력사 CLAIM 공문(1)\휘일\11.07\첨부자료.3.pdf,07_품질,폴더 지정(CLAIM),E:\SHINHWA\07_품질\2026\첨부자료.3.pdf,423,2026-06-10,이미 있음(동일)
E:\기존 서류\이광재 부장 서류\기존서류 2\협력사 CLAIM 공문(1)\휘일\11.07\첨부자료.4.pdf,07_품질,폴더 지정(CLAIM),E:\SHINHWA\07_품질\2026\첨부자료.4.pdf,56,2026-06-10,이미 있음(동일)
E:\기존 서류\이광재 부장 서류\기존서류 2\협력사 CLAIM 공문(1)\휘일\11.07\휘일 CLAIM 통보의 건 (23.11.07).xlsx,07_품질,폴더 지정(CLAIM),E:\SHINHWA\07_품질\2026\휘일 CLAIM 통보의 건 (23.11.07).xlsx,253,2026-06-10,이미 있음(동일)
E:\기존 서류\이광재 부장 서류\기존서류 2\협력사 CLAIM 공문(1)\휘일\11.07\휘일 CLAIM 통보의 건.xlsx,07_품질,폴더 지정(CLAIM),E:\SHINHWA\07_품질\2026\휘일 CLAIM 통보의 건.xlsx,11,2026-06-10,이미 있음(동일)
E:\기존 서류\이광재 부장 서류\기존서류 2\협력사 CLAIM 공문(1)\휘일\11.07\휘일_개선대책서_A3003 Ø8 x 1.0_크랙불량.pdf,07_품질,파일명,E:\SHINHWA\07_품질\2026\휘일_개선대책서_A3003 Ø8 x 1.0_크랙불량.pdf,197,2026-06-10,이미 있음(동일)
E:\기존 서류\이광재 부장 서류\기존서류 2\협력사 CLAIM 공문(1)\휘일\12.28\첨부1.pdf,07_품질,폴더 지정(CLAIM),E:\SHINHWA\07_품질\2026\첨부1.pdf,290,2026-06-10,이미 있음(동일)
E:\기존 서류\이광재 부장 서류\기존서류 2\협력사 CLAIM 공문(1)\휘일\12.28\첨부2.pdf,07_품질,폴더 지정(CLAIM),E:\SHINHWA\07_품질\2026\첨부2.pdf,190,2026-06-10,이미 있음(동일)
E:\기존 서류\이광재 부장 서류\기존서류 2\협력사 CLAIM 공문(1)\휘일\12.28\첨부3.pdf,07_품질,폴더 지정(CLAIM),E:\SHINHWA\07_품질\2026\첨부3.pdf,147,2026-06-10,이미 있음(동일)
E:\기존 서류\이광재 부장 서류\기존서류 2\협력사 CLAIM 공문(1)\휘일\12.28\휘일 CLAIM 통보의 건 (23.12.28).pdf,07_품질,폴더 지정(CLAIM),E:\SHINHWA\07_품질\2026\휘일 CLAIM 통보의 건 (23.12.28).pdf,163,2026-06-10,이미 있음(동일)
E:\기존 서류\이광재 부장 서류\기존서류 2\협력사 CLAIM 공문(1)\휘일\12.28\휘일 CLAIM 통보의 건 (23.12.28).xlsx,07_품질,폴더 지정(CLAIM),E:\SHINHWA\07_품질\2026\휘일 CLAIM 통보의 건 (23.12.28).xlsx,247,2026-06-10,이미 있음(동일)
E:\기존 서류\이광재 부장 서류\기존서류 2\협력사 CLAIM 공문(1)\휘일\12.28\휘일 CLAIM 통보의 건 (23.12.28)_사인본.pdf,07_품질,폴더 지정(CLAIM),E:\SHINHWA\07_품질\2026\휘일 CLAIM 통보의 건 (23.12.28)_사인본.pdf,119,2026-06-10,이미 있음(동일)
E:\기존 서류\이광재 부장 서류\기존서류 2\협력사 CLAIM 공문(1)\휘일\12.28\휘일 CLAIM 통보의 건.xlsx,07_품질,폴더 지정(CLAIM),E:\SHINHWA\07_품질\2026\휘일 CLAIM 통보의 건.xlsx,12,2026-06-10,복사 → E:\SHINHWA\07_품질\2026\휘일 CLAIM 통보의 건_v2.xlsx
E:\기존 서류\이광재 부장 서류\기존서류 2\협력사 CLAIM 공문(1)\휘일\12.28\휘일_개선대책서_A3003 Ø8 x 1.0_크랙불량_20231213.pdf,07_품질,파일명,E:\SHINHWA\07_품질\2026\휘일_개선대책서_A3003 Ø8 x 1.0_크랙불량_20231213.pdf,179,2026-06-10,이미 있음(동일)
E:\기존 서류\이광재 부장 서류\기존서류 2\협력사 CLAIM 공문\화인\품질개선대책서(23-12-26) 크랙.xls,07_품질,파일명,E:\SHINHWA\07_품질\2026\품질개선대책서(23-12-26) 크랙.xls,14723,2026-06-10,이미 있음(동일)
E:\기존 서류\이광재 부장 서류\기존서류 2\협력사 CLAIM 공문\휘일\11.07\CLAIM 공문_사인본 (휘일).pdf,07_품질,폴더 지정(CLAIM),E:\SHINHWA\07_품질\2026\CLAIM 공문_사인본 (휘일).pdf,120,2026-06-10,이미 있음(동일)
E:\기존 서류\이광재 부장 서류\기존서류 2\협력사 CLAIM 공문\휘일\11.07\첨부자료.1.pdf,07_품질,폴더 지정(CLAIM),E:\SHINHWA\07_품질\2026\첨부자료.1.pdf,735,2026-06-10,이미 있음(동일)
E:\기존 서류\이광재 부장 서류\기존서류 2\협력사 CLAIM 공문\휘일\11.07\첨부자료.2.pdf,07_품질,폴더 지정(CLAIM),E:\SHINHWA\07_품질\2026\첨부자료.2.pdf,1196,2026-06-10,이미 있음(동일)
E:\기존 서류\이광재 부장 서류\기존서류 2\협력사 CLAIM 공문\휘일\11.07\첨부자료.3.pdf,07_품질,폴더 지정(CLAIM),E:\SHINHWA\07_품질\2026\첨부자료.3.pdf,423,2026-06-10,이미 있음(동일)
E:\기존 서류\이광재 부장 서류\기존서류 2\협력사 CLAIM 공문\휘일\11.07\첨부자료.4.pdf,07_품질,폴더 지정(CLAIM),E:\SHINHWA\07_품질\2026\첨부자료.4.pdf,56,2026-06-10,이미 있음(동일)
E:\기존 서류\이광재 부장 서류\기존서류 2\협력사 CLAIM 공문\휘일\11.07\휘일 CLAIM 통보의 건 (23.11.07).xlsx,07_품질,폴더 지정(CLAIM),E:\SHINHWA\07_품질\2026\휘일 CLAIM 통보의 건 (23.11.07).xlsx,253,2026-06-10,이미 있음(동일)
E:\기존 서류\이광재 부장 서류\기존서류 2\협력사 CLAIM 공문\휘일\11.07\휘일 CLAIM 통보의 건.xlsx,07_품질,폴더 지정(CLAIM),E:\SHINHWA\07_품질\2026\휘일 CLAIM 통보의 건.xlsx,11,2026-06-10,이미 있음(동일)
E:\기존 서류\이광재 부장 서류\기존서류 2\협력사 CLAIM 공문\휘일\11.07\휘일_개선대책서_A3003 Ø8 x 1.0_크랙불량.pdf,07_품질,파일명,E:\SHINHWA\07_품질\2026\휘일_개선대책서_A3003 Ø8 x 1.0_크랙불량.pdf,197,2026-06-10,이미 있음(동일)
E:\기존 서류\이광재 부장 서류\기존서류 2\협력사 CLAIM 공문\휘일\12.28\첨부1.pdf,07_품질,폴더 지정(CLAIM),E:\SHINHWA\07_품질\2026\첨부1.pdf,290,2026-06-10,이미 있음(동일)
E:\기존 서류\이광재 부장 서류\기존서류 2\협력사 CLAIM 공문\휘일\12.28\첨부2.pdf,07_품질,폴더 지정(CLAIM),E:\SHINHWA\07_품질\2026\첨부2.pdf,190,2026-06-10,이미 있음(동일)
E:\기존 서류\이광재 부장 서류\기존서류 2\협력사 CLAIM 공문\휘일\12.28\첨부3.pdf,07_품질,폴더 지정(CLAIM),E:\SHINHWA\07_품질\2026\첨부3.pdf,147,2026-06-10,이미 있음(동일)
E:\기존 서류\이광재 부장 서류\기존서류 2\협력사 CLAIM 공문\휘일\12.28\휘일 CLAIM 통보의 건 (23.12.28).pdf,07_품질,폴더 지정(CLAIM),E:\SHINHWA\07_품질\2026\휘일 CLAIM 통보의 건 (23.12.28).pdf,163,2026-06-10,이미 있음(동일)
E:\기존 서류\이광재 부장 서류\기존서류 2\협력사 CLAIM 공문\휘일\12.28\휘일 CLAIM 통보의 건 (23.12.28).xlsx,07_품질,폴더 지정(CLAIM),E:\SHINHWA\07_품질\2026\휘일 CLAIM 통보의 건 (23.12.28).xlsx,247,2026-06-10,이미 있음(동일)
E:\기존 서류\이광재 부장 서류\기존서류 2\협력사 CLAIM 공문\휘일\12.28\휘일 CLAIM 통보의 건 (23.12.28)_사인본.pdf,07_품질,폴더 지정(CLAIM),E:\SHINHWA\07_품질\2026\휘일 CLAIM 통보의 건 (23.12.28)_사인본.pdf,119,2026-06-10,이미 있음(동일)
E:\기존 서류\이광재 부장 서류\기존서류 2\협력사 CLAIM 공문\휘일\12.28\휘일 CLAIM 통보의 건.xlsx,07_품질,폴더 지정(CLAIM),E:\SHINHWA\07_품질\2026\휘일 CLAIM 통보의 건.xlsx,12,2026-06-10,복사 → E:\SHINHWA\07_품질\2026\휘일 CLAIM 통보의 건_v2.xlsx
E:\기존 서류\이광재 부장 서류\기존서류 2\협력사 CLAIM 공문\휘일\12.28\휘일_개선대책서_A3003 Ø8 x 1.0_크랙불량_20231213.pdf,07_품질,파일명,E:\SHINHWA\07_품질\2026\휘일_개선대책서_A3003 Ø8 x 1.0_크랙불량_20231213.pdf,179,2026-06-10,이미 있음(동일)
E:\기존 서류\이광재 부장 서류\기존서류 2\협력사 평가 시트(1)\24년도 정기평가계획 결과에 따른 종합현황.xlsx,07_품질,폴더 지정(협력사 평가),E:\SHINHWA\07_품질\2026\24년도 정기평가계획 결과에 따른 종합현황.xlsx,16,2026-06-10,이미 있음(동일)
E:\기존 서류\이광재 부장 서류\기존서류 2\협력사 평가 시트(1)\범원 공정감사 .xlsx,07_품질,폴더 지정(협력사 평가),E:\SHINHWA\07_품질\2026\범원 공정감사 .xlsx,4453,2026-06-10,이미 있음(동일)
E:\기존 서류\이광재 부장 서류\기존서류 2\협력사 평가 시트(1)\영진하이테크(주) 협력업체 공정감사 평가시트.xls,07_품질,폴더 지정(협력사 평가),E:\SHINHWA\07_품질\2026\영진하이테크(주) 협력업체 공정감사 평가시트.xls,3968,2026-06-10,이미 있음(동일)
E:\기존 서류\이광재 부장 서류\기존서류 2\협력사 평가 시트(1)\협력업체 공정감사 평가시트_(주)휘일_240314.xls,07_품질,폴더 지정(협력사 평가),E:\SHINHWA\07_품질\2026\협력업체 공정감사 평가시트_(주)휘일_240314.xls,11348,2026-06-10,이미 있음(동일)
E:\기존 서류\이광재 부장 서류\기존서류 2\협력사 평가 시트(1)\협력업체 공정감사 평가시트_신화 (3).xls,07_품질,폴더 지정(협력사 평가),E:\SHINHWA\07_품질\2026\협력업체 공정감사 평가시트_신화 (3).xls,6542,2026-06-10,이미 있음(동일)
E:\기존 서류\이광재 부장 서류\기존서류 2\협력사 평가 시트(1)\협력업체 공정감사 평가시트_화인).xls,07_품질,폴더 지정(협력사 평가),E:\SHINHWA\07_품질\2026\협력업체 공정감사 평가시트_화인).xls,6446,2026-06-10,이미 있음(동일)
E:\기존 서류\이광재 부장 서류\기존서류 2\협력사 평가 시트(1)\협력업체 공정감사 평가시트_효산.xls,07_품질,폴더 지정(협력사 평가),E:\SHINHWA\07_품질\2026\협력업체 공정감사 평가시트_효산.xls,4814,2026-06-10,이미 있음(동일)
E:\기존 서류\이광재 부장 서류\기존서류 2\협력사 평가 시트(1)\협력업체 공정감사평가시트(에스제이스틸).xls,07_품질,폴더 지정(협력사 평가),E:\SHINHWA\07_품질\2026\협력업체 공정감사평가시트(에스제이스틸).xls,9478,2026-06-10,이미 있음(동일)
E:\기존 서류\이광재 부장 서류\기존서류 2\협력사 평가 시트\24년도 정기평가계획 결과에 따른 종합현황.xlsx,07_품질,폴더 지정(협력사 평가),E:\SHINHWA\07_품질\2026\24년도 정기평가계획 결과에 따른 종합현황.xlsx,16,2026-06-10,이미 있음(동일)
E:\기존 서류\이광재 부장 서류\기존서류 2\협력사 평가 시트\범원 공정감사 .xlsx,07_품질,폴더 지정(협력사 평가),E:\SHINHWA\07_품질\2026\범원 공정감사 .xlsx,4453,2026-06-10,이미 있음(동일)
E:\기존 서류\이광재 부장 서류\기존서류 2\협력사 평가 시트\영진하이테크(주) 협력업체 공정감사 평가시트.xls,07_품질,폴더 지정(협력사 평가),E:\SHINHWA\07_품질\2026\영진하이테크(주) 협력업체 공정감사 평가시트.xls,3968,2026-06-10,이미 있음(동일)
E:\기존 서류\이광재 부장 서류\기존서류 2\협력사 평가 시트\협력업체 공정감사 평가시트_(주)휘일_240314.xls,07_품질,폴더 지정(협력사 평가),E:\SHINHWA\07_품질\2026\협력업체 공정감사 평가시트_(주)휘일_240314.xls,11348,2026-06-10,이미 있음(동일)
E:\기존 서류\이광재 부장 서류\기존서류 2\협력사 평가 시트\협력업체 공정감사 평가시트_신화 (3).xls,07_품질,폴더 지정(협력사 평가),E:\SHINHWA\07_품질\2026\협력업체 공정감사 평가시트_신화 (3).xls,6542,2026-06-10,이미 있음(동일)
E:\기존 서류\이광재 부장 서류\기존서류 2\협력사 평가 시트\협력업체 공정감사 평가시트_화인).xls,07_품질,폴더 지정(협력사 평가),E:\SHINHWA\07_품질\2026\협력업체 공정감사 평가시트_화인).xls,6446,2026-06-10,이미 있음(동일)
E:\기존 서류\이광재 부장 서류\기존서류 2\협력사 평가 시트\협력업체 공정감사 평가시트_효산.xls,07_품질,폴더 지정(협력사 평가),E:\SHINHWA\07_품질\2026\협력업체 공정감사 평가시트_효산.xls,4814,2026-06-10,이미 있음(동일)
E:\기존 서류\이광재 부장 서류\기존서류 2\협력사 평가 시트\협력업체 공정감사평가시트(에스제이스틸).xls,07_품질,폴더 지정(협력사 평가),E:\SHINHWA\07_품질\2026\협력업체 공정감사평가시트(에스제이스틸).xls,9478,2026-06-10,이미 있음(동일)
"E:\기존 서류\이광재 부장 서류\기존서류 2\협정서,기준서,관리계획서,FMEA(1)\COND PIPE\ISIR_  BDM CA(HC742SPHCA-01-00(23.10.11)-업체변경 .xlsx",07_품질,"폴더(협정서,기준서,관리계획서,FMEA(1))",E:\SHINHWA\07_품질\2026\ISIR_  BDM CA(HC742SPHCA-01-00(23.10.11)-업체변경 .xlsx,255,2026-06-10,이미 있음(동일)
"E:\기존 서류\이광재 부장 서류\기존서류 2\협정서,기준서,관리계획서,FMEA(1)\EVAP PIPE ASSY\AD HE333EDEAA01 협정서,기준서, 관리계획서,FMEA _231027.xlsx",07_품질,"폴더(협정서,기준서,관리계획서,FMEA(1))","E:\SHINHWA\07_품질\2026\AD HE333EDEAA01 협정서,기준서, 관리계획서,FMEA _231027.xlsx",208,2026-06-10,이미 있음(동일)
"E:\기존 서류\이광재 부장 서류\기존서류 2\협정서,기준서,관리계획서,FMEA(1)\EVAP PIPE ASSY\BD HTR IN LHD ISIR.xls",07_품질,"폴더(협정서,기준서,관리계획서,FMEA(1))",E:\SHINHWA\07_품질\2026\BD HTR IN LHD ISIR.xls,933,2026-06-10,이미 있음(동일)
"E:\기존 서류\이광재 부장 서류\기존서류 2\협정서,기준서,관리계획서,FMEA(1)\EVAP PIPE ASSY\DN8 HE333DN8AA05 협정서,기준서,관리계획서,FMEA _231027.xlsx",07_품질,"폴더(협정서,기준서,관리계획서,FMEA(1))","E:\SHINHWA\07_품질\2026\DN8 HE333DN8AA05 협정서,기준서,관리계획서,FMEA _231027.xlsx",220,2026-06-10,이미 있음(동일)
"E:\기존 서류\이광재 부장 서류\기존서류 2\협정서,기준서,관리계획서,FMEA(1)\EVAP PIPE ASSY\ISIR J34 (2023.09.15) - Rev 01.xlsx",07_품질,"폴더(협정서,기준서,관리계획서,FMEA(1))",E:\SHINHWA\07_품질\2026\ISIR J34 (2023.09.15) - Rev 01.xlsx,253,2026-06-10,이미 있음(동일)
"E:\기존 서류\이광재 부장 서류\기존서류 2\협정서,기준서,관리계획서,FMEA(1)\EVAP PIPE ASSY\KU 협정서.기준서.관리계획서, FAME(Rev.1)_230911.xlsx",07_품질,"폴더(협정서,기준서,관리계획서,FMEA(1))","E:\SHINHWA\07_품질\2026\KU 협정서.기준서.관리계획서, FAME(Rev.1)_230911.xlsx",1194,2026-06-10,이미 있음(동일)
"E:\기존 서류\이광재 부장 서류\기존서류 2\협정서,기준서,관리계획서,FMEA(1)\EVAP PIPE ASSY\MQ4 HE333UMNAA-04-00 협정서,기준서,관리계획서,FMEA231027.xlsx",07_품질,"폴더(협정서,기준서,관리계획서,FMEA(1))","E:\SHINHWA\07_품질\2026\MQ4 HE333UMNAA-04-00 협정서,기준서,관리계획서,FMEA231027.xlsx",304,2026-06-10,이미 있음(동일)
"E:\기존 서류\이광재 부장 서류\기존서류 2\협정서,기준서,관리계획서,FMEA(1)\EVAP PIPE ASSY\PD HE333EDEAA03 협정서,기준서,관리계획서.FMEA _231027.xlsx",07_품질,"폴더(협정서,기준서,관리계획서,FMEA(1))","E:\SHINHWA\07_품질\2026\PD HE333EDEAA03 협정서,기준서,관리계획서.FMEA _231027.xlsx",222,2026-06-10,이미 있음(동일)
"E:\기존 서류\이광재 부장 서류\기존서류 2\협정서,기준서,관리계획서,FMEA(1)\EVAP PIPE ASSY\US4 FA1B5HU4AS03 협정서,기준서,관리계획서,FMEA.xlsx",07_품질,"폴더(협정서,기준서,관리계획서,FMEA(1))","E:\SHINHWA\07_품질\2026\US4 FA1B5HU4AS03 협정서,기준서,관리계획서,FMEA.xlsx",319,2026-06-10,이미 있음(동일)
"E:\기존 서류\이광재 부장 서류\기존서류 2\협정서,기준서,관리계획서,FMEA(1)\HEADER PIPE ASSY\ISIR_SC_HC742AA 02 (161005.xlsx",07_품질,"폴더(협정서,기준서,관리계획서,FMEA(1))",E:\SHINHWA\07_품질\2026\ISIR_SC_HC742AA 02 (161005.xlsx,619,2026-06-10,이미 있음(동일)
"E:\기존 서류\이광재 부장 서류\기존서류 2\협정서,기준서,관리계획서,FMEA(1)\HEADER PIPE ASSY\ISIR_SC_HC742AA 02 (230801) HEADER ASSY .xlsx",07_품질,"폴더(협정서,기준서,관리계획서,FMEA(1))",E:\SHINHWA\07_품질\2026\ISIR_SC_HC742AA 02 (230801) HEADER ASSY .xlsx,275,2026-06-10,이미 있음(동일)
"E:\기존 서류\이광재 부장 서류\기존서류 2\협정서,기준서,관리계획서,FMEA(1)\HEADER PIPE ASSY\ISIR_SC_HC742AA 02 (230801).xlsx",07_품질,"폴더(협정서,기준서,관리계획서,FMEA(1))",E:\SHINHWA\07_품질\2026\ISIR_SC_HC742AA 02 (230801).xlsx,619,2026-06-10,이미 있음(동일)
"E:\기존 서류\이광재 부장 서류\기존서류 2\협정서,기준서,관리계획서,FMEA(1)\HEADER PIPE ASSY\ISIR_SC_HC742AA 02 (230801)REV.xlsx",07_품질,"폴더(협정서,기준서,관리계획서,FMEA(1))",E:\SHINHWA\07_품질\2026\ISIR_SC_HC742AA 02 (230801)REV.xlsx,285,2026-06-10,이미 있음(동일)
"E:\기존 서류\이광재 부장 서류\기존서류 2\협정서,기준서,관리계획서,FMEA(1)\HEADER PIPE ASSY\ISIR_SC_HC742YTHAA02(230821) COND PIPE .xlsx",07_품질,"폴더(협정서,기준서,관리계획서,FMEA(1))",E:\SHINHWA\07_품질\2026\ISIR_SC_HC742YTHAA02(230821) COND PIPE .xlsx,394,2026-06-10,이미 있음(동일)
"E:\기존 서류\이광재 부장 서류\기존서류 2\협정서,기준서,관리계획서,FMEA(1)\HEADER PIPE\CN7 GSL(신냉매) PIPE ASS`Y-ISIR(Rev.2)_231020.xlsx",07_품질,"폴더(협정서,기준서,관리계획서,FMEA(1))",E:\SHINHWA\07_품질\2026\CN7 GSL(신냉매) PIPE ASS`Y-ISIR(Rev.2)_231020.xlsx,624,2026-06-10,이미 있음(동일)
"E:\기존 서류\이광재 부장 서류\기존서류 2\협정서,기준서,관리계획서,FMEA(1)\HEADER PIPE\DN8 HEV  PIPE ASS`Y-ISIR(Rev.2)_231020.xlsx",07_품질,"폴더(협정서,기준서,관리계획서,FMEA(1))",E:\SHINHWA\07_품질\2026\DN8 HEV  PIPE ASS`Y-ISIR(Rev.2)_231020.xlsx,531,2026-06-10,이미 있음(동일)
"E:\기존 서류\이광재 부장 서류\기존서류 2\협정서,기준서,관리계획서,FMEA(1)\HEADER PIPE\GN7 GSL(구냉매) PIPE ASS`Y-ISIR(Rev.2)_231020.xlsx",07_품질,"폴더(협정서,기준서,관리계획서,FMEA(1))",E:\SHINHWA\07_품질\2026\GN7 GSL(구냉매) PIPE ASS`Y-ISIR(Rev.2)_231020.xlsx,573,2026-06-10,이미 있음(동일)
"E:\기존 서류\이광재 부장 서류\기존서류 2\협정서,기준서,관리계획서,FMEA(1)\HEADER PIPE\JA12T (구냉매) PIPE ASS`Y-ISIR(Rev.2)_231020.xlsx",07_품질,"폴더(협정서,기준서,관리계획서,FMEA(1))",E:\SHINHWA\07_품질\2026\JA12T (구냉매) PIPE ASS`Y-ISIR(Rev.2)_231020.xlsx,545,2026-06-10,이미 있음(동일)
"E:\기존 서류\이광재 부장 서류\기존서류 2\협정서,기준서,관리계획서,FMEA(1)\HEADER PIPE\PDE 카파개선  PIPE ASS`Y-ISIR(Rev.2)_231020.xlsx",07_품질,"폴더(협정서,기준서,관리계획서,FMEA(1))",E:\SHINHWA\07_품질\2026\PDE 카파개선  PIPE ASS`Y-ISIR(Rev.2)_231020.xlsx,567,2026-06-10,이미 있음(동일)
"E:\기존 서류\이광재 부장 서류\기존서류 2\협정서,기준서,관리계획서,FMEA\COND PIPE\ISIR_  BDM CA(HC742SPHCA-01-00(23.10.11)-업체변경 .xlsx",07_품질,"폴더(협정서,기준서,관리계획서,FMEA)",E:\SHINHWA\07_품질\2026\ISIR_  BDM CA(HC742SPHCA-01-00(23.10.11)-업체변경 .xlsx,255,2026-06-10,이미 있음(동일)
"E:\기존 서류\이광재 부장 서류\기존서류 2\협정서,기준서,관리계획서,FMEA\EVAP PIPE ASSY\AD HE333EDEAA01 협정서,기준서, 관리계획서,FMEA _231027.xlsx",07_품질,"폴더(협정서,기준서,관리계획서,FMEA)","E:\SHINHWA\07_품질\2026\AD HE333EDEAA01 협정서,기준서, 관리계획서,FMEA _231027.xlsx",208,2026-06-10,이미 있음(동일)
"E:\기존 서류\이광재 부장 서류\기존서류 2\협정서,기준서,관리계획서,FMEA\EVAP PIPE ASSY\BD HTR IN LHD ISIR.xls",07_품질,"폴더(협정서,기준서,관리계획서,FMEA)",E:\SHINHWA\07_품질\2026\BD HTR IN LHD ISIR.xls,933,2026-06-10,이미 있음(동일)
"E:\기존 서류\이광재 부장 서류\기존서류 2\협정서,기준서,관리계획서,FMEA\EVAP PIPE ASSY\DN8 HE333DN8AA05 협정서,기준서,관리계획서,FMEA _231027.xlsx",07_품질,"폴더(협정서,기준서,관리계획서,FMEA)","E:\SHINHWA\07_품질\2026\DN8 HE333DN8AA05 협정서,기준서,관리계획서,FMEA _231027.xlsx",220,2026-06-10,이미 있음(동일)
"E:\기존 서류\이광재 부장 서류\기존서류 2\협정서,기준서,관리계획서,FMEA\EVAP PIPE ASSY\ISIR J34 (2023.09.15) - Rev 01.xlsx",07_품질,"폴더(협정서,기준서,관리계획서,FMEA)",E:\SHINHWA\07_품질\2026\ISIR J34 (2023.09.15) - Rev 01.xlsx,253,2026-06-10,이미 있음(동일)
"E:\기존 서류\이광재 부장 서류\기존서류 2\협정서,기준서,관리계획서,FMEA\EVAP PIPE ASSY\KU 협정서.기준서.관리계획서, FAME(Rev.1)_230911.xlsx",07_품질,"폴더(협정서,기준서,관리계획서,FMEA)","E:\SHINHWA\07_품질\2026\KU 협정서.기준서.관리계획서, FAME(Rev.1)_230911.xlsx",1194,2026-06-10,이미 있음(동일)
"E:\기존 서류\이광재 부장 서류\기존서류 2\협정서,기준서,관리계획서,FMEA\EVAP PIPE ASSY\MQ4 HE333UMNAA-04-00 협정서,기준서,관리계획서,FMEA231027.xlsx",07_품질,"폴더(협정서,기준서,관리계획서,FMEA)","E:\SHINHWA\07_품질\2026\MQ4 HE333UMNAA-04-00 협정서,기준서,관리계획서,FMEA231027.xlsx",304,2026-06-10,이미 있음(동일)
"E:\기존 서류\이광재 부장 서류\기존서류 2\협정서,기준서,관리계획서,FMEA\EVAP PIPE ASSY\PD HE333EDEAA03 협정서,기준서,관리계획서.FMEA _231027.xlsx",07_품질,"폴더(협정서,기준서,관리계획서,FMEA)","E:\SHINHWA\07_품질\2026\PD HE333EDEAA03 협정서,기준서,관리계획서.FMEA _231027.xlsx",222,2026-06-10,이미 있음(동일)
"E:\기존 서류\이광재 부장 서류\기존서류 2\협정서,기준서,관리계획서,FMEA\EVAP PIPE ASSY\US4 FA1B5HU4AS03 협정서,기준서,관리계획서,FMEA.xlsx",07_품질,"폴더(협정서,기준서,관리계획서,FMEA)","E:\SHINHWA\07_품질\2026\US4 FA1B5HU4AS03 협정서,기준서,관리계획서,FMEA.xlsx",319,2026-06-10,이미 있음(동일)
"E:\기존 서류\이광재 부장 서류\기존서류 2\협정서,기준서,관리계획서,FMEA\HEADER PIPE ASSY\ISIR_SC_HC742AA 02 (161005.xlsx",07_품질,"폴더(협정서,기준서,관리계획서,FMEA)",E:\SHINHWA\07_품질\2026\ISIR_SC_HC742AA 02 (161005.xlsx,619,2026-06-10,이미 있음(동일)
"E:\기존 서류\이광재 부장 서류\기존서류 2\협정서,기준서,관리계획서,FMEA\HEADER PIPE ASSY\ISIR_SC_HC742AA 02 (230801) HEADER ASSY .xlsx",07_품질,"폴더(협정서,기준서,관리계획서,FMEA)",E:\SHINHWA\07_품질\2026\ISIR_SC_HC742AA 02 (230801) HEADER ASSY .xlsx,275,2026-06-10,이미 있음(동일)
"E:\기존 서류\이광재 부장 서류\기존서류 2\협정서,기준서,관리계획서,FMEA\HEADER PIPE ASSY\ISIR_SC_HC742AA 02 (230801).xlsx",07_품질,"폴더(협정서,기준서,관리계획서,FMEA)",E:\SHINHWA\07_품질\2026\ISIR_SC_HC742AA 02 (230801).xlsx,619,2026-06-10,이미 있음(동일)
"E:\기존 서류\이광재 부장 서류\기존서류 2\협정서,기준서,관리계획서,FMEA\HEADER PIPE ASSY\ISIR_SC_HC742AA 02 (230801)REV.xlsx",07_품질,"폴더(협정서,기준서,관리계획서,FMEA)",E:\SHINHWA\07_품질\2026\ISIR_SC_HC742AA 02 (230801)REV.xlsx,285,2026-06-10,이미 있음(동일)
"E:\기존 서류\이광재 부장 서류\기존서류 2\협정서,기준서,관리계획서,FMEA\HEADER PIPE ASSY\ISIR_SC_HC742YTHAA02(230821) COND PIPE .xlsx",07_품질,"폴더(협정서,기준서,관리계획서,FMEA)",E:\SHINHWA\07_품질\2026\ISIR_SC_HC742YTHAA02(230821) COND PIPE .xlsx,394,2026-06-10,이미 있음(동일)
"E:\기존 서류\이광재 부장 서류\기존서류 2\협정서,기준서,관리계획서,FMEA\HEADER PIPE\CN7 GSL(신냉매) PIPE ASS`Y-ISIR(Rev.2)_231020.xlsx",07_품질,"폴더(협정서,기준서,관리계획서,FMEA)",E:\SHINHWA\07_품질\2026\CN7 GSL(신냉매) PIPE ASS`Y-ISIR(Rev.2)_231020.xlsx,624,2026-06-10,이미 있음(동일)
"E:\기존 서류\이광재 부장 서류\기존서류 2\협정서,기준서,관리계획서,FMEA\HEADER PIPE\DN8 HEV  PIPE ASS`Y-ISIR(Rev.2)_231020.xlsx",07_품질,"폴더(협정서,기준서,관리계획서,FMEA)",E:\SHINHWA\07_품질\2026\DN8 HEV  PIPE ASS`Y-ISIR(Rev.2)_231020.xlsx,531,2026-06-10,이미 있음(동일)
"E:\기존 서류\이광재 부장 서류\기존서류 2\협정서,기준서,관리계획서,FMEA\HEADER PIPE\GN7 GSL(구냉매) PIPE ASS`Y-ISIR(Rev.2)_231020.xlsx",07_품질,"폴더(협정서,기준서,관리계획서,FMEA)",E:\SHINHWA\07_품질\2026\GN7 GSL(구냉매) PIPE ASS`Y-ISIR(Rev.2)_231020.xlsx,573,2026-06-10,이미 있음(동일)
"E:\기존 서류\이광재 부장 서류\기존서류 2\협정서,기준서,관리계획서,FMEA\HEADER PIPE\JA12T (구냉매) PIPE ASS`Y-ISIR(Rev.2)_231020.xlsx",07_품질,"폴더(협정서,기준서,관리계획서,FMEA)",E:\SHINHWA\07_품질\2026\JA12T (구냉매) PIPE ASS`Y-ISIR(Rev.2)_231020.xlsx,545,2026-06-10,이미 있음(동일)
"E:\기존 서류\이광재 부장 서류\기존서류 2\협정서,기준서,관리계획서,FMEA\HEADER PIPE\PDE 카파개선  PIPE ASS`Y-ISIR(Rev.2)_231020.xlsx",07_품질,"폴더(협정서,기준서,관리계획서,FMEA)",E:\SHINHWA\07_품질\2026\PDE 카파개선  PIPE ASS`Y-ISIR(Rev.2)_231020.xlsx,567,2026-06-10,이미 있음(동일)
E:\기존 서류\이광재 부장 서류\부적합 대책서 관련(1)\기준서(1)\EVAP PIPE\AD 기준서.xlsx,07_품질,폴더(부적합 대책서 관련(1)),E:\SHINHWA\07_품질\2026\AD 기준서.xlsx,150,2026-06-10,이미 있음(동일)
E:\기존 서류\이광재 부장 서류\부적합 대책서 관련(1)\기준서(1)\EVAP PIPE\DN8 기준서.xlsx,07_품질,폴더(부적합 대책서 관련(1)),E:\SHINHWA\07_품질\2026\DN8 기준서.xlsx,148,2026-06-10,이미 있음(동일)
E:\기존 서류\이광재 부장 서류\부적합 대책서 관련(1)\기준서(1)\EVAP PIPE\MQ4 기준서.xlsx,07_품질,폴더(부적합 대책서 관련(1)),E:\SHINHWA\07_품질\2026\MQ4 기준서.xlsx,151,2026-06-10,이미 있음(동일)
E:\기존 서류\이광재 부장 서류\부적합 대책서 관련(1)\기준서(1)\EVAP PIPE\PD 기준서.xlsx,07_품질,폴더(부적합 대책서 관련(1)),E:\SHINHWA\07_품질\2026\PD 기준서.xlsx,150,2026-06-10,이미 있음(동일)
E:\기존 서류\이광재 부장 서류\부적합 대책서 관련(1)\기준서(1)\EVAP PIPE\US4 기준서.xlsx,07_품질,폴더(부적합 대책서 관련(1)),E:\SHINHWA\07_품질\2026\US4 기준서.xlsx,136,2026-06-10,이미 있음(동일)
E:\기존 서류\이광재 부장 서류\부적합 대책서 관련(1)\기준서(1)\HEADER PIPE\AD DSL(구냉매) 검사기준서.xlsx,07_품질,폴더(부적합 대책서 관련(1)),E:\SHINHWA\07_품질\2026\AD DSL(구냉매) 검사기준서.xlsx,94,2026-06-10,이미 있음(동일)
E:\기존 서류\이광재 부장 서류\부적합 대책서 관련(1)\기준서(1)\HEADER PIPE\AD DSL(신냉매) 검사기준서.xlsx,07_품질,폴더(부적합 대책서 관련(1)),E:\SHINHWA\07_품질\2026\AD DSL(신냉매) 검사기준서.xlsx,102,2026-06-10,이미 있음(동일)
E:\기존 서류\이광재 부장 서류\부적합 대책서 관련(1)\기준서(1)\HEADER PIPE\AD GSL(구냉매) 검사기준서.xlsx,07_품질,폴더(부적합 대책서 관련(1)),E:\SHINHWA\07_품질\2026\AD GSL(구냉매) 검사기준서.xlsx,88,2026-06-10,이미 있음(동일)
E:\기존 서류\이광재 부장 서류\부적합 대책서 관련(1)\기준서(1)\HEADER PIPE\AD GSL(신냉매) 검사기준서.xlsx,07_품질,폴더(부적합 대책서 관련(1)),E:\SHINHWA\07_품질\2026\AD GSL(신냉매) 검사기준서.xlsx,95,2026-06-10,이미 있음(동일)
E:\기존 서류\이광재 부장 서류\부적합 대책서 관련(1)\기준서(1)\HEADER PIPE\BD DSL(구냉매) 검사기준서.xlsx,07_품질,폴더(부적합 대책서 관련(1)),E:\SHINHWA\07_품질\2026\BD DSL(구냉매) 검사기준서.xlsx,107,2026-06-10,이미 있음(동일)
E:\기존 서류\이광재 부장 서류\부적합 대책서 관련(1)\기준서(1)\HEADER PIPE\BD DSL(신냉매) 검사기준서.xlsx,07_품질,폴더(부적합 대책서 관련(1)),E:\SHINHWA\07_품질\2026\BD DSL(신냉매) 검사기준서.xlsx,115,2026-06-10,이미 있음(동일)
E:\기존 서류\이광재 부장 서류\부적합 대책서 관련(1)\기준서(1)\HEADER PIPE\BD GSL(구냉매) 검사기준서.xlsx,07_품질,폴더(부적합 대책서 관련(1)),E:\SHINHWA\07_품질\2026\BD GSL(구냉매) 검사기준서.xlsx,88,2026-06-10,이미 있음(동일)
E:\기존 서류\이광재 부장 서류\부적합 대책서 관련(1)\기준서(1)\HEADER PIPE\BD GSL(신냉매) 검사기준서.xlsx,07_품질,폴더(부적합 대책서 관련(1)),E:\SHINHWA\07_품질\2026\BD GSL(신냉매) 검사기준서.xlsx,95,2026-06-10,이미 있음(동일)
E:\기존 서류\이광재 부장 서류\부적합 대책서 관련(1)\기준서(1)\HEADER PIPE\BD TGDI(구냉매) 검사기준서.xlsx,07_품질,폴더(부적합 대책서 관련(1)),E:\SHINHWA\07_품질\2026\BD TGDI(구냉매) 검사기준서.xlsx,92,2026-06-10,이미 있음(동일)
E:\기존 서류\이광재 부장 서류\부적합 대책서 관련(1)\기준서(1)\HEADER PIPE\BD TGDI(신냉매) 검사기준서.xlsx,07_품질,폴더(부적합 대책서 관련(1)),E:\SHINHWA\07_품질\2026\BD TGDI(신냉매) 검사기준서.xlsx,99,2026-06-10,이미 있음(동일)
E:\기존 서류\이광재 부장 서류\부적합 대책서 관련(1)\기준서(1)\HEADER PIPE\CD DSL(구냉매) 검사기준서.xlsx,07_품질,폴더(부적합 대책서 관련(1)),E:\SHINHWA\07_품질\2026\CD DSL(구냉매) 검사기준서.xlsx,107,2026-06-10,이미 있음(동일)
E:\기존 서류\이광재 부장 서류\부적합 대책서 관련(1)\기준서(1)\HEADER PIPE\CD DSL(신냉매) 검사기준서.xlsx,07_품질,폴더(부적합 대책서 관련(1)),E:\SHINHWA\07_품질\2026\CD DSL(신냉매) 검사기준서.xlsx,115,2026-06-10,이미 있음(동일)
E:\기존 서류\이광재 부장 서류\부적합 대책서 관련(1)\기준서(1)\HEADER PIPE\CD GSL(구냉매) 검사기준서.xlsx,07_품질,폴더(부적합 대책서 관련(1)),E:\SHINHWA\07_품질\2026\CD GSL(구냉매) 검사기준서.xlsx,89,2026-06-10,이미 있음(동일)
E:\기존 서류\이광재 부장 서류\부적합 대책서 관련(1)\기준서(1)\HEADER PIPE\CD GSL(신냉매) 검사기준서.xlsx,07_품질,폴더(부적합 대책서 관련(1)),E:\SHINHWA\07_품질\2026\CD GSL(신냉매) 검사기준서.xlsx,97,2026-06-10,이미 있음(동일)
E:\기존 서류\이광재 부장 서류\부적합 대책서 관련(1)\기준서(1)\HEADER PIPE\CD TGDI(구냉매) 검사기준서.xlsx,07_품질,폴더(부적합 대책서 관련(1)),E:\SHINHWA\07_품질\2026\CD TGDI(구냉매) 검사기준서.xlsx,105,2026-06-10,이미 있음(동일)
E:\기존 서류\이광재 부장 서류\부적합 대책서 관련(1)\기준서(1)\HEADER PIPE\CD TGDI(신냉매) 검사기준서.xlsx,07_품질,폴더(부적합 대책서 관련(1)),E:\SHINHWA\07_품질\2026\CD TGDI(신냉매) 검사기준서.xlsx,113,2026-06-10,이미 있음(동일)
E:\기존 서류\이광재 부장 서류\부적합 대책서 관련(1)\기준서(1)\HEADER PIPE\CN7 (구냉매) 검사기준서.xlsx,07_품질,폴더(부적합 대책서 관련(1)),E:\SHINHWA\07_품질\2026\CN7 (구냉매) 검사기준서.xlsx,87,2026-06-10,이미 있음(동일)
E:\기존 서류\이광재 부장 서류\부적합 대책서 관련(1)\기준서(1)\HEADER PIPE\CN7 (신냉매) 검사기준서.xlsx,07_품질,폴더(부적합 대책서 관련(1)),E:\SHINHWA\07_품질\2026\CN7 (신냉매) 검사기준서.xlsx,95,2026-06-10,이미 있음(동일)
E:\기존 서류\이광재 부장 서류\부적합 대책서 관련(1)\기준서(1)\HEADER PIPE\CN7 TGDI (구냉매) 검사기준서.xlsx,07_품질,폴더(부적합 대책서 관련(1)),E:\SHINHWA\07_품질\2026\CN7 TGDI (구냉매) 검사기준서.xlsx,92,2026-06-10,이미 있음(동일)
E:\기존 서류\이광재 부장 서류\부적합 대책서 관련(1)\기준서(1)\HEADER PIPE\CN7 TGDI (신냉매) 검사기준서.xlsx,07_품질,폴더(부적합 대책서 관련(1)),E:\SHINHWA\07_품질\2026\CN7 TGDI (신냉매) 검사기준서.xlsx,99,2026-06-10,이미 있음(동일)
E:\기존 서류\이광재 부장 서류\부적합 대책서 관련(1)\기준서(1)\HEADER PIPE\DL3 GT 검사기준서.xlsx,07_품질,폴더(부적합 대책서 관련(1)),E:\SHINHWA\07_품질\2026\DL3 GT 검사기준서.xlsx,104,2026-06-10,이미 있음(동일)
E:\기존 서류\이광재 부장 서류\부적합 대책서 관련(1)\기준서(1)\HEADER PIPE\DL3A (신냉매) 검사기준서.xlsx,07_품질,폴더(부적합 대책서 관련(1)),E:\SHINHWA\07_품질\2026\DL3A (신냉매) 검사기준서.xlsx,98,2026-06-10,이미 있음(동일)
E:\기존 서류\이광재 부장 서류\부적합 대책서 관련(1)\기준서(1)\HEADER PIPE\DN8 HEV (구냉매) 검사기준서.xlsx,07_품질,폴더(부적합 대책서 관련(1)),E:\SHINHWA\07_품질\2026\DN8 HEV (구냉매) 검사기준서.xlsx,97,2026-06-10,이미 있음(동일)
E:\기존 서류\이광재 부장 서류\부적합 대책서 관련(1)\기준서(1)\HEADER PIPE\DN8 HEV (신냉매) 검사기준서.xlsx,07_품질,폴더(부적합 대책서 관련(1)),E:\SHINHWA\07_품질\2026\DN8 HEV (신냉매) 검사기준서.xlsx,105,2026-06-10,이미 있음(동일)
E:\기존 서류\이광재 부장 서류\부적합 대책서 관련(1)\기준서(1)\HEADER PIPE\DN8 N (구냉매) 검사기준서.xlsx,07_품질,폴더(부적합 대책서 관련(1)),E:\SHINHWA\07_품질\2026\DN8 N (구냉매) 검사기준서.xlsx,102,2026-06-10,이미 있음(동일)
E:\기존 서류\이광재 부장 서류\부적합 대책서 관련(1)\기준서(1)\HEADER PIPE\DN8 N (신냉매) 검사기준서.xlsx,07_품질,폴더(부적합 대책서 관련(1)),E:\SHINHWA\07_품질\2026\DN8 N (신냉매) 검사기준서.xlsx,113,2026-06-10,이미 있음(동일)
E:\기존 서류\이광재 부장 서류\부적합 대책서 관련(1)\기준서(1)\HEADER PIPE\DN8 TGDI(구냉매) 검사기준서.xlsx,07_품질,폴더(부적합 대책서 관련(1)),E:\SHINHWA\07_품질\2026\DN8 TGDI(구냉매) 검사기준서.xlsx,105,2026-06-10,이미 있음(동일)
E:\기존 서류\이광재 부장 서류\부적합 대책서 관련(1)\기준서(1)\HEADER PIPE\DN8 TGDI(신냉매) 검사기준서.xlsx,07_품질,폴더(부적합 대책서 관련(1)),E:\SHINHWA\07_품질\2026\DN8 TGDI(신냉매) 검사기준서.xlsx,117,2026-06-10,이미 있음(동일)
E:\기존 서류\이광재 부장 서류\부적합 대책서 관련(1)\기준서(1)\HEADER PIPE\DN8 a THETA_ø12.7 검사기준서.xlsx,07_품질,폴더(부적합 대책서 관련(1)),E:\SHINHWA\07_품질\2026\DN8 a THETA_ø12.7 검사기준서.xlsx,64,2026-06-10,이미 있음(동일)
E:\기존 서류\이광재 부장 서류\부적합 대책서 관련(1)\기준서(1)\HEADER PIPE\DN8 a THETA_ø8.0 검사기준서.xlsx,07_품질,폴더(부적합 대책서 관련(1)),E:\SHINHWA\07_품질\2026\DN8 a THETA_ø8.0 검사기준서.xlsx,62,2026-06-10,이미 있음(동일)
"E:\기존 서류\이광재 부장 서류\부적합 대책서 관련(1)\기준서(1)\HEADER PIPE\DN8A,DN3(구,신냉매)_ø12.7 검사기준서.xlsx",07_품질,폴더(부적합 대책서 관련(1)),"E:\SHINHWA\07_품질\2026\DN8A,DN3(구,신냉매)_ø12.7 검사기준서.xlsx",62,2026-06-10,이미 있음(동일)
"E:\기존 서류\이광재 부장 서류\부적합 대책서 관련(1)\기준서(1)\HEADER PIPE\DN8A,DN3(구,신냉매)_ø8.0 검사기준서.xlsx",07_품질,폴더(부적합 대책서 관련(1)),"E:\SHINHWA\07_품질\2026\DN8A,DN3(구,신냉매)_ø8.0 검사기준서.xlsx",61,2026-06-10,이미 있음(동일)
E:\기존 서류\이광재 부장 서류\부적합 대책서 관련(1)\기준서(1)\HEADER PIPE\EN DSL 검사기준서.xlsx,07_품질,폴더(부적합 대책서 관련(1)),E:\SHINHWA\07_품질\2026\EN DSL 검사기준서.xlsx,107,2026-06-10,이미 있음(동일)
E:\기존 서류\이광재 부장 서류\부적합 대책서 관련(1)\기준서(1)\HEADER PIPE\EN GSL 검사기준서.xlsx,07_품질,폴더(부적합 대책서 관련(1)),E:\SHINHWA\07_품질\2026\EN GSL 검사기준서.xlsx,99,2026-06-10,이미 있음(동일)
E:\기존 서류\이광재 부장 서류\부적합 대책서 관련(1)\기준서(1)\HEADER PIPE\GD 16T(구냉매) 검사기준서.xlsx,07_품질,폴더(부적합 대책서 관련(1)),E:\SHINHWA\07_품질\2026\GD 16T(구냉매) 검사기준서.xlsx,96,2026-06-10,이미 있음(동일)
E:\기존 서류\이광재 부장 서류\부적합 대책서 관련(1)\기준서(1)\HEADER PIPE\GD 16T(신냉매) 검사기준서.xlsx,07_품질,폴더(부적합 대책서 관련(1)),E:\SHINHWA\07_품질\2026\GD 16T(신냉매) 검사기준서.xlsx,104,2026-06-10,이미 있음(동일)
E:\기존 서류\이광재 부장 서류\부적합 대책서 관련(1)\기준서(1)\HEADER PIPE\GH 12T 검사기준서.xlsx,07_품질,폴더(부적합 대책서 관련(1)),E:\SHINHWA\07_품질\2026\GH 12T 검사기준서.xlsx,96,2026-06-10,이미 있음(동일)
E:\기존 서류\이광재 부장 서류\부적합 대책서 관련(1)\기준서(1)\HEADER PIPE\HD 12T GSL검사기준서.xlsx,07_품질,폴더(부적합 대책서 관련(1)),E:\SHINHWA\07_품질\2026\HD 12T GSL검사기준서.xlsx,84,2026-06-10,이미 있음(동일)
E:\기존 서류\이광재 부장 서류\부적합 대책서 관련(1)\기준서(1)\HEADER PIPE\HD DSL검사기준서.xlsx,07_품질,폴더(부적합 대책서 관련(1)),E:\SHINHWA\07_품질\2026\HD DSL검사기준서.xlsx,84,2026-06-10,이미 있음(동일)
E:\기존 서류\이광재 부장 서류\부적합 대책서 관련(1)\기준서(1)\HEADER PIPE\HG HEV 검사기준서.xlsx,07_품질,폴더(부적합 대책서 관련(1)),E:\SHINHWA\07_품질\2026\HG HEV 검사기준서.xlsx,91,2026-06-10,이미 있음(동일)
E:\기존 서류\이광재 부장 서류\부적합 대책서 관련(1)\기준서(1)\HEADER PIPE\JA 12T(구냉매) 검사기준서.xlsx,07_품질,폴더(부적합 대책서 관련(1)),E:\SHINHWA\07_품질\2026\JA 12T(구냉매) 검사기준서.xlsx,88,2026-06-10,이미 있음(동일)
E:\기존 서류\이광재 부장 서류\부적합 대책서 관련(1)\기준서(1)\HEADER PIPE\JA 12T(신냉매) 검사기준서.xlsx,07_품질,폴더(부적합 대책서 관련(1)),E:\SHINHWA\07_품질\2026\JA 12T(신냉매) 검사기준서.xlsx,100,2026-06-10,이미 있음(동일)
E:\기존 서류\이광재 부장 서류\부적합 대책서 관련(1)\기준서(1)\HEADER PIPE\JA 16T 검사기준서.xlsx,07_품질,폴더(부적합 대책서 관련(1)),E:\SHINHWA\07_품질\2026\JA 16T 검사기준서.xlsx,88,2026-06-10,이미 있음(동일)
E:\기존 서류\이광재 부장 서류\부적합 대책서 관련(1)\기준서(1)\HEADER PIPE\JFA (구냉매) 검사기준서.xlsx,07_품질,폴더(부적합 대책서 관련(1)),E:\SHINHWA\07_품질\2026\JFA (구냉매) 검사기준서.xlsx,89,2026-06-10,이미 있음(동일)
E:\기존 서류\이광재 부장 서류\부적합 대책서 관련(1)\기준서(1)\HEADER PIPE\JFA (신냉매) 검사기준서.xlsx,07_품질,폴더(부적합 대책서 관련(1)),E:\SHINHWA\07_품질\2026\JFA (신냉매) 검사기준서.xlsx,97,2026-06-10,이미 있음(동일)
E:\기존 서류\이광재 부장 서류\부적합 대책서 관련(1)\기준서(1)\HEADER PIPE\MD (구냉매) 검사기준서.xlsx,07_품질,폴더(부적합 대책서 관련(1)),E:\SHINHWA\07_품질\2026\MD (구냉매) 검사기준서.xlsx,96,2026-06-10,이미 있음(동일)
E:\기존 서류\이광재 부장 서류\부적합 대책서 관련(1)\기준서(1)\HEADER PIPE\MD (신냉매) 검사기준서.xlsx,07_품질,폴더(부적합 대책서 관련(1)),E:\SHINHWA\07_품질\2026\MD (신냉매) 검사기준서.xlsx,96,2026-06-10,이미 있음(동일)
E:\기존 서류\이광재 부장 서류\부적합 대책서 관련(1)\기준서(1)\HEADER PIPE\PD EN(구냉매) 검사기준서.xlsx,07_품질,폴더(부적합 대책서 관련(1)),E:\SHINHWA\07_품질\2026\PD EN(구냉매) 검사기준서.xlsx,93,2026-06-10,이미 있음(동일)
E:\기존 서류\이광재 부장 서류\부적합 대책서 관련(1)\기준서(1)\HEADER PIPE\PD EN(신냉매) 검사기준서.xlsx,07_품질,폴더(부적합 대책서 관련(1)),E:\SHINHWA\07_품질\2026\PD EN(신냉매) 검사기준서.xlsx,101,2026-06-10,이미 있음(동일)
E:\기존 서류\이광재 부장 서류\부적합 대책서 관련(1)\기준서(1)\HEADER PIPE\PDE 1.0T 카파개선(구냉매) 검사기준서.xlsx,07_품질,폴더(부적합 대책서 관련(1)),E:\SHINHWA\07_품질\2026\PDE 1.0T 카파개선(구냉매) 검사기준서.xlsx,105,2026-06-10,이미 있음(동일)
E:\기존 서류\이광재 부장 서류\부적합 대책서 관련(1)\기준서(1)\HEADER PIPE\PDE 1.0T 카파개선(신냉매) 검사기준서.xlsx,07_품질,폴더(부적합 대책서 관련(1)),E:\SHINHWA\07_품질\2026\PDE 1.0T 카파개선(신냉매) 검사기준서.xlsx,113,2026-06-10,이미 있음(동일)
E:\기존 서류\이광재 부장 서류\부적합 대책서 관련(1)\기준서(1)\HEADER PIPE\PDE 신U 48V(구냉매) 검사기준서.xlsx,07_품질,폴더(부적합 대책서 관련(1)),E:\SHINHWA\07_품질\2026\PDE 신U 48V(구냉매) 검사기준서.xlsx,105,2026-06-10,이미 있음(동일)
E:\기존 서류\이광재 부장 서류\부적합 대책서 관련(1)\기준서(1)\HEADER PIPE\PDE 신U 48V(신냉매) 검사기준서.xlsx,07_품질,폴더(부적합 대책서 관련(1)),E:\SHINHWA\07_품질\2026\PDE 신U 48V(신냉매) 검사기준서.xlsx,113,2026-06-10,이미 있음(동일)
E:\기존 서류\이광재 부장 서류\부적합 대책서 관련(1)\기준서(1)\HEADER PIPE\PDEN PE DCT_MT(구냉매) 검사기준서.xlsx,07_품질,폴더(부적합 대책서 관련(1)),E:\SHINHWA\07_품질\2026\PDEN PE DCT_MT(구냉매) 검사기준서.xlsx,81,2026-06-10,이미 있음(동일)
E:\기존 서류\이광재 부장 서류\부적합 대책서 관련(1)\기준서(1)\HEADER PIPE\PDEN PE DCT_MT(신냉매) 검사기준서.xlsx,07_품질,폴더(부적합 대책서 관련(1)),E:\SHINHWA\07_품질\2026\PDEN PE DCT_MT(신냉매) 검사기준서.xlsx,89,2026-06-10,이미 있음(동일)
E:\기존 서류\이광재 부장 서류\부적합 대책서 관련(1)\기준서(1)\HEADER PIPE\PS EV(구냉매) 검사기준서.xlsx,07_품질,폴더(부적합 대책서 관련(1)),E:\SHINHWA\07_품질\2026\PS EV(구냉매) 검사기준서.xlsx,98,2026-06-10,이미 있음(동일)
E:\기존 서류\이광재 부장 서류\부적합 대책서 관련(1)\기준서(1)\HEADER PIPE\PS EV(신냉매) 검사기준서.xlsx,07_품질,폴더(부적합 대책서 관련(1)),E:\SHINHWA\07_품질\2026\PS EV(신냉매) 검사기준서.xlsx,106,2026-06-10,이미 있음(동일)
E:\기존 서류\이광재 부장 서류\부적합 대책서 관련(1)\기준서(1)\HEADER PIPE\PS GSL(구냉매) 검사기준서.xlsx,07_품질,폴더(부적합 대책서 관련(1)),E:\SHINHWA\07_품질\2026\PS GSL(구냉매) 검사기준서.xlsx,91,2026-06-10,이미 있음(동일)
E:\기존 서류\이광재 부장 서류\부적합 대책서 관련(1)\기준서(1)\HEADER PIPE\PS GSL(신냉매) 검사기준서.xlsx,07_품질,폴더(부적합 대책서 관련(1)),E:\SHINHWA\07_품질\2026\PS GSL(신냉매) 검사기준서.xlsx,99,2026-06-10,이미 있음(동일)
E:\기존 서류\이광재 부장 서류\부적합 대책서 관련(1)\기준서(1)\HEADER PIPE\SA FL 검사기준서.xlsx,07_품질,폴더(부적합 대책서 관련(1)),E:\SHINHWA\07_품질\2026\SA FL 검사기준서.xlsx,81,2026-06-10,이미 있음(동일)
E:\기존 서류\이광재 부장 서류\부적합 대책서 관련(1)\기준서(1)\HEADER PIPE\TA (구냉매) 검사기준서.xlsx,07_품질,폴더(부적합 대책서 관련(1)),E:\SHINHWA\07_품질\2026\TA (구냉매) 검사기준서.xlsx,96,2026-06-10,이미 있음(동일)
E:\기존 서류\이광재 부장 서류\부적합 대책서 관련(1)\기준서(1)\HEADER PIPE\TAM (구냉매) 검사기준서.xlsx,07_품질,폴더(부적합 대책서 관련(1)),E:\SHINHWA\07_품질\2026\TAM (구냉매) 검사기준서.xlsx,90,2026-06-10,이미 있음(동일)
E:\기존 서류\이광재 부장 서류\부적합 대책서 관련(1)\기준서(1)\HEADER PIPE\TAM PE(신냉매) 검사기준서.xlsx,07_품질,폴더(부적합 대책서 관련(1)),E:\SHINHWA\07_품질\2026\TAM PE(신냉매) 검사기준서.xlsx,110,2026-06-10,이미 있음(동일)
E:\기존 서류\이광재 부장 서류\부적합 대책서 관련(1)\기준서(1)\HEADER PIPE\TF U2(구냉매) 검사기준서.xlsx,07_품질,폴더(부적합 대책서 관련(1)),E:\SHINHWA\07_품질\2026\TF U2(구냉매) 검사기준서.xlsx,113,2026-06-10,이미 있음(동일)
E:\기존 서류\이광재 부장 서류\부적합 대책서 관련(1)\기준서(1)\HEADER PIPE\XD 검사기준서.xlsx,07_품질,폴더(부적합 대책서 관련(1)),E:\SHINHWA\07_품질\2026\XD 검사기준서.xlsx,86,2026-06-10,이미 있음(동일)
E:\기존 서류\이광재 부장 서류\부적합 대책서 관련(1)\기준서(1)\HEADER PIPE\YD (구냉매) 검사기준서.xlsx,07_품질,폴더(부적합 대책서 관련(1)),E:\SHINHWA\07_품질\2026\YD (구냉매) 검사기준서.xlsx,96,2026-06-10,이미 있음(동일)
E:\기존 서류\이광재 부장 서류\부적합 대책서 관련(1)\기준서(1)\HEADER PIPE\YD (신냉매) 검사기준서.xlsx,07_품질,폴더(부적합 대책서 관련(1)),E:\SHINHWA\07_품질\2026\YD (신냉매) 검사기준서.xlsx,104,2026-06-10,이미 있음(동일)
E:\기존 서류\이광재 부장 서류\부적합 대책서 관련(1)\기준서(1)\HEADER PIPE\YF13MY 검사기준서.xlsx,07_품질,폴더(부적합 대책서 관련(1)),E:\SHINHWA\07_품질\2026\YF13MY 검사기준서.xlsx,172,2026-06-10,이미 있음(동일)
E:\기존 서류\이광재 부장 서류\부적합 대책서 관련(1)\기준서\EVAP PIPE\AD 기준서.xlsx,07_품질,폴더(부적합 대책서 관련(1)),E:\SHINHWA\07_품질\2026\AD 기준서.xlsx,150,2026-06-10,이미 있음(동일)
E:\기존 서류\이광재 부장 서류\부적합 대책서 관련(1)\기준서\EVAP PIPE\DN8 기준서.xlsx,07_품질,폴더(부적합 대책서 관련(1)),E:\SHINHWA\07_품질\2026\DN8 기준서.xlsx,148,2026-06-10,이미 있음(동일)
E:\기존 서류\이광재 부장 서류\부적합 대책서 관련(1)\기준서\EVAP PIPE\MQ4 기준서.xlsx,07_품질,폴더(부적합 대책서 관련(1)),E:\SHINHWA\07_품질\2026\MQ4 기준서.xlsx,151,2026-06-10,이미 있음(동일)
E:\기존 서류\이광재 부장 서류\부적합 대책서 관련(1)\기준서\EVAP PIPE\PD 기준서.xlsx,07_품질,폴더(부적합 대책서 관련(1)),E:\SHINHWA\07_품질\2026\PD 기준서.xlsx,150,2026-06-10,이미 있음(동일)
E:\기존 서류\이광재 부장 서류\부적합 대책서 관련(1)\기준서\EVAP PIPE\US4 기준서.xlsx,07_품질,폴더(부적합 대책서 관련(1)),E:\SHINHWA\07_품질\2026\US4 기준서.xlsx,136,2026-06-10,이미 있음(동일)
E:\기존 서류\이광재 부장 서류\부적합 대책서 관련(1)\기준서\HEADER PIPE\AD DSL(구냉매) 검사기준서.xlsx,07_품질,폴더(부적합 대책서 관련(1)),E:\SHINHWA\07_품질\2026\AD DSL(구냉매) 검사기준서.xlsx,94,2026-06-10,이미 있음(동일)
E:\기존 서류\이광재 부장 서류\부적합 대책서 관련(1)\기준서\HEADER PIPE\AD DSL(신냉매) 검사기준서.xlsx,07_품질,폴더(부적합 대책서 관련(1)),E:\SHINHWA\07_품질\2026\AD DSL(신냉매) 검사기준서.xlsx,102,2026-06-10,이미 있음(동일)
E:\기존 서류\이광재 부장 서류\부적합 대책서 관련(1)\기준서\HEADER PIPE\AD GSL(구냉매) 검사기준서.xlsx,07_품질,폴더(부적합 대책서 관련(1)),E:\SHINHWA\07_품질\2026\AD GSL(구냉매) 검사기준서.xlsx,88,2026-06-10,이미 있음(동일)
E:\기존 서류\이광재 부장 서류\부적합 대책서 관련(1)\기준서\HEADER PIPE\AD GSL(신냉매) 검사기준서.xlsx,07_품질,폴더(부적합 대책서 관련(1)),E:\SHINHWA\07_품질\2026\AD GSL(신냉매) 검사기준서.xlsx,95,2026-06-10,이미 있음(동일)
E:\기존 서류\이광재 부장 서류\부적합 대책서 관련(1)\기준서\HEADER PIPE\BD DSL(구냉매) 검사기준서.xlsx,07_품질,폴더(부적합 대책서 관련(1)),E:\SHINHWA\07_품질\2026\BD DSL(구냉매) 검사기준서.xlsx,107,2026-06-10,이미 있음(동일)
E:\기존 서류\이광재 부장 서류\부적합 대책서 관련(1)\기준서\HEADER PIPE\BD DSL(신냉매) 검사기준서.xlsx,07_품질,폴더(부적합 대책서 관련(1)),E:\SHINHWA\07_품질\2026\BD DSL(신냉매) 검사기준서.xlsx,115,2026-06-10,이미 있음(동일)
E:\기존 서류\이광재 부장 서류\부적합 대책서 관련(1)\기준서\HEADER PIPE\BD GSL(구냉매) 검사기준서.xlsx,07_품질,폴더(부적합 대책서 관련(1)),E:\SHINHWA\07_품질\2026\BD GSL(구냉매) 검사기준서.xlsx,88,2026-06-10,이미 있음(동일)
E:\기존 서류\이광재 부장 서류\부적합 대책서 관련(1)\기준서\HEADER PIPE\BD GSL(신냉매) 검사기준서.xlsx,07_품질,폴더(부적합 대책서 관련(1)),E:\SHINHWA\07_품질\2026\BD GSL(신냉매) 검사기준서.xlsx,95,2026-06-10,이미 있음(동일)
E:\기존 서류\이광재 부장 서류\부적합 대책서 관련(1)\기준서\HEADER PIPE\BD TGDI(구냉매) 검사기준서.xlsx,07_품질,폴더(부적합 대책서 관련(1)),E:\SHINHWA\07_품질\2026\BD TGDI(구냉매) 검사기준서.xlsx,92,2026-06-10,이미 있음(동일)
E:\기존 서류\이광재 부장 서류\부적합 대책서 관련(1)\기준서\HEADER PIPE\BD TGDI(신냉매) 검사기준서.xlsx,07_품질,폴더(부적합 대책서 관련(1)),E:\SHINHWA\07_품질\2026\BD TGDI(신냉매) 검사기준서.xlsx,99,2026-06-10,이미 있음(동일)
E:\기존 서류\이광재 부장 서류\부적합 대책서 관련(1)\기준서\HEADER PIPE\CD DSL(구냉매) 검사기준서.xlsx,07_품질,폴더(부적합 대책서 관련(1)),E:\SHINHWA\07_품질\2026\CD DSL(구냉매) 검사기준서.xlsx,107,2026-06-10,이미 있음(동일)
E:\기존 서류\이광재 부장 서류\부적합 대책서 관련(1)\기준서\HEADER PIPE\CD DSL(신냉매) 검사기준서.xlsx,07_품질,폴더(부적합 대책서 관련(1)),E:\SHINHWA\07_품질\2026\CD DSL(신냉매) 검사기준서.xlsx,115,2026-06-10,이미 있음(동일)
E:\기존 서류\이광재 부장 서류\부적합 대책서 관련(1)\기준서\HEADER PIPE\CD GSL(구냉매) 검사기준서.xlsx,07_품질,폴더(부적합 대책서 관련(1)),E:\SHINHWA\07_품질\2026\CD GSL(구냉매) 검사기준서.xlsx,89,2026-06-10,이미 있음(동일)
E:\기존 서류\이광재 부장 서류\부적합 대책서 관련(1)\기준서\HEADER PIPE\CD GSL(신냉매) 검사기준서.xlsx,07_품질,폴더(부적합 대책서 관련(1)),E:\SHINHWA\07_품질\2026\CD GSL(신냉매) 검사기준서.xlsx,97,2026-06-10,이미 있음(동일)
E:\기존 서류\이광재 부장 서류\부적합 대책서 관련(1)\기준서\HEADER PIPE\CD TGDI(구냉매) 검사기준서.xlsx,07_품질,폴더(부적합 대책서 관련(1)),E:\SHINHWA\07_품질\2026\CD TGDI(구냉매) 검사기준서.xlsx,105,2026-06-10,이미 있음(동일)
E:\기존 서류\이광재 부장 서류\부적합 대책서 관련(1)\기준서\HEADER PIPE\CD TGDI(신냉매) 검사기준서.xlsx,07_품질,폴더(부적합 대책서 관련(1)),E:\SHINHWA\07_품질\2026\CD TGDI(신냉매) 검사기준서.xlsx,113,2026-06-10,이미 있음(동일)
E:\기존 서류\이광재 부장 서류\부적합 대책서 관련(1)\기준서\HEADER PIPE\CN7 (구냉매) 검사기준서.xlsx,07_품질,폴더(부적합 대책서 관련(1)),E:\SHINHWA\07_품질\2026\CN7 (구냉매) 검사기준서.xlsx,87,2026-06-10,이미 있음(동일)
E:\기존 서류\이광재 부장 서류\부적합 대책서 관련(1)\기준서\HEADER PIPE\CN7 (신냉매) 검사기준서.xlsx,07_품질,폴더(부적합 대책서 관련(1)),E:\SHINHWA\07_품질\2026\CN7 (신냉매) 검사기준서.xlsx,95,2026-06-10,이미 있음(동일)
E:\기존 서류\이광재 부장 서류\부적합 대책서 관련(1)\기준서\HEADER PIPE\CN7 TGDI (구냉매) 검사기준서.xlsx,07_품질,폴더(부적합 대책서 관련(1)),E:\SHINHWA\07_품질\2026\CN7 TGDI (구냉매) 검사기준서.xlsx,92,2026-06-10,이미 있음(동일)
E:\기존 서류\이광재 부장 서류\부적합 대책서 관련(1)\기준서\HEADER PIPE\CN7 TGDI (신냉매) 검사기준서.xlsx,07_품질,폴더(부적합 대책서 관련(1)),E:\SHINHWA\07_품질\2026\CN7 TGDI (신냉매) 검사기준서.xlsx,99,2026-06-10,이미 있음(동일)
E:\기존 서류\이광재 부장 서류\부적합 대책서 관련(1)\기준서\HEADER PIPE\DL3 GT 검사기준서.xlsx,07_품질,폴더(부적합 대책서 관련(1)),E:\SHINHWA\07_품질\2026\DL3 GT 검사기준서.xlsx,104,2026-06-10,이미 있음(동일)
E:\기존 서류\이광재 부장 서류\부적합 대책서 관련(1)\기준서\HEADER PIPE\DL3A (신냉매) 검사기준서.xlsx,07_품질,폴더(부적합 대책서 관련(1)),E:\SHINHWA\07_품질\2026\DL3A (신냉매) 검사기준서.xlsx,98,2026-06-10,이미 있음(동일)
E:\기존 서류\이광재 부장 서류\부적합 대책서 관련(1)\기준서\HEADER PIPE\DN8 HEV (구냉매) 검사기준서.xlsx,07_품질,폴더(부적합 대책서 관련(1)),E:\SHINHWA\07_품질\2026\DN8 HEV (구냉매) 검사기준서.xlsx,97,2026-06-10,이미 있음(동일)
E:\기존 서류\이광재 부장 서류\부적합 대책서 관련(1)\기준서\HEADER PIPE\DN8 HEV (신냉매) 검사기준서.xlsx,07_품질,폴더(부적합 대책서 관련(1)),E:\SHINHWA\07_품질\2026\DN8 HEV (신냉매) 검사기준서.xlsx,105,2026-06-10,이미 있음(동일)
E:\기존 서류\이광재 부장 서류\부적합 대책서 관련(1)\기준서\HEADER PIPE\DN8 N (구냉매) 검사기준서.xlsx,07_품질,폴더(부적합 대책서 관련(1)),E:\SHINHWA\07_품질\2026\DN8 N (구냉매) 검사기준서.xlsx,102,2026-06-10,이미 있음(동일)
E:\기존 서류\이광재 부장 서류\부적합 대책서 관련(1)\기준서\HEADER PIPE\DN8 N (신냉매) 검사기준서.xlsx,07_품질,폴더(부적합 대책서 관련(1)),E:\SHINHWA\07_품질\2026\DN8 N (신냉매) 검사기준서.xlsx,113,2026-06-10,이미 있음(동일)
E:\기존 서류\이광재 부장 서류\부적합 대책서 관련(1)\기준서\HEADER PIPE\DN8 TGDI(구냉매) 검사기준서.xlsx,07_품질,폴더(부적합 대책서 관련(1)),E:\SHINHWA\07_품질\2026\DN8 TGDI(구냉매) 검사기준서.xlsx,105,2026-06-10,이미 있음(동일)
E:\기존 서류\이광재 부장 서류\부적합 대책서 관련(1)\기준서\HEADER PIPE\DN8 TGDI(신냉매) 검사기준서.xlsx,07_품질,폴더(부적합 대책서 관련(1)),E:\SHINHWA\07_품질\2026\DN8 TGDI(신냉매) 검사기준서.xlsx,117,2026-06-10,이미 있음(동일)
E:\기존 서류\이광재 부장 서류\부적합 대책서 관련(1)\기준서\HEADER PIPE\DN8 a THETA_ø12.7 검사기준서.xlsx,07_품질,폴더(부적합 대책서 관련(1)),E:\SHINHWA\07_품질\2026\DN8 a THETA_ø12.7 검사기준서.xlsx,64,2026-06-10,이미 있음(동일)
E:\기존 서류\이광재 부장 서류\부적합 대책서 관련(1)\기준서\HEADER PIPE\DN8 a THETA_ø8.0 검사기준서.xlsx,07_품질,폴더(부적합 대책서 관련(1)),E:\SHINHWA\07_품질\2026\DN8 a THETA_ø8.0 검사기준서.xlsx,62,2026-06-10,이미 있음(동일)
"E:\기존 서류\이광재 부장 서류\부적합 대책서 관련(1)\기준서\HEADER PIPE\DN8A,DN3(구,신냉매)_ø12.7 검사기준서.xlsx",07_품질,폴더(부적합 대책서 관련(1)),"E:\SHINHWA\07_품질\2026\DN8A,DN3(구,신냉매)_ø12.7 검사기준서.xlsx",62,2026-06-10,이미 있음(동일)
"E:\기존 서류\이광재 부장 서류\부적합 대책서 관련(1)\기준서\HEADER PIPE\DN8A,DN3(구,신냉매)_ø8.0 검사기준서.xlsx",07_품질,폴더(부적합 대책서 관련(1)),"E:\SHINHWA\07_품질\2026\DN8A,DN3(구,신냉매)_ø8.0 검사기준서.xlsx",61,2026-06-10,이미 있음(동일)
E:\기존 서류\이광재 부장 서류\부적합 대책서 관련(1)\기준서\HEADER PIPE\EN DSL 검사기준서.xlsx,07_품질,폴더(부적합 대책서 관련(1)),E:\SHINHWA\07_품질\2026\EN DSL 검사기준서.xlsx,107,2026-06-10,이미 있음(동일)
E:\기존 서류\이광재 부장 서류\부적합 대책서 관련(1)\기준서\HEADER PIPE\EN GSL 검사기준서.xlsx,07_품질,폴더(부적합 대책서 관련(1)),E:\SHINHWA\07_품질\2026\EN GSL 검사기준서.xlsx,99,2026-06-10,이미 있음(동일)
E:\기존 서류\이광재 부장 서류\부적합 대책서 관련(1)\기준서\HEADER PIPE\GD 16T(구냉매) 검사기준서.xlsx,07_품질,폴더(부적합 대책서 관련(1)),E:\SHINHWA\07_품질\2026\GD 16T(구냉매) 검사기준서.xlsx,96,2026-06-10,이미 있음(동일)
E:\기존 서류\이광재 부장 서류\부적합 대책서 관련(1)\기준서\HEADER PIPE\GD 16T(신냉매) 검사기준서.xlsx,07_품질,폴더(부적합 대책서 관련(1)),E:\SHINHWA\07_품질\2026\GD 16T(신냉매) 검사기준서.xlsx,104,2026-06-10,이미 있음(동일)
E:\기존 서류\이광재 부장 서류\부적합 대책서 관련(1)\기준서\HEADER PIPE\GH 12T 검사기준서.xlsx,07_품질,폴더(부적합 대책서 관련(1)),E:\SHINHWA\07_품질\2026\GH 12T 검사기준서.xlsx,96,2026-06-10,이미 있음(동일)
E:\기존 서류\이광재 부장 서류\부적합 대책서 관련(1)\기준서\HEADER PIPE\HD 12T GSL검사기준서.xlsx,07_품질,폴더(부적합 대책서 관련(1)),E:\SHINHWA\07_품질\2026\HD 12T GSL검사기준서.xlsx,84,2026-06-10,이미 있음(동일)
E:\기존 서류\이광재 부장 서류\부적합 대책서 관련(1)\기준서\HEADER PIPE\HD DSL검사기준서.xlsx,07_품질,폴더(부적합 대책서 관련(1)),E:\SHINHWA\07_품질\2026\HD DSL검사기준서.xlsx,84,2026-06-10,이미 있음(동일)
E:\기존 서류\이광재 부장 서류\부적합 대책서 관련(1)\기준서\HEADER PIPE\HG HEV 검사기준서.xlsx,07_품질,폴더(부적합 대책서 관련(1)),E:\SHINHWA\07_품질\2026\HG HEV 검사기준서.xlsx,91,2026-06-10,이미 있음(동일)
E:\기존 서류\이광재 부장 서류\부적합 대책서 관련(1)\기준서\HEADER PIPE\JA 12T(구냉매) 검사기준서.xlsx,07_품질,폴더(부적합 대책서 관련(1)),E:\SHINHWA\07_품질\2026\JA 12T(구냉매) 검사기준서.xlsx,88,2026-06-10,이미 있음(동일)
E:\기존 서류\이광재 부장 서류\부적합 대책서 관련(1)\기준서\HEADER PIPE\JA 12T(신냉매) 검사기준서.xlsx,07_품질,폴더(부적합 대책서 관련(1)),E:\SHINHWA\07_품질\2026\JA 12T(신냉매) 검사기준서.xlsx,100,2026-06-10,이미 있음(동일)
E:\기존 서류\이광재 부장 서류\부적합 대책서 관련(1)\기준서\HEADER PIPE\JA 16T 검사기준서.xlsx,07_품질,폴더(부적합 대책서 관련(1)),E:\SHINHWA\07_품질\2026\JA 16T 검사기준서.xlsx,88,2026-06-10,이미 있음(동일)
E:\기존 서류\이광재 부장 서류\부적합 대책서 관련(1)\기준서\HEADER PIPE\JFA (구냉매) 검사기준서.xlsx,07_품질,폴더(부적합 대책서 관련(1)),E:\SHINHWA\07_품질\2026\JFA (구냉매) 검사기준서.xlsx,89,2026-06-10,이미 있음(동일)
E:\기존 서류\이광재 부장 서류\부적합 대책서 관련(1)\기준서\HEADER PIPE\JFA (신냉매) 검사기준서.xlsx,07_품질,폴더(부적합 대책서 관련(1)),E:\SHINHWA\07_품질\2026\JFA (신냉매) 검사기준서.xlsx,97,2026-06-10,이미 있음(동일)
E:\기존 서류\이광재 부장 서류\부적합 대책서 관련(1)\기준서\HEADER PIPE\MD (구냉매) 검사기준서.xlsx,07_품질,폴더(부적합 대책서 관련(1)),E:\SHINHWA\07_품질\2026\MD (구냉매) 검사기준서.xlsx,96,2026-06-10,이미 있음(동일)
E:\기존 서류\이광재 부장 서류\부적합 대책서 관련(1)\기준서\HEADER PIPE\MD (신냉매) 검사기준서.xlsx,07_품질,폴더(부적합 대책서 관련(1)),E:\SHINHWA\07_품질\2026\MD (신냉매) 검사기준서.xlsx,96,2026-06-10,이미 있음(동일)
E:\기존 서류\이광재 부장 서류\부적합 대책서 관련(1)\기준서\HEADER PIPE\PD EN(구냉매) 검사기준서.xlsx,07_품질,폴더(부적합 대책서 관련(1)),E:\SHINHWA\07_품질\2026\PD EN(구냉매) 검사기준서.xlsx,93,2026-06-10,이미 있음(동일)
E:\기존 서류\이광재 부장 서류\부적합 대책서 관련(1)\기준서\HEADER PIPE\PD EN(신냉매) 검사기준서.xlsx,07_품질,폴더(부적합 대책서 관련(1)),E:\SHINHWA\07_품질\2026\PD EN(신냉매) 검사기준서.xlsx,101,2026-06-10,이미 있음(동일)
E:\기존 서류\이광재 부장 서류\부적합 대책서 관련(1)\기준서\HEADER PIPE\PDE 1.0T 카파개선(구냉매) 검사기준서.xlsx,07_품질,폴더(부적합 대책서 관련(1)),E:\SHINHWA\07_품질\2026\PDE 1.0T 카파개선(구냉매) 검사기준서.xlsx,105,2026-06-10,이미 있음(동일)
E:\기존 서류\이광재 부장 서류\부적합 대책서 관련(1)\기준서\HEADER PIPE\PDE 1.0T 카파개선(신냉매) 검사기준서.xlsx,07_품질,폴더(부적합 대책서 관련(1)),E:\SHINHWA\07_품질\2026\PDE 1.0T 카파개선(신냉매) 검사기준서.xlsx,113,2026-06-10,이미 있음(동일)
E:\기존 서류\이광재 부장 서류\부적합 대책서 관련(1)\기준서\HEADER PIPE\PDE 신U 48V(구냉매) 검사기준서.xlsx,07_품질,폴더(부적합 대책서 관련(1)),E:\SHINHWA\07_품질\2026\PDE 신U 48V(구냉매) 검사기준서.xlsx,105,2026-06-10,이미 있음(동일)
E:\기존 서류\이광재 부장 서류\부적합 대책서 관련(1)\기준서\HEADER PIPE\PDE 신U 48V(신냉매) 검사기준서.xlsx,07_품질,폴더(부적합 대책서 관련(1)),E:\SHINHWA\07_품질\2026\PDE 신U 48V(신냉매) 검사기준서.xlsx,113,2026-06-10,이미 있음(동일)
E:\기존 서류\이광재 부장 서류\부적합 대책서 관련(1)\기준서\HEADER PIPE\PDEN PE DCT_MT(구냉매) 검사기준서.xlsx,07_품질,폴더(부적합 대책서 관련(1)),E:\SHINHWA\07_품질\2026\PDEN PE DCT_MT(구냉매) 검사기준서.xlsx,81,2026-06-10,이미 있음(동일)
E:\기존 서류\이광재 부장 서류\부적합 대책서 관련(1)\기준서\HEADER PIPE\PDEN PE DCT_MT(신냉매) 검사기준서.xlsx,07_품질,폴더(부적합 대책서 관련(1)),E:\SHINHWA\07_품질\2026\PDEN PE DCT_MT(신냉매) 검사기준서.xlsx,89,2026-06-10,이미 있음(동일)
E:\기존 서류\이광재 부장 서류\부적합 대책서 관련(1)\기준서\HEADER PIPE\PS EV(구냉매) 검사기준서.xlsx,07_품질,폴더(부적합 대책서 관련(1)),E:\SHINHWA\07_품질\2026\PS EV(구냉매) 검사기준서.xlsx,98,2026-06-10,이미 있음(동일)
E:\기존 서류\이광재 부장 서류\부적합 대책서 관련(1)\기준서\HEADER PIPE\PS EV(신냉매) 검사기준서.xlsx,07_품질,폴더(부적합 대책서 관련(1)),E:\SHINHWA\07_품질\2026\PS EV(신냉매) 검사기준서.xlsx,106,2026-06-10,이미 있음(동일)
E:\기존 서류\이광재 부장 서류\부적합 대책서 관련(1)\기준서\HEADER PIPE\PS GSL(구냉매) 검사기준서.xlsx,07_품질,폴더(부적합 대책서 관련(1)),E:\SHINHWA\07_품질\2026\PS GSL(구냉매) 검사기준서.xlsx,91,2026-06-10,이미 있음(동일)
E:\기존 서류\이광재 부장 서류\부적합 대책서 관련(1)\기준서\HEADER PIPE\PS GSL(신냉매) 검사기준서.xlsx,07_품질,폴더(부적합 대책서 관련(1)),E:\SHINHWA\07_품질\2026\PS GSL(신냉매) 검사기준서.xlsx,99,2026-06-10,이미 있음(동일)
E:\기존 서류\이광재 부장 서류\부적합 대책서 관련(1)\기준서\HEADER PIPE\SA FL 검사기준서.xlsx,07_품질,폴더(부적합 대책서 관련(1)),E:\SHINHWA\07_품질\2026\SA FL 검사기준서.xlsx,81,2026-06-10,이미 있음(동일)
E:\기존 서류\이광재 부장 서류\부적합 대책서 관련(1)\기준서\HEADER PIPE\TA (구냉매) 검사기준서.xlsx,07_품질,폴더(부적합 대책서 관련(1)),E:\SHINHWA\07_품질\2026\TA (구냉매) 검사기준서.xlsx,96,2026-06-10,이미 있음(동일)
E:\기존 서류\이광재 부장 서류\부적합 대책서 관련(1)\기준서\HEADER PIPE\TAM (구냉매) 검사기준서.xlsx,07_품질,폴더(부적합 대책서 관련(1)),E:\SHINHWA\07_품질\2026\TAM (구냉매) 검사기준서.xlsx,90,2026-06-10,이미 있음(동일)
E:\기존 서류\이광재 부장 서류\부적합 대책서 관련(1)\기준서\HEADER PIPE\TAM PE(신냉매) 검사기준서.xlsx,07_품질,폴더(부적합 대책서 관련(1)),E:\SHINHWA\07_품질\2026\TAM PE(신냉매) 검사기준서.xlsx,110,2026-06-10,이미 있음(동일)
E:\기존 서류\이광재 부장 서류\부적합 대책서 관련(1)\기준서\HEADER PIPE\TF U2(구냉매) 검사기준서.xlsx,07_품질,폴더(부적합 대책서 관련(1)),E:\SHINHWA\07_품질\2026\TF U2(구냉매) 검사기준서.xlsx,113,2026-06-10,이미 있음(동일)
E:\기존 서류\이광재 부장 서류\부적합 대책서 관련(1)\기준서\HEADER PIPE\XD 검사기준서.xlsx,07_품질,폴더(부적합 대책서 관련(1)),E:\SHINHWA\07_품질\2026\XD 검사기준서.xlsx,86,2026-06-10,이미 있음(동일)
E:\기존 서류\이광재 부장 서류\부적합 대책서 관련(1)\기준서\HEADER PIPE\YD (구냉매) 검사기준서.xlsx,07_품질,폴더(부적합 대책서 관련(1)),E:\SHINHWA\07_품질\2026\YD (구냉매) 검사기준서.xlsx,96,2026-06-10,이미 있음(동일)
E:\기존 서류\이광재 부장 서류\부적합 대책서 관련(1)\기준서\HEADER PIPE\YD (신냉매) 검사기준서.xlsx,07_품질,폴더(부적합 대책서 관련(1)),E:\SHINHWA\07_품질\2026\YD (신냉매) 검사기준서.xlsx,104,2026-06-10,이미 있음(동일)
E:\기존 서류\이광재 부장 서류\부적합 대책서 관련(1)\기준서\HEADER PIPE\YF13MY 검사기준서.xlsx,07_품질,폴더(부적합 대책서 관련(1)),E:\SHINHWA\07_품질\2026\YF13MY 검사기준서.xlsx,172,2026-06-10,이미 있음(동일)
"E:\기존 서류\이광재 부장 서류\수입검사 기준서,절차서(1)\수입검사 리스트.xlsx",07_품질,"폴더(수입검사 기준서,절차서(1))",E:\SHINHWA\07_품질\2026\수입검사 리스트.xlsx,63,2026-06-10,이미 있음(동일)
"E:\기존 서류\이광재 부장 서류\수입검사 기준서,절차서(1)\수입검사기준서 JOINT FLANGE\다온텍\수입검사기준서 CD-TGDI(신).xlsx",07_품질,폴더(수입검사기준서 JOINT FLANGE),E:\SHINHWA\07_품질\2026\수입검사기준서 CD-TGDI(신).xlsx,328,2026-06-10,이미 있음(동일)
"E:\기존 서류\이광재 부장 서류\수입검사 기준서,절차서(1)\수입검사기준서 JOINT FLANGE\다온텍\수입검사기준서 DN8 N GSL(구).xlsx",07_품질,폴더(수입검사기준서 JOINT FLANGE),E:\SHINHWA\07_품질\2026\수입검사기준서 DN8 N GSL(구).xlsx,457,2026-06-10,이미 있음(동일)
"E:\기존 서류\이광재 부장 서류\수입검사 기준서,절차서(1)\수입검사기준서 JOINT FLANGE\다온텍\수입검사기준서 DN8 N GSL(신).xlsx",07_품질,폴더(수입검사기준서 JOINT FLANGE),E:\SHINHWA\07_품질\2026\수입검사기준서 DN8 N GSL(신).xlsx,457,2026-06-10,이미 있음(동일)
"E:\기존 서류\이광재 부장 서류\수입검사 기준서,절차서(1)\수입검사기준서 JOINT FLANGE\다온텍\수입검사기준서 DN8-HEV M8(구).xlsx",07_품질,폴더(수입검사기준서 JOINT FLANGE),E:\SHINHWA\07_품질\2026\수입검사기준서 DN8-HEV M8(구).xlsx,402,2026-06-10,이미 있음(동일)
"E:\기존 서류\이광재 부장 서류\수입검사 기준서,절차서(1)\수입검사기준서 JOINT FLANGE\다온텍\수입검사기준서 DN8-HEV M8(신).xlsx",07_품질,폴더(수입검사기준서 JOINT FLANGE),E:\SHINHWA\07_품질\2026\수입검사기준서 DN8-HEV M8(신).xlsx,423,2026-06-10,이미 있음(동일)
"E:\기존 서류\이광재 부장 서류\수입검사 기준서,절차서(1)\수입검사기준서 JOINT FLANGE\다온텍\수입검사기준서 DN8-N M8(구).xlsx",07_품질,폴더(수입검사기준서 JOINT FLANGE),E:\SHINHWA\07_품질\2026\수입검사기준서 DN8-N M8(구).xlsx,421,2026-06-10,이미 있음(동일)
"E:\기존 서류\이광재 부장 서류\수입검사 기준서,절차서(1)\수입검사기준서 JOINT FLANGE\다온텍\수입검사기준서 DN8-N M8(신).xlsx",07_품질,폴더(수입검사기준서 JOINT FLANGE),E:\SHINHWA\07_품질\2026\수입검사기준서 DN8-N M8(신).xlsx,421,2026-06-10,이미 있음(동일)
"E:\기존 서류\이광재 부장 서류\수입검사 기준서,절차서(1)\수입검사기준서 JOINT FLANGE\다온텍\수입검사기준서 DN8-TGDI M8(구).xlsx",07_품질,폴더(수입검사기준서 JOINT FLANGE),E:\SHINHWA\07_품질\2026\수입검사기준서 DN8-TGDI M8(구).xlsx,402,2026-06-10,이미 있음(동일)
"E:\기존 서류\이광재 부장 서류\수입검사 기준서,절차서(1)\수입검사기준서 JOINT FLANGE\범원\수입검사기준서 CN7-TGDI(구).xlsx",07_품질,폴더(수입검사기준서 JOINT FLANGE),E:\SHINHWA\07_품질\2026\수입검사기준서 CN7-TGDI(구).xlsx,121,2026-06-10,이미 있음(동일)
"E:\기존 서류\이광재 부장 서류\수입검사 기준서,절차서(1)\수입검사기준서 JOINT FLANGE\범원\수입검사기준서 CN7-TGDI(신).xlsx",07_품질,폴더(수입검사기준서 JOINT FLANGE),E:\SHINHWA\07_품질\2026\수입검사기준서 CN7-TGDI(신).xlsx,173,2026-06-10,이미 있음(동일)
"E:\기존 서류\이광재 부장 서류\수입검사 기준서,절차서(1)\수입검사기준서 JOINT FLANGE\범원\수입검사기준서 DN8 HEV M6(구).xlsx",07_품질,폴더(수입검사기준서 JOINT FLANGE),E:\SHINHWA\07_품질\2026\수입검사기준서 DN8 HEV M6(구).xlsx,170,2026-06-10,이미 있음(동일)
"E:\기존 서류\이광재 부장 서류\수입검사 기준서,절차서(1)\수입검사기준서 JOINT FLANGE\범원\수입검사기준서 DN8 HEV M6(신).xlsx",07_품질,폴더(수입검사기준서 JOINT FLANGE),E:\SHINHWA\07_품질\2026\수입검사기준서 DN8 HEV M6(신).xlsx,173,2026-06-10,이미 있음(동일)
"E:\기존 서류\이광재 부장 서류\수입검사 기준서,절차서(1)\수입검사기준서 JOINT FLANGE\아이정밀1\수입검사기준서 BD-GSL(구).xlsx",07_품질,폴더(수입검사기준서 JOINT FLANGE),E:\SHINHWA\07_품질\2026\수입검사기준서 BD-GSL(구).xlsx,124,2026-06-10,이미 있음(동일)
"E:\기존 서류\이광재 부장 서류\수입검사 기준서,절차서(1)\수입검사기준서 JOINT FLANGE\아이정밀1\수입검사기준서 BD-GSL(신).xlsx",07_품질,폴더(수입검사기준서 JOINT FLANGE),E:\SHINHWA\07_품질\2026\수입검사기준서 BD-GSL(신).xlsx,837,2026-06-10,이미 있음(동일)
"E:\기존 서류\이광재 부장 서류\수입검사 기준서,절차서(1)\수입검사기준서 JOINT FLANGE\아이정밀1\수입검사기준서 PDE 카파개선(신).xlsx",07_품질,폴더(수입검사기준서 JOINT FLANGE),E:\SHINHWA\07_품질\2026\수입검사기준서 PDE 카파개선(신).xlsx,468,2026-06-10,이미 있음(동일)
"E:\기존 서류\이광재 부장 서류\수입검사 기준서,절차서(1)\수입검사기준서 JOINT FLANGE\아이정밀1\수입검사기준서 PDEN PE(구).xlsx",07_품질,폴더(수입검사기준서 JOINT FLANGE),E:\SHINHWA\07_품질\2026\수입검사기준서 PDEN PE(구).xlsx,474,2026-06-10,이미 있음(동일)
"E:\기존 서류\이광재 부장 서류\수입검사 기준서,절차서(1)\수입검사기준서 JOINT FLANGE\아이정밀1\수입검사기준서 PDEN PE(신).xlsx",07_품질,폴더(수입검사기준서 JOINT FLANGE),E:\SHINHWA\07_품질\2026\수입검사기준서 PDEN PE(신).xlsx,468,2026-06-10,이미 있음(동일)
"E:\기존 서류\이광재 부장 서류\수입검사 기준서,절차서(1)\수입검사기준서 JOINT FLANGE\주신정밀\수입검사기준서 CN7(구).xlsx",07_품질,폴더(수입검사기준서 JOINT FLANGE),E:\SHINHWA\07_품질\2026\수입검사기준서 CN7(구).xlsx,471,2026-06-10,이미 있음(동일)
"E:\기존 서류\이광재 부장 서류\수입검사 기준서,절차서(1)\수입검사기준서 JOINT FLANGE\주신정밀\수입검사기준서 CN7(신).xlsx",07_품질,폴더(수입검사기준서 JOINT FLANGE),E:\SHINHWA\07_품질\2026\수입검사기준서 CN7(신).xlsx,472,2026-06-10,이미 있음(동일)
"E:\기존 서류\이광재 부장 서류\수입검사 기준서,절차서(1)\수입검사기준서 JOINT FLANGE\주신정밀\수입검사기준서 JA-TOX(구).xlsx",07_품질,폴더(수입검사기준서 JOINT FLANGE),E:\SHINHWA\07_품질\2026\수입검사기준서 JA-TOX(구).xlsx,148,2026-06-10,이미 있음(동일)
"E:\기존 서류\이광재 부장 서류\수입검사 기준서,절차서(1)\수입검사기준서 JOINT FLANGE\주신정밀\수입검사기준서 JA-TOX(신).xlsx",07_품질,폴더(수입검사기준서 JOINT FLANGE),E:\SHINHWA\07_품질\2026\수입검사기준서 JA-TOX(신).xlsx,144,2026-06-10,이미 있음(동일)
"E:\기존 서류\이광재 부장 서류\수입검사 기준서,절차서(1)\양식모음\2. 외관검사지침서.xls",07_품질,"폴더(수입검사 기준서,절차서(1))",E:\SHINHWA\07_품질\2026\2. 외관검사지침서.xls,8593,2026-06-10,이미 있음(동일)
"E:\기존 서류\이광재 부장 서류\수입검사 기준서,절차서(1)\양식모음\검사기준서, 협정서 양식.xlsx",07_품질,"폴더(수입검사 기준서,절차서(1))","E:\SHINHWA\07_품질\2026\검사기준서, 협정서 양식.xlsx",157,2026-06-10,이미 있음(동일)
"E:\기존 서류\이광재 부장 서류\수입검사 기준서,절차서\수입검사 리스트.xlsx",07_품질,"폴더(수입검사 기준서,절차서)",E:\SHINHWA\07_품질\2026\수입검사 리스트.xlsx,63,2026-06-10,이미 있음(동일)
"E:\기존 서류\이광재 부장 서류\수입검사 기준서,절차서\수입검사기준서 JOINT FLANGE\다온텍\수입검사기준서 CD-TGDI(신).xlsx",07_품질,폴더(수입검사기준서 JOINT FLANGE),E:\SHINHWA\07_품질\2026\수입검사기준서 CD-TGDI(신).xlsx,328,2026-06-10,이미 있음(동일)
"E:\기존 서류\이광재 부장 서류\수입검사 기준서,절차서\수입검사기준서 JOINT FLANGE\다온텍\수입검사기준서 DN8 N GSL(구).xlsx",07_품질,폴더(수입검사기준서 JOINT FLANGE),E:\SHINHWA\07_품질\2026\수입검사기준서 DN8 N GSL(구).xlsx,457,2026-06-10,이미 있음(동일)
"E:\기존 서류\이광재 부장 서류\수입검사 기준서,절차서\수입검사기준서 JOINT FLANGE\다온텍\수입검사기준서 DN8 N GSL(신).xlsx",07_품질,폴더(수입검사기준서 JOINT FLANGE),E:\SHINHWA\07_품질\2026\수입검사기준서 DN8 N GSL(신).xlsx,457,2026-06-10,이미 있음(동일)
"E:\기존 서류\이광재 부장 서류\수입검사 기준서,절차서\수입검사기준서 JOINT FLANGE\다온텍\수입검사기준서 DN8-HEV M8(구).xlsx",07_품질,폴더(수입검사기준서 JOINT FLANGE),E:\SHINHWA\07_품질\2026\수입검사기준서 DN8-HEV M8(구).xlsx,402,2026-06-10,이미 있음(동일)
"E:\기존 서류\이광재 부장 서류\수입검사 기준서,절차서\수입검사기준서 JOINT FLANGE\다온텍\수입검사기준서 DN8-HEV M8(신).xlsx",07_품질,폴더(수입검사기준서 JOINT FLANGE),E:\SHINHWA\07_품질\2026\수입검사기준서 DN8-HEV M8(신).xlsx,423,2026-06-10,이미 있음(동일)
"E:\기존 서류\이광재 부장 서류\수입검사 기준서,절차서\수입검사기준서 JOINT FLANGE\다온텍\수입검사기준서 DN8-N M8(구).xlsx",07_품질,폴더(수입검사기준서 JOINT FLANGE),E:\SHINHWA\07_품질\2026\수입검사기준서 DN8-N M8(구).xlsx,421,2026-06-10,이미 있음(동일)
"E:\기존 서류\이광재 부장 서류\수입검사 기준서,절차서\수입검사기준서 JOINT FLANGE\다온텍\수입검사기준서 DN8-N M8(신).xlsx",07_품질,폴더(수입검사기준서 JOINT FLANGE),E:\SHINHWA\07_품질\2026\수입검사기준서 DN8-N M8(신).xlsx,421,2026-06-10,이미 있음(동일)
"E:\기존 서류\이광재 부장 서류\수입검사 기준서,절차서\수입검사기준서 JOINT FLANGE\다온텍\수입검사기준서 DN8-TGDI M8(구).xlsx",07_품질,폴더(수입검사기준서 JOINT FLANGE),E:\SHINHWA\07_품질\2026\수입검사기준서 DN8-TGDI M8(구).xlsx,402,2026-06-10,이미 있음(동일)
"E:\기존 서류\이광재 부장 서류\수입검사 기준서,절차서\수입검사기준서 JOINT FLANGE\범원\수입검사기준서 CN7-TGDI(구).xlsx",07_품질,폴더(수입검사기준서 JOINT FLANGE),E:\SHINHWA\07_품질\2026\수입검사기준서 CN7-TGDI(구).xlsx,121,2026-06-10,이미 있음(동일)
"E:\기존 서류\이광재 부장 서류\수입검사 기준서,절차서\수입검사기준서 JOINT FLANGE\범원\수입검사기준서 CN7-TGDI(신).xlsx",07_품질,폴더(수입검사기준서 JOINT FLANGE),E:\SHINHWA\07_품질\2026\수입검사기준서 CN7-TGDI(신).xlsx,173,2026-06-10,이미 있음(동일)
"E:\기존 서류\이광재 부장 서류\수입검사 기준서,절차서\수입검사기준서 JOINT FLANGE\범원\수입검사기준서 DN8 HEV M6(구).xlsx",07_품질,폴더(수입검사기준서 JOINT FLANGE),E:\SHINHWA\07_품질\2026\수입검사기준서 DN8 HEV M6(구).xlsx,170,2026-06-10,이미 있음(동일)
"E:\기존 서류\이광재 부장 서류\수입검사 기준서,절차서\수입검사기준서 JOINT FLANGE\범원\수입검사기준서 DN8 HEV M6(신).xlsx",07_품질,폴더(수입검사기준서 JOINT FLANGE),E:\SHINHWA\07_품질\2026\수입검사기준서 DN8 HEV M6(신).xlsx,173,2026-06-10,이미 있음(동일)
"E:\기존 서류\이광재 부장 서류\수입검사 기준서,절차서\수입검사기준서 JOINT FLANGE\아이정밀1\수입검사기준서 BD-GSL(구).xlsx",07_품질,폴더(수입검사기준서 JOINT FLANGE),E:\SHINHWA\07_품질\2026\수입검사기준서 BD-GSL(구).xlsx,124,2026-06-10,이미 있음(동일)
"E:\기존 서류\이광재 부장 서류\수입검사 기준서,절차서\수입검사기준서 JOINT FLANGE\아이정밀1\수입검사기준서 BD-GSL(신).xlsx",07_품질,폴더(수입검사기준서 JOINT FLANGE),E:\SHINHWA\07_품질\2026\수입검사기준서 BD-GSL(신).xlsx,837,2026-06-10,이미 있음(동일)
"E:\기존 서류\이광재 부장 서류\수입검사 기준서,절차서\수입검사기준서 JOINT FLANGE\아이정밀1\수입검사기준서 PDE 카파개선(신).xlsx",07_품질,폴더(수입검사기준서 JOINT FLANGE),E:\SHINHWA\07_품질\2026\수입검사기준서 PDE 카파개선(신).xlsx,468,2026-06-10,이미 있음(동일)
"E:\기존 서류\이광재 부장 서류\수입검사 기준서,절차서\수입검사기준서 JOINT FLANGE\아이정밀1\수입검사기준서 PDEN PE(구).xlsx",07_품질,폴더(수입검사기준서 JOINT FLANGE),E:\SHINHWA\07_품질\2026\수입검사기준서 PDEN PE(구).xlsx,474,2026-06-10,이미 있음(동일)
"E:\기존 서류\이광재 부장 서류\수입검사 기준서,절차서\수입검사기준서 JOINT FLANGE\아이정밀1\수입검사기준서 PDEN PE(신).xlsx",07_품질,폴더(수입검사기준서 JOINT FLANGE),E:\SHINHWA\07_품질\2026\수입검사기준서 PDEN PE(신).xlsx,468,2026-06-10,이미 있음(동일)
"E:\기존 서류\이광재 부장 서류\수입검사 기준서,절차서\수입검사기준서 JOINT FLANGE\주신정밀\수입검사기준서 CN7(구).xlsx",07_품질,폴더(수입검사기준서 JOINT FLANGE),E:\SHINHWA\07_품질\2026\수입검사기준서 CN7(구).xlsx,471,2026-06-10,이미 있음(동일)
"E:\기존 서류\이광재 부장 서류\수입검사 기준서,절차서\수입검사기준서 JOINT FLANGE\주신정밀\수입검사기준서 CN7(신).xlsx",07_품질,폴더(수입검사기준서 JOINT FLANGE),E:\SHINHWA\07_품질\2026\수입검사기준서 CN7(신).xlsx,472,2026-06-10,이미 있음(동일)
"E:\기존 서류\이광재 부장 서류\수입검사 기준서,절차서\수입검사기준서 JOINT FLANGE\주신정밀\수입검사기준서 JA-TOX(구).xlsx",07_품질,폴더(수입검사기준서 JOINT FLANGE),E:\SHINHWA\07_품질\2026\수입검사기준서 JA-TOX(구).xlsx,148,2026-06-10,이미 있음(동일)
"E:\기존 서류\이광재 부장 서류\수입검사 기준서,절차서\수입검사기준서 JOINT FLANGE\주신정밀\수입검사기준서 JA-TOX(신).xlsx",07_품질,폴더(수입검사기준서 JOINT FLANGE),E:\SHINHWA\07_품질\2026\수입검사기준서 JA-TOX(신).xlsx,144,2026-06-10,이미 있음(동일)
"E:\기존 서류\이광재 부장 서류\수입검사 기준서,절차서\양식모음\2. 외관검사지침서.xls",07_품질,"폴더(수입검사 기준서,절차서)",E:\SHINHWA\07_품질\2026\2. 외관검사지침서.xls,8593,2026-06-10,이미 있음(동일)
"E:\기존 서류\이광재 부장 서류\수입검사 기준서,절차서\양식모음\검사기준서, 협정서 양식.xlsx",07_품질,"폴더(수입검사 기준서,절차서)","E:\SHINHWA\07_품질\2026\검사기준서, 협정서 양식.xlsx",157,2026-06-10,이미 있음(동일)
E:\기존 서류\이광재 부장 서류\자격인증\2023 검사원 자격인증 평가표(2023년).xlsx,07_품질,파일명,E:\SHINHWA\07_품질\2026\2023 검사원 자격인증 평가표(2023년).xlsx,48,2026-04-30,이미 있음(동일)
E:\기존 서류\이광재 부장 서류\자격인증\2023 검사원 자격인증 평가표.xlsx,07_품질,파일명,E:\SHINHWA\07_품질\2026\2023 검사원 자격인증 평가표.xlsx,294,2026-04-30,이미 있음(동일)
E:\기존 서류\이광재 부장 서류\자격인증\검사공정 자격 인증서 (검사원).xlsx,07_품질,파일명,E:\SHINHWA\07_품질\2026\검사공정 자격 인증서 (검사원).xlsx,1890,2026-05-06,복사 → E:\SHINHWA\07_품질\2026\검사공정 자격 인증서 (검사원)_v2.xlsx
E:\기존 서류\이광재 부장 서류\자격인증\검사공정 자격 인증서 및 평가\2023 검사원 자격인증 평가표(2023년).xlsx,07_품질,폴더(검사공정 자격 인증서 및 평가),E:\SHINHWA\07_품질\2026\2023 검사원 자격인증 평가표(2023년).xlsx,48,2026-04-30,이미 있음(동일)
E:\기존 서류\이광재 부장 서류\자격인증\검사공정 자격 인증서 및 평가\검사공정 자격 인증서(2023) (1팀).xlsx,07_품질,폴더(검사공정 자격 인증서 및 평가),E:\SHINHWA\07_품질\2026\검사공정 자격 인증서(2023) (1팀).xlsx,25181,2026-04-30,이미 있음(동일)
E:\기존 서류\이광재 부장 서류\자격인증\검사공정 자격 인증서 및 평가\검사공정 자격 인증서(2023) (2팀).xlsx,07_품질,폴더(검사공정 자격 인증서 및 평가),E:\SHINHWA\07_품질\2026\검사공정 자격 인증서(2023) (2팀).xlsx,62235,2026-04-30,이미 있음(동일)
E:\기존 서류\이광재 부장 서류\자격인증\검사공정 자격 인증서 및 평가\검사공정 자격 인증서(2023) (3팀).xlsx,07_품질,폴더(검사공정 자격 인증서 및 평가),E:\SHINHWA\07_품질\2026\검사공정 자격 인증서(2023) (3팀).xlsx,581,2026-04-30,이미 있음(동일)
E:\기존 서류\이광재 부장 서류\자격인증\검사공정 자격 인증서 및 평가\검사공정 자격 인증서(2023) (거용접).xlsx,07_품질,폴더(검사공정 자격 인증서 및 평가),E:\SHINHWA\07_품질\2026\검사공정 자격 인증서(2023) (거용접).xlsx,2213,2026-04-30,이미 있음(동일)
E:\기존 서류\이광재 부장 서류\자격인증\검사공정 자격 인증서 및 평가\특수공정 자격 인증서(2023) (용접팀).xls,07_품질,폴더(검사공정 자격 인증서 및 평가),E:\SHINHWA\07_품질\2026\특수공정 자격 인증서(2023) (용접팀).xls,11068,2026-04-30,복사 → E:\SHINHWA\07_품질\2026\특수공정 자격 인증서(2023) (용접팀)_v2.xls
E:\기존 서류\이광재 부장 서류\자격인증\검사공정 자격 인증서(2023) (1팀).xlsx,07_품질,파일명,E:\SHINHWA\07_품질\2026\검사공정 자격 인증서(2023) (1팀).xlsx,25181,2026-04-30,복사 → E:\SHINHWA\07_품질\2026\검사공정 자격 인증서(2023) (1팀)_v2.xlsx
E:\기존 서류\이광재 부장 서류\자격인증\검사공정 자격 인증서(2023) (2팀).xlsx,07_품질,파일명,E:\SHINHWA\07_품질\2026\검사공정 자격 인증서(2023) (2팀).xlsx,62235,2026-04-30,이미 있음(동일)
E:\기존 서류\이광재 부장 서류\자격인증\검사공정 자격 인증서(2023) (3팀).xlsx,07_품질,파일명,E:\SHINHWA\07_품질\2026\검사공정 자격 인증서(2023) (3팀).xlsx,581,2026-04-30,이미 있음(동일)
E:\기존 서류\이광재 부장 서류\자격인증\검사공정 자격 인증서(2023) (거용접).xlsx,07_품질,파일명,E:\SHINHWA\07_품질\2026\검사공정 자격 인증서(2023) (거용접).xlsx,2213,2026-04-30,이미 있음(동일)
E:\기존 서류\이광재 부장 서류\자격인증\검사공정 자격 인증서(2023) (검사원).xlsx,07_품질,파일명,E:\SHINHWA\07_품질\2026\검사공정 자격 인증서(2023) (검사원).xlsx,915,2026-04-30,이미 있음(동일)
E:\기존 서류\이광재 부장 서류\자격인증\검사공정 자격 인증서(2팀).xlsx,07_품질,파일명,E:\SHINHWA\07_품질\2026\검사공정 자격 인증서(2팀).xlsx,62195,2026-04-30,이미 있음(동일)
E:\기존 서류\이광재 부장 서류\자격인증\검사공정 자격 인증서(3팀).xlsx,07_품질,파일명,E:\SHINHWA\07_품질\2026\검사공정 자격 인증서(3팀).xlsx,549,2026-04-30,이미 있음(동일)
E:\기존 서류\이광재 부장 서류\자격인증\검사공정 자격 인증서(용접).xlsx,07_품질,파일명,E:\SHINHWA\07_품질\2026\검사공정 자격 인증서(용접).xlsx,2250,2026-04-30,이미 있음(동일)
E:\기존 서류\이광재 부장 서류\자격인증\검사공정 자격 인증서(팀).xlsx,07_품질,파일명,E:\SHINHWA\07_품질\2026\검사공정 자격 인증서(팀).xlsx,25218,2026-04-30,이미 있음(동일)
E:\기존 서류\황지환\이상발생보고서\이상발생보고서.xls,07_품질,폴더 지정(이상발생보고서),E:\SHINHWA\07_품질\2026\이상발생보고서.xls,6206,2026-06-10,이미 있음(동일)
E:\기존 서류\황지환\이상발생보고서\제품별 개선대책\C-300.xlsx,07_품질,폴더 지정(이상발생보고서),E:\SHINHWA\07_품질\2026\C-300.xlsx,1663,2026-06-10,이미 있음(동일)
E:\기존 서류\황지환\이상발생보고서\제품별 개선대책\T1XX.xlsx,07_품질,폴더 지정(이상발생보고서),E:\SHINHWA\07_품질\2026\T1XX.xlsx,1544,2026-06-10,복사 → E:\SHINHWA\07_품질\2026\T1XX_v2.xlsx
E:\기존 서류\황지환\이상발생보고서\품질확인 성적서\T1XX.xlsx,07_품질,폴더(품질확인 성적서),E:\SHINHWA\07_품질\2026\T1XX.xlsx,2687,2026-06-10,이미 있음(동일)
E:\기존 서류\황지환\이상발생보고서\품질확인 성적서\밴딩(공용).xlsx,07_품질,폴더(품질확인 성적서),E:\SHINHWA\07_품질\2026\밴딩(공용).xlsx,38,2026-06-10,이미 있음(동일)
E:\기존 서류\황지환\평가\2. 공급능력 관리(완)\1월\1월 외주 협력사 CAPA 분석.xlsx,07_품질,폴더 지정(공급능력 관리),E:\SHINHWA\07_품질\2024\1월 외주 협력사 CAPA 분석.xlsx,44,2024-12-31,이미 있음(동일)
E:\기존 서류\황지환\평가\2. 공급능력 관리(완)\24년\10월\10월 외주 협력사 CAPA 분석.xlsx,07_품질,폴더 지정(공급능력 관리),E:\SHINHWA\07_품질\2024\10월 외주 협력사 CAPA 분석.xlsx,40,2024-11-25,이미 있음(동일)
E:\기존 서류\황지환\평가\2. 공급능력 관리(완)\24년\11월\11월 외주 협력사 CAPA 분석.xlsx,07_품질,폴더 지정(공급능력 관리),E:\SHINHWA\07_품질\2024\11월 외주 협력사 CAPA 분석.xlsx,44,2024-11-25,이미 있음(동일)
E:\기존 서류\황지환\평가\2. 공급능력 관리(완)\24년\12월\12월 외주 협력사 CAPA 분석.xlsx,07_품질,폴더 지정(공급능력 관리),E:\SHINHWA\07_품질\2024\12월 외주 협력사 CAPA 분석.xlsx,44,2024-11-29,이미 있음(동일)
E:\기존 서류\황지환\평가\2. 공급능력 관리(완)\24년\1월\1월 외주 협력사 CAPA 분석.xlsx,07_품질,폴더 지정(공급능력 관리),E:\SHINHWA\07_품질\2024\1월 외주 협력사 CAPA 분석.xlsx,35,2024-11-25,복사 → E:\SHINHWA\07_품질\2024\1월 외주 협력사 CAPA 분석_v2.xlsx
E:\기존 서류\황지환\평가\2. 공급능력 관리(완)\24년\2월\2월 외주 협력사 CAPA 분석.xlsx,07_품질,폴더 지정(공급능력 관리),E:\SHINHWA\07_품질\2024\2월 외주 협력사 CAPA 분석.xlsx,35,2024-11-25,이미 있음(동일)
E:\기존 서류\황지환\평가\2. 공급능력 관리(완)\24년\3월\3월 외주 협력사 CAPA 분석.xlsx,07_품질,폴더 지정(공급능력 관리),E:\SHINHWA\07_품질\2024\3월 외주 협력사 CAPA 분석.xlsx,35,2024-11-25,이미 있음(동일)
E:\기존 서류\황지환\평가\2. 공급능력 관리(완)\24년\4월\4월 외주 협력사 CAPA 분석.xlsx,07_품질,폴더 지정(공급능력 관리),E:\SHINHWA\07_품질\2024\4월 외주 협력사 CAPA 분석.xlsx,35,2024-11-25,이미 있음(동일)
E:\기존 서류\황지환\평가\2. 공급능력 관리(완)\24년\5월\5월 외주 협력사 CAPA 분석.xlsx,07_품질,폴더 지정(공급능력 관리),E:\SHINHWA\07_품질\2024\5월 외주 협력사 CAPA 분석.xlsx,35,2024-11-25,이미 있음(동일)
E:\기존 서류\황지환\평가\2. 공급능력 관리(완)\24년\6월\6월 외주 협력사 CAPA 분석.xlsx,07_품질,폴더 지정(공급능력 관리),E:\SHINHWA\07_품질\2024\6월 외주 협력사 CAPA 분석.xlsx,40,2024-11-25,이미 있음(동일)
E:\기존 서류\황지환\평가\2. 공급능력 관리(완)\24년\7월\7월 외주 협력사 CAPA 분석.xlsx,07_품질,폴더 지정(공급능력 관리),E:\SHINHWA\07_품질\2024\7월 외주 협력사 CAPA 분석.xlsx,40,2024-11-25,이미 있음(동일)
E:\기존 서류\황지환\평가\2. 공급능력 관리(완)\24년\9월\9월 외주 협력사 CAPA 분석.xlsx,07_품질,폴더 지정(공급능력 관리),E:\SHINHWA\07_품질\2024\9월 외주 협력사 CAPA 분석.xlsx,40,2024-11-25,이미 있음(동일)
E:\기존 서류\황지환\평가\2. 공급능력 관리(완)\2월\2월 외주 협력사 CAPA 분석.xlsx,07_품질,폴더 지정(공급능력 관리),E:\SHINHWA\07_품질\2025\2월 외주 협력사 CAPA 분석.xlsx,44,2025-02-21,이미 있음(동일)
E:\기존 서류\황지환\평가\2. 공급능력 관리(완)\4. (주)신화HT 견적서.pdf,07_품질,폴더 지정(공급능력 관리),E:\SHINHWA\07_품질\2024\4. (주)신화HT 견적서.pdf,316,2024-06-17,이미 있음(동일)
E:\기존 서류\황지환\평가\2. 공급능력 관리(완)\4월\forecast\(2023.03.26) HE FCST_2025.03_JA PLANT (1).xlsx,07_품질,폴더 지정(공급능력 관리),E:\SHINHWA\07_품질\2025\(2023.03.26) HE FCST_2025.03_JA PLANT (1).xlsx,1635,2025-03-27,이미 있음(동일)
E:\기존 서류\황지환\평가\2. 공급능력 관리(완)\4월\예상소요량.xlsx,07_품질,폴더 지정(공급능력 관리),E:\SHINHWA\07_품질\2025\예상소요량.xlsx,846,2025-03-25,이미 있음(동일)
E:\기존 서류\황지환\평가\2. 공급능력 관리(완)\4월\예상소요량2.xlsx,07_품질,폴더 지정(공급능력 관리),E:\SHINHWA\07_품질\2025\예상소요량2.xlsx,818,2025-03-26,이미 있음(동일)
E:\기존 서류\황지환\평가\2. 공급능력 관리(완)\가공반 CAPA 분석.xlsx,07_품질,폴더 지정(공급능력 관리),E:\SHINHWA\07_품질\2024\가공반 CAPA 분석.xlsx,30,2024-08-08,이미 있음(동일)
E:\기존 서류\황지환\평가\4. 적용시점\■ISIR & 4M_이력관리대장_250211 (1) (1).xlsx,07_품질,파일명,E:\SHINHWA\07_품질\2025\■ISIR & 4M_이력관리대장_250211 (1) (1).xlsx,429,2025-02-23,이미 있음(동일)
E:\기존 서류\황지환\평가\4.■유검사리스트_Rev.0_08013 (1).xlsx,07_품질,파일명,E:\SHINHWA\07_품질\2024\4.■유검사리스트_Rev.0_08013 (1).xlsx,103,2024-11-24,이미 있음(동일)
"E:\기존 서류\황지환\평가\6동\◇6-1동 KU 기준서,관리계획서,FMEA.xlsx",07_품질,파일명,"E:\SHINHWA\07_품질\2025\◇6-1동 KU 기준서,관리계획서,FMEA.xlsx",394,2025-02-19,이미 있음(동일)
"E:\기존 서류\황지환\평가\6동\◇6-1동 US4 FA1B5HU4AS03 협정서,기준서,관리계획서,FMEA.xlsx",07_품질,파일명,"E:\SHINHWA\07_품질\2025\◇6-1동 US4 FA1B5HU4AS03 협정서,기준서,관리계획서,FMEA.xlsx",399,2025-02-19,이미 있음(동일)
E:\기존 서류\황지환\평가\6동\◇6-1동공정검사 EVAP PIPE ASSY AD LHD.xlsx,07_품질,파일명,E:\SHINHWA\07_품질\2025\◇6-1동공정검사 EVAP PIPE ASSY AD LHD.xlsx,12586,2025-02-19,이미 있음(동일)
E:\기존 서류\황지환\평가\6동\◇6-1동공정검사 EVAP PIPE ASSY AD RHD.xlsx,07_품질,파일명,E:\SHINHWA\07_품질\2025\◇6-1동공정검사 EVAP PIPE ASSY AD RHD.xlsx,12588,2025-02-19,이미 있음(동일)
E:\기존 서류\황지환\평가\6동\◇6-1동공정검사 EVAP PIPE ASSY CN7 LHD.xlsx,07_품질,파일명,E:\SHINHWA\07_품질\2025\◇6-1동공정검사 EVAP PIPE ASSY CN7 LHD.xlsx,12592,2025-02-07,이미 있음(동일)
E:\기존 서류\황지환\평가\6동\◇6-1동공정검사 EVAP PIPE ASSY DN8 LHD.xlsx,07_품질,파일명,E:\SHINHWA\07_품질\2025\◇6-1동공정검사 EVAP PIPE ASSY DN8 LHD.xlsx,12590,2025-02-07,이미 있음(동일)
E:\기존 서류\황지환\평가\6동\◇6-1동공정검사 EVAP PIPE ASSY JFA LHD.xlsx,07_품질,파일명,E:\SHINHWA\07_품질\2025\◇6-1동공정검사 EVAP PIPE ASSY JFA LHD.xlsx,12587,2025-02-07,이미 있음(동일)
E:\기존 서류\황지환\평가\6동\◇6-1동공정검사 EVAP PIPE ASSY PD LHD.xlsx,07_품질,파일명,E:\SHINHWA\07_품질\2025\◇6-1동공정검사 EVAP PIPE ASSY PD LHD.xlsx,12591,2025-02-07,이미 있음(동일)
E:\기존 서류\황지환\평가\6동\◇6-1동공정검사 EVAP PIPE ASSY PD RHD.xlsx,07_품질,파일명,E:\SHINHWA\07_품질\2025\◇6-1동공정검사 EVAP PIPE ASSY PD RHD.xlsx,12587,2025-02-07,이미 있음(동일)
E:\기존 서류\황지환\평가\6동\◇6-1동공정검사 EVAP PIPE ASSY TLE LHD.xlsx,07_품질,파일명,E:\SHINHWA\07_품질\2025\◇6-1동공정검사 EVAP PIPE ASSY TLE LHD.xlsx,12588,2025-02-01,이미 있음(동일)
E:\기존 서류\황지환\평가\6동\◇6-1동공정검사 EVAP PIPE ASSY UMA LHD.xlsx,07_품질,파일명,E:\SHINHWA\07_품질\2025\◇6-1동공정검사 EVAP PIPE ASSY UMA LHD.xlsx,12590,2025-02-01,이미 있음(동일)
E:\기존 서류\황지환\평가\6동\◇6-1동공정검사 MQ4 Power 241231.xlsx,07_품질,파일명,E:\SHINHWA\07_품질\2025\◇6-1동공정검사 MQ4 Power 241231.xlsx,23208,2025-02-07,이미 있음(동일)
E:\기존 서류\황지환\평가\6동\◇6-1동공정검사 MQ4 RR HE333UMNAB.xlsx,07_품질,파일명,E:\SHINHWA\07_품질\2025\◇6-1동공정검사 MQ4 RR HE333UMNAB.xlsx,12591,2025-02-07,이미 있음(동일)
E:\기존 서류\황지환\평가\6동\◇6-2동공정검사ISIR_JLR_F830GWREAA03 HEADER ASSY.xlsx,07_품질,파일명,E:\SHINHWA\07_품질\2025\◇6-2동공정검사ISIR_JLR_F830GWREAA03 HEADER ASSY.xlsx,6405,2025-01-03,이미 있음(동일)
E:\기존 서류\황지환\평가\6동\◇6-2동공정검사SC_HC830YTHAA-06 HDER ASY-COND.xlsx,07_품질,파일명,E:\SHINHWA\07_품질\2025\◇6-2동공정검사SC_HC830YTHAA-06 HDER ASY-COND.xlsx,4222,2025-02-01,이미 있음(동일)
E:\기존 서류\황지환\평가\6동\◇6-2동공정검사SC_HC831YTHAA-06 HDER ASY-COND.xlsx,07_품질,파일명,E:\SHINHWA\07_품질\2025\◇6-2동공정검사SC_HC831YTHAA-06 HDER ASY-COND.xlsx,4223,2025-02-01,이미 있음(동일)
E:\작성중\2026년 8월 2주차 주간 품질 실적 보고.pptx,07_품질,파일명,E:\SHINHWA\07_품질\2026\2026년 8월 2주차 주간 품질 실적 보고.pptx,1110,2026-08-06,이미 있음(동일)
"E:\작성중\공정불량현황(한온,포레시아)_2026년.xlsx",07_품질,파일명,"E:\SHINHWA\07_품질\2026\공정불량현황(한온,포레시아)_2026년.xlsx",169,2026-08-06,이미 있음(동일)
E:\작성중\주간업무보고(한온 및 포레시아 통합 품질실적 보고서).pptx,07_품질,파일명,E:\SHINHWA\07_품질\2026\주간업무보고(한온 및 포레시아 통합 품질실적 보고서).pptx,219,2026-08-06,이미 있음(동일)
E:\작성중\주간업무보고_품질팀_8월2주차_재디자인.pptx,07_품질,파일명,E:\SHINHWA\07_품질\2026\주간업무보고_품질팀_8월2주차_재디자인.pptx,124,2026-08-06,이미 있음(동일)
E:\작성중\품질성과보고서\신화에이치앤티_2026_품질경영_통합운영_Master_Rev16.xlsx,07_품질,폴더(품질성과보고서),E:\SHINHWA\07_품질\2026\신화에이치앤티_2026_품질경영_통합운영_Master_Rev16.xlsx,22,2026-08-10,이미 있음(동일)
E:\작성중\품질성과보고서\신화에이치앤티_2026_품질성과보고서_Rev02_완성본.pptx,07_품질,폴더(품질성과보고서),E:\SHINHWA\07_품질\2026\신화에이치앤티_2026_품질성과보고서_Rev02_완성본.pptx,86,2026-08-10,이미 있음(동일)
E:\작성중\품질성과보고서\신화에이치앤티_2026_품질성과보고서_Rev03_데이터상세반영_완성본.pptx,07_품질,폴더(품질성과보고서),E:\SHINHWA\07_품질\2026\신화에이치앤티_2026_품질성과보고서_Rev03_데이터상세반영_완성본.pptx,114,2026-08-10,이미 있음(동일)
E:\작성중\품질성과보고서\신화에이치앤티_2026_품질성과보고서_Rev04_최종검수판.pptx,07_품질,폴더(품질성과보고서),E:\SHINHWA\07_품질\2026\신화에이치앤티_2026_품질성과보고서_Rev04_최종검수판.pptx,126,2026-08-10,이미 있음(동일)
E:\작성중\품질성과보고서\신화에이치앤티_2026_품질성과보고서_Rev05_최종납품판 (1).pptx,07_품질,폴더(품질성과보고서),E:\SHINHWA\07_품질\2026\신화에이치앤티_2026_품질성과보고서_Rev05_최종납품판 (1).pptx,133,2026-08-10,이미 있음(동일)
E:\작성중\품질성과보고서\신화에이치앤티_2026_품질성과보고서_Rev05_최종납품판.pptx,07_품질,폴더(품질성과보고서),E:\SHINHWA\07_품질\2026\신화에이치앤티_2026_품질성과보고서_Rev05_최종납품판.pptx,133,2026-08-10,이미 있음(동일)
E:\작성중\품질성과보고서\신화에이치앤티_2026_품질성과보고서_Rev06_Executive_15P.pptx,07_품질,폴더(품질성과보고서),E:\SHINHWA\07_품질\2026\신화에이치앤티_2026_품질성과보고서_Rev06_Executive_15P.pptx,55,2026-08-10,이미 있음(동일)
E:\작성중\품질성과보고서\신화에이치앤티_2026_품질성과보고서_Rev07_Executive_Premium.pptx,07_품질,폴더(품질성과보고서),E:\SHINHWA\07_품질\2026\신화에이치앤티_2026_품질성과보고서_Rev07_Executive_Premium.pptx,59,2026-08-10,이미 있음(동일)
E:\작성중\품질성과보고서\신화에이치앤티_2026_품질성과보고서_Rev08_Executive_Final (1).pptx,07_품질,폴더(품질성과보고서),E:\SHINHWA\07_품질\2026\신화에이치앤티_2026_품질성과보고서_Rev08_Executive_Final (1).pptx,70,2026-08-10,이미 있음(동일)
E:\작성중\품질성과보고서\신화에이치앤티_2026_품질성과보고서_Rev08_Executive_Final.pdf,07_품질,폴더(품질성과보고서),E:\SHINHWA\07_품질\2026\신화에이치앤티_2026_품질성과보고서_Rev08_Executive_Final.pdf,233,2026-08-10,이미 있음(동일)
E:\작성중\품질성과보고서\신화에이치앤티_2026_품질성과보고서_Rev08_Executive_Final.pptx,07_품질,폴더(품질성과보고서),E:\SHINHWA\07_품질\2026\신화에이치앤티_2026_품질성과보고서_Rev08_Executive_Final.pptx,70,2026-08-10,이미 있음(동일)
E:\작성중\품질성과보고서\신화에이치앤티_2026_품질성과보고서_Rev09_발표용최종판.pptx,07_품질,폴더(품질성과보고서),E:\SHINHWA\07_품질\2026\신화에이치앤티_2026_품질성과보고서_Rev09_발표용최종판.pptx,74,2026-08-10,이미 있음(동일)
E:\작성중\품질성과보고서\신화에이치앤티_2026_품질성과보고서_Rev10_데이터검증_확정본.pptx,07_품질,폴더(품질성과보고서),E:\SHINHWA\07_품질\2026\신화에이치앤티_2026_품질성과보고서_Rev10_데이터검증_확정본.pptx,76,2026-08-10,이미 있음(동일)
E:\작성중\품질성과보고서\신화에이치앤티_2026_품질성과보고서_Rev11_차종별품질분석판.pptx,07_품질,폴더(품질성과보고서),E:\SHINHWA\07_품질\2026\신화에이치앤티_2026_품질성과보고서_Rev11_차종별품질분석판.pptx,88,2026-08-10,이미 있음(동일)
E:\작성중\품질성과보고서\신화에이치앤티_2026_품질성과보고서_Rev12_차종불량유형_교차분석판.pptx,07_품질,폴더(품질성과보고서),E:\SHINHWA\07_품질\2026\신화에이치앤티_2026_품질성과보고서_Rev12_차종불량유형_교차분석판.pptx,94,2026-08-10,이미 있음(동일)
E:\작성중\품질성과보고서\신화에이치앤티_2026_품질성과보고서_Rev13_월간종합Matrix판.pptx,07_품질,폴더(품질성과보고서),E:\SHINHWA\07_품질\2026\신화에이치앤티_2026_품질성과보고서_Rev13_월간종합Matrix판.pptx,113,2026-08-10,이미 있음(동일)
E:\작성중\품질성과보고서\신화에이치앤티_2026_품질성과보고서_Rev14_FINAL_MASTER.pdf,07_품질,폴더(품질성과보고서),E:\SHINHWA\07_품질\2026\신화에이치앤티_2026_품질성과보고서_Rev14_FINAL_MASTER.pdf,440,2026-08-10,이미 있음(동일)
E:\작성중\품질성과보고서\신화에이치앤티_2026_품질성과보고서_Rev14_FINAL_MASTER.pptx,07_품질,폴더(품질성과보고서),E:\SHINHWA\07_품질\2026\신화에이치앤티_2026_품질성과보고서_Rev14_FINAL_MASTER.pptx,116,2026-08-10,이미 있음(동일)
E:\작성중\품질성과보고서\신화에이치앤티_2026_품질성과보고서_Rev14_FINAL_MASTER_납품패키지.zip,07_품질,폴더(품질성과보고서),E:\SHINHWA\07_품질\2026\신화에이치앤티_2026_품질성과보고서_Rev14_FINAL_MASTER_납품패키지.zip,353,2026-08-10,이미 있음(동일)
E:\작성중\품질성과보고서\신화에이치앤티_2026_품질운영_Dashboard_Master_Rev15.xlsx,07_품질,폴더(품질성과보고서),E:\SHINHWA\07_품질\2026\신화에이치앤티_2026_품질운영_Dashboard_Master_Rev15.xlsx,14,2026-08-10,이미 있음(동일)
E:\작성중\품질성과보고서\신화에이치앤티_2027_품질경영_최종운영패키지_Rev02.zip,07_품질,폴더(품질성과보고서),E:\SHINHWA\07_품질\2026\신화에이치앤티_2027_품질경영_최종운영패키지_Rev02.zip,349,2026-08-10,이미 있음(동일)
E:\작성중\품질성과보고서\신화에이치앤티_2027_품질사업계획서_Rev01.pptx,07_품질,폴더(품질성과보고서),E:\SHINHWA\07_품질\2026\신화에이치앤티_2027_품질사업계획서_Rev01.pptx,45,2026-08-10,이미 있음(동일)
E:\작성중\품질성과보고서\신화에이치앤티_2027_품질사업계획서_Rev02_경영승인판.pptx,07_품질,폴더(품질성과보고서),E:\SHINHWA\07_품질\2026\신화에이치앤티_2027_품질사업계획서_Rev02_경영승인판.pptx,47,2026-08-10,이미 있음(동일)
E:\작성중\품질성과보고서\신화에이치앤티_2027사업계획_IATF경영검토_통합패키지_Rev01.zip,07_품질,폴더(품질성과보고서),E:\SHINHWA\07_품질\2026\신화에이치앤티_2027사업계획_IATF경영검토_통합패키지_Rev01.zip,93,2026-08-10,이미 있음(동일)
E:\작성중\품질성과보고서\신화에이치앤티_IATF_품질목표_경영검토보고서_Rev01.pptx,07_품질,폴더(품질성과보고서),E:\SHINHWA\07_품질\2026\신화에이치앤티_IATF_품질목표_경영검토보고서_Rev01.pptx,43,2026-08-10,이미 있음(동일)
E:\작성중\품질성과보고서\신화에이치앤티_IATF_품질목표_경영검토보고서_Rev02_승인판.pptx,07_품질,폴더(품질성과보고서),E:\SHINHWA\07_품질\2026\신화에이치앤티_IATF_품질목표_경영검토보고서_Rev02_승인판.pptx,45,2026-08-10,이미 있음(동일)
E:\작성중\품질성과보고서\신화에이치앤티_품질경영_통합운영_Master_Rev17.xlsx,07_품질,폴더(품질성과보고서),E:\SHINHWA\07_품질\2026\신화에이치앤티_품질경영_통합운영_Master_Rev17.xlsx,39,2026-08-10,이미 있음(동일)
E:\작성중\품질성과보고서\신화에이치앤티_품질경영_통합운영_Master_Rev18_FINAL_AUTO.xlsx,07_품질,폴더(품질성과보고서),E:\SHINHWA\07_품질\2026\신화에이치앤티_품질경영_통합운영_Master_Rev18_FINAL_AUTO.xlsx,65,2026-08-10,이미 있음(동일)
E:\작성중\품질성과보고서\신화에이치앤티_품질경영_통합운영_Master_Rev19_AUDIT_READY.xlsx,07_품질,폴더(품질성과보고서),E:\SHINHWA\07_품질\2026\신화에이치앤티_품질경영_통합운영_Master_Rev19_AUDIT_READY.xlsx,86,2026-08-10,이미 있음(동일)
E:\작성중\품질성과보고서\신화에이치앤티_품질경영_통합운영_Master_Rev20_IATF_AUDIT_MATRIX.xlsx,07_품질,폴더(품질성과보고서),E:\SHINHWA\07_품질\2026\신화에이치앤티_품질경영_통합운영_Master_Rev20_IATF_AUDIT_MATRIX.xlsx,122,2026-08-10,이미 있음(동일)
E:\작성중\품질성과보고서\신화에이치앤티_품질경영_통합운영_Master_Rev21_MOCK_AUDIT_CLOSURE.xlsx,07_품질,폴더(품질성과보고서),E:\SHINHWA\07_품질\2026\신화에이치앤티_품질경영_통합운영_Master_Rev21_MOCK_AUDIT_CLOSURE.xlsx,146,2026-08-10,이미 있음(동일)
E:\작성중\품질성과보고서\신화에이치앤티_품질경영_통합운영_Master_Rev22_CERTIFICATION_COUNTDOWN.xlsx,07_품질,폴더(품질성과보고서),E:\SHINHWA\07_품질\2026\신화에이치앤티_품질경영_통합운영_Master_Rev22_CERTIFICATION_COUNTDOWN.xlsx,169,2026-08-10,이미 있음(동일)
E:\작성중\품질성과보고서\신화에이치앤티_품질경영_통합운영_Master_Rev23_P1_CLOSURE_KIT.xlsx,07_품질,폴더(품질성과보고서),E:\SHINHWA\07_품질\2026\신화에이치앤티_품질경영_통합운영_Master_Rev23_P1_CLOSURE_KIT.xlsx,203,2026-08-10,이미 있음(동일)
E:\작성중\품질성과보고서\신화에이치앤티_품질경영_통합운영_Master_Rev24_P2_MOCK_AUDIT_KIT.xlsx,07_품질,폴더(품질성과보고서),E:\SHINHWA\07_품질\2026\신화에이치앤티_품질경영_통합운영_Master_Rev24_P2_MOCK_AUDIT_KIT.xlsx,252,2026-08-10,이미 있음(동일)
E:\작성중\품질성과보고서\신화에이치앤티_품질경영_통합운영_Master_Rev25_PRE_AUDIT_SCORECARD.xlsx,07_품질,폴더(품질성과보고서),E:\SHINHWA\07_품질\2026\신화에이치앤티_품질경영_통합운영_Master_Rev25_PRE_AUDIT_SCORECARD.xlsx,282,2026-08-10,이미 있음(동일)
E:\작성중\품질성과보고서\신화에이치앤티_품질경영_통합운영_Master_Rev26_CERTIFICATION_AUDIT_DAY_KIT.xlsx,07_품질,폴더(품질성과보고서),E:\SHINHWA\07_품질\2026\신화에이치앤티_품질경영_통합운영_Master_Rev26_CERTIFICATION_AUDIT_DAY_KIT.xlsx,349,2026-08-10,이미 있음(동일)
E:\작성중\품질성과보고서\신화에이치앤티_품질경영_통합운영_Master_Rev28_OPERATION_LAUNCH_EVIDENCE_BINDER.xlsx,07_품질,폴더(품질성과보고서),E:\SHINHWA\07_품질\2026\신화에이치앤티_품질경영_통합운영_Master_Rev28_OPERATION_LAUNCH_EVIDENCE_BINDER.xlsx,447,2026-08-10,이미 있음(동일)
E:\작성중\품질성과보고서\신화에이치앤티_품질경영_통합운영_Master_Rev29_EVIDENCE_BINDER_AUDIT_READY.xlsx,07_품질,폴더(품질성과보고서),E:\SHINHWA\07_품질\2026\신화에이치앤티_품질경영_통합운영_Master_Rev29_EVIDENCE_BINDER_AUDIT_READY.xlsx,477,2026-08-10,이미 있음(동일)
E:\작성중\품질성과보고서\신화에이치앤티_품질경영_통합운영_Master_Rev30_CERTIFICATION_READINESS_CAPA.xlsx,07_품질,폴더(품질성과보고서),E:\SHINHWA\07_품질\2026\신화에이치앤티_품질경영_통합운영_Master_Rev30_CERTIFICATION_READINESS_CAPA.xlsx,532,2026-08-10,이미 있음(동일)
E:\작성중\품질성과보고서\신화에이치앤티_품질경영_통합운영_Master_Rev31_GO_LIVE_CLOSURE_EXECUTION.xlsx,07_품질,폴더(품질성과보고서),E:\SHINHWA\07_품질\2026\신화에이치앤티_품질경영_통합운영_Master_Rev31_GO_LIVE_CLOSURE_EXECUTION.xlsx,565,2026-08-10,이미 있음(동일)
E:\작성중\품질성과보고서\신화에이치앤티_품질경영_통합운영_Master_Rev32_AUDIT_SIMULATION_PACK.xlsx,07_품질,폴더(품질성과보고서),E:\SHINHWA\07_품질\2026\신화에이치앤티_품질경영_통합운영_Master_Rev32_AUDIT_SIMULATION_PACK.xlsx,598,2026-08-10,이미 있음(동일)
E:\작성중\품질성과보고서\신화에이치앤티_품질경영_통합운영_Master_Rev33_FINAL_REHEARSAL_90DAY.xlsx,07_품질,폴더(품질성과보고서),E:\SHINHWA\07_품질\2026\신화에이치앤티_품질경영_통합운영_Master_Rev33_FINAL_REHEARSAL_90DAY.xlsx,638,2026-08-10,이미 있음(동일)
E:\작성중\품질성과보고서\신화에이치앤티_품질경영_통합운영_Master_Rev34_CRITICAL_CLOSURE_WAR_ROOM.xlsx,07_품질,폴더(품질성과보고서),E:\SHINHWA\07_품질\2026\신화에이치앤티_품질경영_통합운영_Master_Rev34_CRITICAL_CLOSURE_WAR_ROOM.xlsx,684,2026-08-10,이미 있음(동일)
E:\작성중\품질성과보고서\신화에이치앤티_품질경영_통합운영_Master_Rev35_EVIDENCE_INTAKE_TRACEABILITY.xlsx,07_품질,폴더(품질성과보고서),E:\SHINHWA\07_품질\2026\신화에이치앤티_품질경영_통합운영_Master_Rev35_EVIDENCE_INTAKE_TRACEABILITY.xlsx,707,2026-08-10,이미 있음(동일)
E:\작성중\품질성과보고서\신화에이치앤티_품질경영_통합운영_Master_Rev36_DOCUMENT_CONTROL_INTEGRATION.xlsx,07_품질,폴더(품질성과보고서),E:\SHINHWA\07_품질\2026\신화에이치앤티_품질경영_통합운영_Master_Rev36_DOCUMENT_CONTROL_INTEGRATION.xlsx,743,2026-08-10,이미 있음(동일)
E:\작성중\품질성과보고서\신화에이치앤티_품질경영_통합운영_Master_Rev37_AUDIT_EXECUTION_PACK.xlsx,07_품질,폴더(품질성과보고서),E:\SHINHWA\07_품질\2026\신화에이치앤티_품질경영_통합운영_Master_Rev37_AUDIT_EXECUTION_PACK.xlsx,796,2026-08-10,이미 있음(동일)
E:\작성중\품질성과보고서\신화에이치앤티_품질경영_통합운영_Master_Rev38_CERTIFICATION_GO_LIVE.xlsx,07_품질,폴더(품질성과보고서),E:\SHINHWA\07_품질\2026\신화에이치앤티_품질경영_통합운영_Master_Rev38_CERTIFICATION_GO_LIVE.xlsx,833,2026-08-10,이미 있음(동일)
E:\작성중\품질성과보고서\신화에이치앤티_품질경영_통합운영_Master_Rev39_GO_LIVE_EXECUTION_BOARD.xlsx,07_품질,폴더(품질성과보고서),E:\SHINHWA\07_품질\2026\신화에이치앤티_품질경영_통합운영_Master_Rev39_GO_LIVE_EXECUTION_BOARD.xlsx,871,2026-08-10,이미 있음(동일)
E:\작성중\품질성과보고서\신화에이치앤티_품질경영_통합운영_Master_Rev40_ACTUAL_EVIDENCE_VALIDATION.xlsx,07_품질,폴더(품질성과보고서),E:\SHINHWA\07_품질\2026\신화에이치앤티_품질경영_통합운영_Master_Rev40_ACTUAL_EVIDENCE_VALIDATION.xlsx,874,2026-08-10,이미 있음(동일)
E:\작성중\품질성과보고서\신화에이치앤티_품질경영_통합운영_Master_Rev41_EVIDENCE_ACCEPTANCE_CLOSURE (1).xlsx,07_품질,폴더(품질성과보고서),E:\SHINHWA\07_품질\2026\신화에이치앤티_품질경영_통합운영_Master_Rev41_EVIDENCE_ACCEPTANCE_CLOSURE (1).xlsx,906,2026-08-10,이미 있음(동일)
E:\작성중\품질성과보고서\신화에이치앤티_품질경영_통합운영_Master_Rev41_EVIDENCE_ACCEPTANCE_CLOSURE.xlsx,07_품질,폴더(품질성과보고서),E:\SHINHWA\07_품질\2026\신화에이치앤티_품질경영_통합운영_Master_Rev41_EVIDENCE_ACCEPTANCE_CLOSURE.xlsx,906,2026-08-10,이미 있음(동일)
E:\작성중\품질성과보고서\신화에이치앤티_품질경영_통합운영_Master_Rev42_CLOSURE_EXECUTION_SIGNOFF.xlsx,07_품질,폴더(품질성과보고서),E:\SHINHWA\07_품질\2026\신화에이치앤티_품질경영_통합운영_Master_Rev42_CLOSURE_EXECUTION_SIGNOFF.xlsx,906,2026-08-10,이미 있음(동일)
E:\작성중\품질성과보고서\신화에이치앤티_품질경영_통합운영_Master_Rev43_FINAL_AUDIT_HANDOVER(1) (4).xlsx,07_품질,폴더(품질성과보고서),E:\SHINHWA\07_품질\2026\신화에이치앤티_품질경영_통합운영_Master_Rev43_FINAL_AUDIT_HANDOVER(1) (4).xlsx,906,2026-08-12,이미 있음(동일)
E:\작성중\품질성과보고서\신화에이치앤티_품질경영_통합운영_Master_Rev44_CERTIFICATION_DAY_READY.xlsx,07_품질,폴더(품질성과보고서),E:\SHINHWA\07_품질\2026\신화에이치앤티_품질경영_통합운영_Master_Rev44_CERTIFICATION_DAY_READY.xlsx,922,2026-08-24,이미 있음(동일)
E:\작성중\품질성과보고서\신화에이치앤티_품질경영_통합운영_Master_Rev45_AUDIT_CONTROL_NC_30DAY_CLOSURE (1).xlsx,07_품질,폴더(품질성과보고서),E:\SHINHWA\07_품질\2026\신화에이치앤티_품질경영_통합운영_Master_Rev45_AUDIT_CONTROL_NC_30DAY_CLOSURE (1).xlsx,930,2026-08-25,이미 있음(동일)
E:\작성중\품질성과보고서\신화에이치앤티_품질경영_통합운영_Master_Rev45_AUDIT_CONTROL_NC_30DAY_CLOSURE.xlsx,07_품질,폴더(품질성과보고서),E:\SHINHWA\07_품질\2026\신화에이치앤티_품질경영_통합운영_Master_Rev45_AUDIT_CONTROL_NC_30DAY_CLOSURE.xlsx,930,2026-08-24,이미 있음(동일)
E:\작성중\품질성과보고서\신화에이치앤티_품질경영_통합운영_Master_Rev46_CERTIFICATE_90DAY_STABILIZATION.xlsx,07_품질,폴더(품질성과보고서),E:\SHINHWA\07_품질\2026\신화에이치앤티_품질경영_통합운영_Master_Rev46_CERTIFICATE_90DAY_STABILIZATION.xlsx,940,2026-08-25,이미 있음(동일)
E:\작성중\품질성과보고서\신화에이치앤티_품질경영_통합운영_Master_Rev47_ANNUAL_CERTIFICATION_MAINTENANCE.xlsx,07_품질,폴더(품질성과보고서),E:\SHINHWA\07_품질\2026\신화에이치앤티_품질경영_통합운영_Master_Rev47_ANNUAL_CERTIFICATION_MAINTENANCE.xlsx,948,2026-08-25,이미 있음(동일)
E:\작성중\품질성과보고서\신화에이치앤티_품질경영_통합운영_Master_Rev48_KPI_MR_SURVEILLANCE_MASTER.xlsx,07_품질,폴더(품질성과보고서),E:\SHINHWA\07_품질\2026\신화에이치앤티_품질경영_통합운영_Master_Rev48_KPI_MR_SURVEILLANCE_MASTER.xlsx,963,2026-08-25,이미 있음(동일)
E:\작성중\품질성과보고서\신화에이치앤티_품질경영_통합운영_Master_Rev49_EXECUTIVE_TREND_DDAY.xlsx,07_품질,폴더(품질성과보고서),E:\SHINHWA\07_품질\2026\신화에이치앤티_품질경영_통합운영_Master_Rev49_EXECUTIVE_TREND_DDAY.xlsx,970,2026-08-25,이미 있음(동일)
E:\작성중\품질성과보고서\신화에이치앤티_품질경영_통합운영_Master_Rev50_FINAL_MASTER_RELEASE.xlsx,07_품질,폴더(품질성과보고서),E:\SHINHWA\07_품질\2026\신화에이치앤티_품질경영_통합운영_Master_Rev50_FINAL_MASTER_RELEASE.xlsx,978,2026-08-25,이미 있음(동일)
E:\작성중\품질성과보고서\신화에이치앤티_품질경영_통합운영_Master_Rev51_OPERATION_STABILIZATION.xlsx,07_품질,폴더(품질성과보고서),E:\SHINHWA\07_품질\2026\신화에이치앤티_품질경영_통합운영_Master_Rev51_OPERATION_STABILIZATION.xlsx,986,2026-08-25,이미 있음(동일)
E:\작성중\품질성과보고서\신화에이치앤티_품질경영_통합운영_Master_Rev52_GO_LIVE_READINESS.xlsx,07_품질,폴더(품질성과보고서),E:\SHINHWA\07_품질\2026\신화에이치앤티_품질경영_통합운영_Master_Rev52_GO_LIVE_READINESS.xlsx,991,2026-08-25,이미 있음(동일)
E:\작성중\품질성과보고서\신화에이치앤티_품질경영_통합운영_Master_Rev53_CONTROLLED_ACTIVATION (1).xlsx,07_품질,폴더(품질성과보고서),E:\SHINHWA\07_품질\2026\신화에이치앤티_품질경영_통합운영_Master_Rev53_CONTROLLED_ACTIVATION (1).xlsx,997,2026-08-25,이미 있음(동일)
E:\작성중\품질성과보고서\신화에이치앤티_품질경영_통합운영_Master_Rev53_CONTROLLED_ACTIVATION (2).xlsx,07_품질,폴더(품질성과보고서),E:\SHINHWA\07_품질\2026\신화에이치앤티_품질경영_통합운영_Master_Rev53_CONTROLLED_ACTIVATION (2).xlsx,997,2026-08-25,이미 있음(동일)
E:\기존 서류\이광재 부장 서류\기존서류 2\조도측정(1)\조도 측정 일지 2018년.xlsx,02_안전,폴더 지정(조도측정),E:\SHINHWA\02_안전\2026\조도 측정 일지 2018년.xlsx,531,2026-06-10,이미 있음(동일)
E:\기존 서류\이광재 부장 서류\기존서류 2\조도측정(1)\조도 측정 일지 2023년.pdf,02_안전,폴더 지정(조도측정),E:\SHINHWA\02_안전\2026\조도 측정 일지 2023년.pdf,66,2026-06-10,이미 있음(동일)
E:\기존 서류\이광재 부장 서류\기존서류 2\조도측정(1)\조도 측정 일지 2023년.xlsx,02_안전,폴더 지정(조도측정),E:\SHINHWA\02_안전\2026\조도 측정 일지 2023년.xlsx,533,2026-06-10,이미 있음(동일)
E:\기존 서류\이광재 부장 서류\기존서류 2\조도측정(1)\조도 측정 일지 2024년.xlsx,02_안전,폴더 지정(조도측정),E:\SHINHWA\02_안전\2026\조도 측정 일지 2024년.xlsx,564,2026-06-10,이미 있음(동일)
E:\기존 서류\이광재 부장 서류\기존서류 2\조도측정(1)\조도 측정 일지 양식.xlsx,02_안전,폴더 지정(조도측정),E:\SHINHWA\02_안전\2026\조도 측정 일지 양식.xlsx,127,2026-06-10,이미 있음(동일)
E:\기존 서류\이광재 부장 서류\기존서류 2\조도측정(1)\조도기준.pptx,02_안전,폴더 지정(조도측정),E:\SHINHWA\02_안전\2026\조도기준.pptx,91,2026-06-10,이미 있음(동일)
E:\기존 서류\이광재 부장 서류\기존서류 2\조도측정(1)\조도기준_한국산업규격.pdf,02_안전,폴더 지정(조도측정),E:\SHINHWA\02_안전\2026\조도기준_한국산업규격.pdf,4930,2026-06-10,이미 있음(동일)
E:\기존 서류\이광재 부장 서류\기존서류 2\조도측정(1)\조도측정 장소.xlsx,02_안전,폴더 지정(조도측정),E:\SHINHWA\02_안전\2026\조도측정 장소.xlsx,132,2026-06-10,이미 있음(동일)
E:\기존 서류\이광재 부장 서류\기존서류 2\조도측정\조도 측정 일지 2018년.xlsx,02_안전,폴더 지정(조도측정),E:\SHINHWA\02_안전\2026\조도 측정 일지 2018년.xlsx,531,2026-06-10,이미 있음(동일)
E:\기존 서류\이광재 부장 서류\기존서류 2\조도측정\조도 측정 일지 2023년.pdf,02_안전,폴더 지정(조도측정),E:\SHINHWA\02_안전\2026\조도 측정 일지 2023년.pdf,66,2026-06-10,이미 있음(동일)
E:\기존 서류\이광재 부장 서류\기존서류 2\조도측정\조도 측정 일지 2023년.xlsx,02_안전,폴더 지정(조도측정),E:\SHINHWA\02_안전\2026\조도 측정 일지 2023년.xlsx,533,2026-06-10,이미 있음(동일)
E:\기존 서류\이광재 부장 서류\기존서류 2\조도측정\조도 측정 일지 2024년.xlsx,02_안전,폴더 지정(조도측정),E:\SHINHWA\02_안전\2026\조도 측정 일지 2024년.xlsx,564,2026-06-10,이미 있음(동일)
E:\기존 서류\이광재 부장 서류\기존서류 2\조도측정\조도 측정 일지 양식.xlsx,02_안전,폴더 지정(조도측정),E:\SHINHWA\02_안전\2026\조도 측정 일지 양식.xlsx,127,2026-06-10,이미 있음(동일)
E:\기존 서류\이광재 부장 서류\기존서류 2\조도측정\조도기준.pptx,02_안전,폴더 지정(조도측정),E:\SHINHWA\02_안전\2026\조도기준.pptx,91,2026-06-10,이미 있음(동일)
E:\기존 서류\이광재 부장 서류\기존서류 2\조도측정\조도기준_한국산업규격.pdf,02_안전,폴더 지정(조도측정),E:\SHINHWA\02_안전\2026\조도기준_한국산업규격.pdf,4930,2026-06-10,이미 있음(동일)
E:\기존 서류\이광재 부장 서류\기존서류 2\조도측정\조도측정 장소.xlsx,02_안전,폴더 지정(조도측정),E:\SHINHWA\02_안전\2026\조도측정 장소.xlsx,132,2026-06-10,이미 있음(동일)
"E:\기존 서류\지성규 부장\5-9안전관리,환경안전\1.설비점검 사고방지를 위한 업무 절차.xlsx",02_안전,"폴더(5-9안전관리,환경안전)",E:\SHINHWA\02_안전\2025\1.설비점검 사고방지를 위한 업무 절차.xlsx,33,2025-12-17,이미 있음(동일)
"E:\기존 서류\지성규 부장\5-9안전관리,환경안전\10. 비상계획\01. 2024-01. 2024년 생산부 _ 우발사고 대비 계획서.xls",02_안전,"폴더(5-9안전관리,환경안전)",E:\SHINHWA\02_안전\2024\01. 2024-01. 2024년 생산부 _ 우발사고 대비 계획서.xls,195,2024-06-13,이미 있음(동일)
"E:\기존 서류\지성규 부장\5-9안전관리,환경안전\10. 비상계획\01. 2024-02. 2024년 생산부 _ 화재복구 메뉴얼.ppt",02_안전,"폴더(5-9안전관리,환경안전)",E:\SHINHWA\02_안전\2024\01. 2024-02. 2024년 생산부 _ 화재복구 메뉴얼.ppt,1262,2024-06-13,이미 있음(동일)
"E:\기존 서류\지성규 부장\5-9안전관리,환경안전\10. 비상계획\2024년 생산부 _ 우발사고 대비 계획서.xls",02_안전,"폴더(5-9안전관리,환경안전)",E:\SHINHWA\02_안전\2024\2024년 생산부 _ 우발사고 대비 계획서.xls,149,2024-06-18,이미 있음(동일)
"E:\기존 서류\지성규 부장\5-9안전관리,환경안전\10. 비상계획\4. 비상계획.ppt",02_안전,"폴더(5-9안전관리,환경안전)",E:\SHINHWA\02_안전\2025\4. 비상계획.ppt,2221,2025-11-22,이미 있음(동일)
"E:\기존 서류\지성규 부장\5-9안전관리,환경안전\10. 비상계획\비상대응시 지침서.pptx",02_안전,"폴더(5-9안전관리,환경안전)",E:\SHINHWA\02_안전\2026\비상대응시 지침서.pptx,80,2026-04-24,이미 있음(동일)
"E:\기존 서류\지성규 부장\5-9안전관리,환경안전\2.안전보건관리규정 절차.xlsx",02_안전,"폴더(5-9안전관리,환경안전)",E:\SHINHWA\02_안전\2024\2.안전보건관리규정 절차.xlsx,348,2024-11-26,이미 있음(동일)
"E:\기존 서류\지성규 부장\5-9안전관리,환경안전\3.안전보호장비 사용 기준서.xlsx",02_안전,"폴더(5-9안전관리,환경안전)",E:\SHINHWA\02_안전\2025\3.안전보호장비 사용 기준서.xlsx,166,2025-11-22,이미 있음(동일)
"E:\기존 서류\지성규 부장\5-9안전관리,환경안전\4.안전재고 운영 계획서.xlsx",02_안전,"폴더(5-9안전관리,환경안전)",E:\SHINHWA\02_안전\2024\4.안전재고 운영 계획서.xlsx,27,2024-06-18,이미 있음(동일)
"E:\기존 서류\지성규 부장\5-9안전관리,환경안전\6. 환경안전(완)\2023 ESG교육.xlsx",02_안전,폴더(6. 환경안전(완)),E:\SHINHWA\02_안전\2024\2023 ESG교육.xlsx,4694,2024-06-16,이미 있음(동일)
"E:\기존 서류\지성규 부장\5-9안전관리,환경안전\6. 환경안전(완)\2024 환경교육.xlsx",02_안전,폴더(6. 환경안전(완)),E:\SHINHWA\02_안전\2024\2024 환경교육.xlsx,4695,2024-04-02,이미 있음(동일)
"E:\기존 서류\지성규 부장\5-9안전관리,환경안전\6. 환경안전(완)\6환경안전방침관리.pptx",02_안전,폴더(6. 환경안전(완)),E:\SHINHWA\02_안전\2024\6환경안전방침관리.pptx,167,2024-06-18,이미 있음(동일)
"E:\기존 서류\지성규 부장\5-9안전관리,환경안전\6. 환경안전(완)\환경경영방침.pptx",02_안전,폴더(6. 환경안전(완)),E:\SHINHWA\02_안전\2025\환경경영방침.pptx,112,2025-01-10,이미 있음(동일)
"E:\기존 서류\지성규 부장\5-9안전관리,환경안전\6. 환경안전(완)\환경안전.pptx",02_안전,폴더(6. 환경안전(완)),E:\SHINHWA\02_안전\2024\환경안전.pptx,307,2024-12-17,이미 있음(동일)
"E:\기존 서류\지성규 부장\5-9안전관리,환경안전\7. MSDS\MSDS 교육자료\MSDS 필요성 및 활용방법.pdf",02_안전,폴더(7. MSDS),E:\SHINHWA\02_안전\2024\MSDS 필요성 및 활용방법.pdf,1179,2024-06-13,이미 있음(동일)
"E:\기존 서류\지성규 부장\5-9안전관리,환경안전\7. MSDS\MSDS 교육자료\MSDS_교육자료.ppt",02_안전,폴더(7. MSDS),E:\SHINHWA\02_안전\2024\MSDS_교육자료.ppt,5962,2024-06-13,이미 있음(동일)
"E:\기존 서류\지성규 부장\5-9안전관리,환경안전\7. MSDS\MSDS\ALMAREDGE 230K MSDS 23년.pdf",02_안전,폴더(MSDS),E:\SHINHWA\02_안전\2023\ALMAREDGE 230K MSDS 23년.pdf,178,2023-11-24,이미 있음(동일)
"E:\기존 서류\지성규 부장\5-9안전관리,환경안전\7. MSDS\MSDS\MSDS Korea Korean - MILFORM™ OAK DRAW™ 50HP_KOREA_210310.pdf",02_안전,폴더(MSDS),E:\SHINHWA\02_안전\2023\MSDS Korea Korean - MILFORM™ OAK DRAW™ 50HP_KOREA_210310.pdf,315,2023-11-24,이미 있음(동일)
"E:\기존 서류\지성규 부장\5-9안전관리,환경안전\7. MSDS\MSDS\MSDS Korea Korean - MILPRO® FORMER NB 20MR_KOREA_230922.pdf",02_안전,폴더(MSDS),E:\SHINHWA\02_안전\2023\MSDS Korea Korean - MILPRO® FORMER NB 20MR_KOREA_230922.pdf,208,2023-11-24,이미 있음(동일)
"E:\기존 서류\지성규 부장\5-9안전관리,환경안전\7. MSDS\MSDS\MSDS Korea Korean - MILPRO® MPC 68A_KOREA_220715_AA00636-0000000011 너트.pdf",02_안전,폴더(MSDS),E:\SHINHWA\02_안전\2023\MSDS Korea Korean - MILPRO® MPC 68A_KOREA_220715_AA00636-0000000011 너트.pdf,573,2023-11-24,이미 있음(동일)
"E:\기존 서류\지성규 부장\5-9안전관리,환경안전\7. MSDS\MSDS\MSDS Korea Korean - MILPRO® MPH 46_KOREA_211229 유압유.pdf",02_안전,폴더(MSDS),E:\SHINHWA\02_안전\2023\MSDS Korea Korean - MILPRO® MPH 46_KOREA_211229 유압유.pdf,251,2023-11-24,이미 있음(동일)
"E:\기존 서류\지성규 부장\5-9안전관리,환경안전\7. MSDS\MSDS\MSDS Korea Korean - MILPRO® Tapping 3M_KOREA_230919 (1).pdf",02_안전,폴더(MSDS),E:\SHINHWA\02_안전\2023\MSDS Korea Korean - MILPRO® Tapping 3M_KOREA_230919 (1).pdf,195,2023-11-24,이미 있음(동일)
"E:\기존 서류\지성규 부장\5-9안전관리,환경안전\7. MSDS\관리대장.xlsx",02_안전,폴더(7. MSDS),E:\SHINHWA\02_안전\2024\관리대장.xlsx,51,2024-06-18,이미 있음(동일)
"E:\기존 서류\지성규 부장\5-9안전관리,환경안전\7. MSDS\산업안전보건법(법률)(제19591호)(20240517).pdf",02_안전,폴더(7. MSDS),E:\SHINHWA\02_안전\2024\산업안전보건법(법률)(제19591호)(20240517).pdf,106,2024-06-13,이미 있음(동일)
"E:\기존 서류\지성규 부장\5-9안전관리,환경안전\8. 소방관리\(주)신화H&T 소화기 위치 표시 2024.04.02.xlsx",02_안전,폴더(8. 소방관리),E:\SHINHWA\02_안전\2024\(주)신화H&T 소화기 위치 표시 2024.04.02.xlsx,1008,2024-11-13,이미 있음(동일)
"E:\기존 서류\지성규 부장\5-9안전관리,환경안전\8. 소방관리\비상대피로 및 소화기.pdf",02_안전,폴더(8. 소방관리),E:\SHINHWA\02_안전\2025\비상대피로 및 소화기.pdf,43,2025-04-28,이미 있음(동일)
"E:\기존 서류\지성규 부장\5-9안전관리,환경안전\8. 소방관리\비상대피로 및 소화기.xlsx",02_안전,폴더(8. 소방관리),E:\SHINHWA\02_안전\2026\비상대피로 및 소화기.xlsx,374,2026-02-26,이미 있음(동일)
"E:\기존 서류\지성규 부장\5-9안전관리,환경안전\8. 소방관리\비상대피로 및 소화기_260515.xlsx",02_안전,폴더(8. 소방관리),E:\SHINHWA\02_안전\2026\비상대피로 및 소화기_260515.xlsx,361,2026-05-15,이미 있음(동일)
"E:\기존 서류\지성규 부장\5-9안전관리,환경안전\8. 소방관리\소방관리.pptx",02_안전,폴더(8. 소방관리),E:\SHINHWA\02_안전\2024\소방관리.pptx,3373,2024-06-18,이미 있음(동일)
"E:\기존 서류\지성규 부장\5-9안전관리,환경안전\8. 소방관리\소방훈련교육 실시 결과 기록부 서식2024.hwp",02_안전,폴더(8. 소방관리),E:\SHINHWA\02_안전\2024\소방훈련교육 실시 결과 기록부 서식2024.hwp,1088,2024-12-09,이미 있음(동일)
"E:\기존 서류\지성규 부장\5-9안전관리,환경안전\8. 소방관리\소방훈련교육 실시 결과 기록부 서식2025.hwp",02_안전,폴더(8. 소방관리),E:\SHINHWA\02_안전\2025\소방훈련교육 실시 결과 기록부 서식2025.hwp,3993,2025-12-18,이미 있음(동일)
"E:\기존 서류\지성규 부장\5-9안전관리,환경안전\8. 소방관리\소방훈련교육 실시 결과서 서식2024.hwp",02_안전,폴더(8. 소방관리),E:\SHINHWA\02_안전\2025\소방훈련교육 실시 결과서 서식2024.hwp,84,2025-12-18,이미 있음(동일)
"E:\기존 서류\지성규 부장\5-9안전관리,환경안전\8. 소방관리\소방훈련교육 실시 결과서 서식2025.hwp",02_안전,폴더(8. 소방관리),E:\SHINHWA\02_안전\2025\소방훈련교육 실시 결과서 서식2025.hwp,90,2025-12-18,이미 있음(동일)
"E:\기존 서류\지성규 부장\5-9안전관리,환경안전\8. 소방관리\소화기 관리대장.xlsx",02_안전,폴더(8. 소방관리),E:\SHINHWA\02_안전\2026\소화기 관리대장.xlsx,14,2026-02-26,이미 있음(동일)
"E:\기존 서류\지성규 부장\5-9안전관리,환경안전\8. 소방관리\소화기 점검표.hwp",02_안전,폴더(8. 소방관리),E:\SHINHWA\02_안전\2026\소화기 점검표.hwp,63,2026-01-12,이미 있음(동일)
"E:\기존 서류\지성규 부장\5-9안전관리,환경안전\8. 소방관리\소화기.pdf",02_안전,폴더(8. 소방관리),E:\SHINHWA\02_안전\2024\소화기.pdf,323,2024-06-13,이미 있음(동일)
"E:\기존 서류\지성규 부장\5-9안전관리,환경안전\넘어짐부딪힘 주의!(안전화).jpg",02_안전,"폴더(5-9안전관리,환경안전)",E:\SHINHWA\02_안전\2021\넘어짐부딪힘 주의!(안전화).jpg,40802,2021-03-31,이미 있음(동일)
"E:\기존 서류\지성규 부장\5-9안전관리,환경안전\설비점검 사고방지를 위한 업무 절차.xlsx",02_안전,"폴더(5-9안전관리,환경안전)",E:\SHINHWA\02_안전\2024\설비점검 사고방지를 위한 업무 절차.xlsx,27,2024-06-18,이미 있음(동일)
"E:\기존 서류\지성규 부장\5-9안전관리,환경안전\안전관리.pptx",02_안전,"폴더(5-9안전관리,환경안전)",E:\SHINHWA\02_안전\2024\안전관리.pptx,5782,2024-11-26,이미 있음(동일)
"E:\기존 서류\지성규 부장\5-9안전관리,환경안전\안전보건경영방침.pdf",02_안전,"폴더(5-9안전관리,환경안전)",E:\SHINHWA\02_안전\2024\안전보건경영방침.pdf,1626,2024-12-26,이미 있음(동일)
"E:\기존 서류\지성규 부장\5-9안전관리,환경안전\안전보건경영방침.pptx",02_안전,"폴더(5-9안전관리,환경안전)",E:\SHINHWA\02_안전\2025\안전보건경영방침.pptx,108,2025-01-07,이미 있음(동일)
"E:\기존 서류\지성규 부장\5-9안전관리,환경안전\안전보건관리규정.xlsx",02_안전,"폴더(5-9안전관리,환경안전)",E:\SHINHWA\02_안전\2024\안전보건관리규정.xlsx,300,2024-04-17,이미 있음(동일)
"E:\기존 서류\지성규 부장\5-9안전관리,환경안전\안전보건표지(NeW).pptx",02_안전,"폴더(5-9안전관리,환경안전)",E:\SHINHWA\02_안전\2024\안전보건표지(NeW).pptx,13680,2024-11-25,이미 있음(동일)
"E:\기존 서류\지성규 부장\5-9안전관리,환경안전\안전재고 운영 계획서.xlsx",02_안전,"폴더(5-9안전관리,환경안전)",E:\SHINHWA\02_안전\2024\안전재고 운영 계획서.xlsx,27,2024-06-18,이미 있음(동일)
"E:\기존 서류\지성규 부장\5-9안전관리,환경안전\절단베임찔림 주의!(보호장갑).jpg",02_안전,"폴더(5-9안전관리,환경안전)",E:\SHINHWA\02_안전\2021\절단베임찔림 주의!(보호장갑).jpg,38330,2021-03-31,이미 있음(동일)
E:\기존 서류\황지환\평가\6. 환경안전\환경안전.pptx,02_안전,폴더(6. 환경안전),E:\SHINHWA\02_안전\2024\환경안전.pptx,1126,2024-10-24,복사 → E:\SHINHWA\02_안전\2024\환경안전_v2.pptx
"E:\기존 서류\황지환\평가\7. MSDS - 게시, 계획실적\MSDS 교육자료\MSDS 필요성 및 활용방법.pdf",02_안전,"폴더(7. MSDS - 게시, 계획실적)",E:\SHINHWA\02_안전\2024\MSDS 필요성 및 활용방법.pdf,1179,2024-06-13,이미 있음(동일)
"E:\기존 서류\황지환\평가\7. MSDS - 게시, 계획실적\MSDS 교육자료\MSDS_교육자료.ppt",02_안전,"폴더(7. MSDS - 게시, 계획실적)",E:\SHINHWA\02_안전\2024\MSDS_교육자료.ppt,5312,2024-10-17,복사 → E:\SHINHWA\02_안전\2024\MSDS_교육자료_v2.ppt
"E:\기존 서류\황지환\평가\7. MSDS - 게시, 계획실적\MSDS.zip",02_안전,"폴더(7. MSDS - 게시, 계획실적)",E:\SHINHWA\02_안전\2024\MSDS.zip,575,2024-10-14,이미 있음(동일)
"E:\기존 서류\황지환\평가\7. MSDS - 게시, 계획실적\MSDS\ALMAREDGE 230K MSDS 23년.pdf",02_안전,폴더(MSDS),E:\SHINHWA\02_안전\2023\ALMAREDGE 230K MSDS 23년.pdf,178,2023-11-24,이미 있음(동일)
"E:\기존 서류\황지환\평가\7. MSDS - 게시, 계획실적\MSDS\MK_XTeer AW VG 46_(2).pdf",02_안전,폴더(MSDS),E:\SHINHWA\02_안전\2023\MK_XTeer AW VG 46_(2).pdf,270,2023-09-21,이미 있음(동일)
"E:\기존 서류\황지환\평가\7. MSDS - 게시, 계획실적\MSDS\MSDS Korea Korean - MILFORM™ OAK DRAW™ 50HP_KOREA_210310.pdf",02_안전,폴더(MSDS),E:\SHINHWA\02_안전\2023\MSDS Korea Korean - MILFORM™ OAK DRAW™ 50HP_KOREA_210310.pdf,315,2023-11-24,이미 있음(동일)
"E:\기존 서류\황지환\평가\7. MSDS - 게시, 계획실적\MSDS\MSDS Korea Korean - MILPRO® FORMER NB 20MR_KOREA_230922.pdf",02_안전,폴더(MSDS),E:\SHINHWA\02_안전\2023\MSDS Korea Korean - MILPRO® FORMER NB 20MR_KOREA_230922.pdf,208,2023-11-24,이미 있음(동일)
"E:\기존 서류\황지환\평가\7. MSDS - 게시, 계획실적\MSDS\MSDS Korea Korean - MILPRO® MPC 68A_KOREA_220715_AA00636-0000000011 너트.pdf",02_안전,폴더(MSDS),E:\SHINHWA\02_안전\2023\MSDS Korea Korean - MILPRO® MPC 68A_KOREA_220715_AA00636-0000000011 너트.pdf,573,2023-11-24,이미 있음(동일)
"E:\기존 서류\황지환\평가\7. MSDS - 게시, 계획실적\MSDS\MSDS Korea Korean - MILPRO® MPH 46_KOREA_211229 유압유.pdf",02_안전,폴더(MSDS),E:\SHINHWA\02_안전\2023\MSDS Korea Korean - MILPRO® MPH 46_KOREA_211229 유압유.pdf,251,2023-11-24,이미 있음(동일)
"E:\기존 서류\황지환\평가\7. MSDS - 게시, 계획실적\MSDS\MSDS Korea Korean - MILPRO® Tapping 3M_KOREA_230919 (1).pdf",02_안전,폴더(MSDS),E:\SHINHWA\02_안전\2023\MSDS Korea Korean - MILPRO® Tapping 3M_KOREA_230919 (1).pdf,195,2023-11-24,이미 있음(동일)
"E:\기존 서류\황지환\평가\7. MSDS - 게시, 계획실적\MSDS\XTeer WAY VG 68.pdf",02_안전,폴더(MSDS),E:\SHINHWA\02_안전\2018\XTeer WAY VG 68.pdf,231,2018-04-13,이미 있음(동일)
"E:\기존 서류\황지환\평가\7. MSDS - 게시, 계획실적\MSDS\almaredge 230k - 최신판.pdf",02_안전,폴더(MSDS),E:\SHINHWA\02_안전\2016\almaredge 230k - 최신판.pdf,141,2016-06-29,이미 있음(동일)
"E:\기존 서류\황지환\평가\7. MSDS - 게시, 계획실적\산업안전보건법(법률)(제19591호)(20240517).pdf",02_안전,"폴더(7. MSDS - 게시, 계획실적)",E:\SHINHWA\02_안전\2024\산업안전보건법(법률)(제19591호)(20240517).pdf,106,2024-06-13,이미 있음(동일)
E:\기존 서류\황지환\평가\7. MSDS.zip,02_안전,파일명,E:\SHINHWA\02_안전\2025\7. MSDS.zip,11779,2025-11-20,이미 있음(동일)
E:\기존 서류\황지환\평가\7. MSDS\000각종경고표시.xlsx,02_안전,폴더(7. MSDS),E:\SHINHWA\02_안전\2025\000각종경고표시.xlsx,82,2025-01-10,이미 있음(동일)
E:\기존 서류\황지환\평가\7. MSDS\MSDS 교육자료\MSDS 필요성 및 활용방법.pdf,02_안전,폴더(7. MSDS),E:\SHINHWA\02_안전\2024\MSDS 필요성 및 활용방법.pdf,1179,2024-06-13,이미 있음(동일)
E:\기존 서류\황지환\평가\7. MSDS\MSDS 교육자료\MSDS_교육자료.ppt,02_안전,폴더(7. MSDS),E:\SHINHWA\02_안전\2024\MSDS_교육자료.ppt,5962,2024-06-13,복사 → E:\SHINHWA\02_안전\2024\MSDS_교육자료_v3.ppt
E:\기존 서류\황지환\평가\7. MSDS\MSDS\ALMAREDGE 230K-24.8.pdf,02_안전,폴더(MSDS),E:\SHINHWA\02_안전\2024\ALMAREDGE 230K-24.8.pdf,176,2024-12-17,이미 있음(동일)
E:\기존 서류\황지환\평가\7. MSDS\MSDS\GHS-Kor_Flux_Binder_A.pdf,02_안전,폴더(MSDS),E:\SHINHWA\02_안전\2024\GHS-Kor_Flux_Binder_A.pdf,192,2024-11-24,이미 있음(동일)
E:\기존 서류\황지환\평가\7. MSDS\MSDS\LUVIDRAW PC 520 rv-1 (GHS) (2025년02월).pdf,02_안전,폴더(MSDS),E:\SHINHWA\02_안전\2026\LUVIDRAW PC 520 rv-1 (GHS) (2025년02월).pdf,233,2026-02-02,이미 있음(동일)
E:\기존 서류\황지환\평가\7. MSDS\MSDS\LUVISCO HIGH TAP 50 (rv-1) (GHS) 260120.pdf,02_안전,폴더(MSDS),E:\SHINHWA\02_안전\2026\LUVISCO HIGH TAP 50 (rv-1) (GHS) 260120.pdf,266,2026-02-02,이미 있음(동일)
E:\기존 서류\황지환\평가\7. MSDS\MSDS\LUVISCO NRT 425 (rv-1) (GHS).pdf,02_안전,폴더(MSDS),E:\SHINHWA\02_안전\2026\LUVISCO NRT 425 (rv-1) (GHS).pdf,275,2026-02-02,이미 있음(동일)
E:\기존 서류\황지환\평가\7. MSDS\MSDS\MSDS-PUNCH 100F.pdf,02_안전,폴더(MSDS),E:\SHINHWA\02_안전\2026\MSDS-PUNCH 100F.pdf,248,2026-06-01,이미 있음(동일)
E:\기존 서류\황지환\평가\7. MSDS\MSDS\MSDS-XTeer WAY VG 68 (KOR)_251215.pdf,02_안전,폴더(MSDS),E:\SHINHWA\02_안전\2026\MSDS-XTeer WAY VG 68 (KOR)_251215.pdf,267,2026-02-02,이미 있음(동일)
E:\기존 서류\황지환\평가\7. MSDS\MSDS\MSDS_XTeer HYMAX AW VG 46 (KOR)_251210.pdf,02_안전,폴더(MSDS),E:\SHINHWA\02_안전\2026\MSDS_XTeer HYMAX AW VG 46 (KOR)_251210.pdf,274,2026-02-02,이미 있음(동일)
E:\기존 서류\황지환\평가\7. MSDS\MSDS\NOCOLOK® Flux MSDS KR(220920).pdf,02_안전,폴더(MSDS),E:\SHINHWA\02_안전\2024\NOCOLOK® Flux MSDS KR(220920).pdf,166,2024-11-24,이미 있음(동일)
E:\기존 서류\황지환\평가\7. MSDS\MSDS\구버젼\ALMAREDGE 230K MSDS 23년.pdf,02_안전,폴더(MSDS),E:\SHINHWA\02_안전\2023\ALMAREDGE 230K MSDS 23년.pdf,178,2023-11-24,이미 있음(동일)
E:\기존 서류\황지환\평가\7. MSDS\MSDS\구버젼\GHS-Kor_Flux_Binder_A.pdf,02_안전,폴더(MSDS),E:\SHINHWA\02_안전\2024\GHS-Kor_Flux_Binder_A.pdf,192,2024-11-24,이미 있음(동일)
E:\기존 서류\황지환\평가\7. MSDS\MSDS\구버젼\LUVIDRAW PC 520 rv-1 (GHS).pdf,02_안전,폴더(MSDS),E:\SHINHWA\02_안전\2024\LUVIDRAW PC 520 rv-1 (GHS).pdf,231,2024-10-18,이미 있음(동일)
E:\기존 서류\황지환\평가\7. MSDS\MSDS\구버젼\LUVISCO HIGH TAP 50 (rv-0) (GHS).pdf,02_안전,폴더(MSDS),E:\SHINHWA\02_안전\2024\LUVISCO HIGH TAP 50 (rv-0) (GHS).pdf,262,2024-10-18,이미 있음(동일)
E:\기존 서류\황지환\평가\7. MSDS\MSDS\구버젼\LUVISCO NRT 425 (rv-1) (GHS).pdf,02_안전,폴더(MSDS),E:\SHINHWA\02_안전\2024\LUVISCO NRT 425 (rv-1) (GHS).pdf,275,2024-10-18,이미 있음(동일)
E:\기존 서류\황지환\평가\7. MSDS\MSDS\구버젼\MK_XTeer AW VG 46.pdf,02_안전,폴더(MSDS),E:\SHINHWA\02_안전\2023\MK_XTeer AW VG 46.pdf,270,2023-09-21,이미 있음(동일)
E:\기존 서류\황지환\평가\7. MSDS\MSDS\구버젼\MK_XTeer AW VG 46_(2).pdf,02_안전,폴더(MSDS),E:\SHINHWA\02_안전\2023\MK_XTeer AW VG 46_(2).pdf,270,2023-09-21,이미 있음(동일)
E:\기존 서류\황지환\평가\7. MSDS\MSDS\구버젼\MK_XTeer WAY VG 68.pdf,02_안전,폴더(MSDS),E:\SHINHWA\02_안전\2024\MK_XTeer WAY VG 68.pdf,269,2024-12-17,이미 있음(동일)
E:\기존 서류\황지환\평가\7. MSDS\MSDS\구버젼\MSDS Korea Korean - MILFORM™ OAK DRAW™ 50HP_KOREA_210310.pdf,02_안전,폴더(MSDS),E:\SHINHWA\02_안전\2023\MSDS Korea Korean - MILFORM™ OAK DRAW™ 50HP_KOREA_210310.pdf,315,2023-11-24,이미 있음(동일)
E:\기존 서류\황지환\평가\7. MSDS\MSDS\구버젼\MSDS Korea Korean - MILPRO® FORMER NB 20MR_KOREA_230922.pdf,02_안전,폴더(MSDS),E:\SHINHWA\02_안전\2023\MSDS Korea Korean - MILPRO® FORMER NB 20MR_KOREA_230922.pdf,208,2023-11-24,이미 있음(동일)
E:\기존 서류\황지환\평가\7. MSDS\MSDS\구버젼\MSDS Korea Korean - MILPRO® MPC 68A_KOREA_220715_AA00636-0000000011.pdf,02_안전,폴더(MSDS),E:\SHINHWA\02_안전\2023\MSDS Korea Korean - MILPRO® MPC 68A_KOREA_220715_AA00636-0000000011.pdf,573,2023-11-24,이미 있음(동일)
E:\기존 서류\황지환\평가\7. MSDS\MSDS\구버젼\MSDS Korea Korean - MILPRO® MPH 46_KOREA_211229.pdf,02_안전,폴더(MSDS),E:\SHINHWA\02_안전\2023\MSDS Korea Korean - MILPRO® MPH 46_KOREA_211229.pdf,251,2023-11-24,이미 있음(동일)
E:\기존 서류\황지환\평가\7. MSDS\MSDS\구버젼\MSDS Korea Korean - MILPRO® Tapping 3M_KOREA_230919 (1).pdf,02_안전,폴더(MSDS),E:\SHINHWA\02_안전\2023\MSDS Korea Korean - MILPRO® Tapping 3M_KOREA_230919 (1).pdf,195,2023-11-24,이미 있음(동일)
E:\기존 서류\황지환\평가\7. MSDS\MSDS\구버젼\MSDS-XTeer WAY VG 68 (KOR)_251215.pdf,02_안전,폴더(MSDS),E:\SHINHWA\02_안전\2026\MSDS-XTeer WAY VG 68 (KOR)_251215.pdf,267,2026-01-23,이미 있음(동일)
E:\기존 서류\황지환\평가\7. MSDS\MSDS\구버젼\MSDS_XTeer HYMAX AW VG 46 (KOR)_251210.pdf,02_안전,폴더(MSDS),E:\SHINHWA\02_안전\2026\MSDS_XTeer HYMAX AW VG 46 (KOR)_251210.pdf,274,2026-01-23,이미 있음(동일)
E:\기존 서류\황지환\평가\7. MSDS\MSDS\구버젼\NOCOLOK® Flux MSDS KR(220920).pdf,02_안전,폴더(MSDS),E:\SHINHWA\02_안전\2024\NOCOLOK® Flux MSDS KR(220920).pdf,166,2024-11-24,이미 있음(동일)
E:\기존 서류\황지환\평가\7. MSDS\MSDS\구버젼\XTeer WAY VG 68.pdf,02_안전,폴더(MSDS),E:\SHINHWA\02_안전\2018\XTeer WAY VG 68.pdf,231,2018-04-13,이미 있음(동일)
E:\기존 서류\황지환\평가\7. MSDS\MSDS\구버젼\almaredge 230k - 최신판.pdf,02_안전,폴더(MSDS),E:\SHINHWA\02_안전\2016\almaredge 230k - 최신판.pdf,141,2016-06-29,이미 있음(동일)
E:\기존 서류\황지환\평가\7. MSDS\MSDS\느시\DRAW-210.pdf,02_안전,폴더(MSDS),E:\SHINHWA\02_안전\2024\DRAW-210.pdf,176,2024-11-12,이미 있음(동일)
E:\기존 서류\황지환\평가\7. MSDS\관리대장20241001.xlsx,02_안전,폴더(7. MSDS),E:\SHINHWA\02_안전\2025\관리대장20241001.xlsx,43,2025-09-19,이미 있음(동일)
E:\기존 서류\황지환\평가\7. MSDS\산업안전보건법(법률)(제19591호)(20240517).pdf,02_안전,폴더(7. MSDS),E:\SHINHWA\02_안전\2024\산업안전보건법(법률)(제19591호)(20240517).pdf,106,2024-06-13,이미 있음(동일)
E:\기존 서류\황지환\평가\8. 소방관리\비상대피로 및 소화기.xlsx,02_안전,폴더(8. 소방관리),E:\SHINHWA\02_안전\2024\비상대피로 및 소화기.xlsx,360,2024-11-24,이미 있음(동일)
E:\기존 서류\황지환\평가\8. 소방관리\소방관리2.pptx,02_안전,폴더(8. 소방관리),E:\SHINHWA\02_안전\2024\소방관리2.pptx,3154,2024-11-22,이미 있음(동일)
E:\기존 서류\황지환\평가\8. 소방관리\소방관리_20241125.pptx,02_안전,폴더(8. 소방관리),E:\SHINHWA\02_안전\2024\소방관리_20241125.pptx,2891,2024-11-25,이미 있음(동일)
E:\기존 서류\황지환\평가\8. 소방관리\소화기 관리대장.xlsx,02_안전,폴더(8. 소방관리),E:\SHINHWA\02_안전\2024\소화기 관리대장.xlsx,14,2024-11-24,이미 있음(동일)
E:\기존 서류\황지환\평가\9. 안전관리\안전관리.pptx,02_안전,폴더(9. 안전관리),E:\SHINHWA\02_안전\2024\안전관리.pptx,5782,2024-11-26,이미 있음(동일)
E:\기존 서류\황지환\평가\9. 안전관리\안전보건관리규정.xlsx,02_안전,폴더(9. 안전관리),E:\SHINHWA\02_안전\2024\안전보건관리규정.xlsx,348,2024-11-26,복사 → E:\SHINHWA\02_안전\2024\안전보건관리규정_v2.xlsx
E:\기존 서류\황지환\평가\안전보건표지(NeW).pptx,02_안전,파일명,E:\SHINHWA\02_안전\2024\안전보건표지(NeW).pptx,13694,2024-11-18,복사 → E:\SHINHWA\02_안전\2024\안전보건표지(NeW)_v2.pptx
E:\SQ 심사 관련서류\1-2 설비 재가동 업무 처리 기준\설비 재가동 업무처리 기준.ppt,08_SQ심사,SQ 심사 자료,E:\SHINHWA\08_SQ심사\2026\설비 재가동 업무처리 기준.ppt,503,2026-06-17,이미 있음(동일)
E:\SQ 심사 관련서류\1-2 설비 재가동 업무 처리 기준\설비재가동 이력.xlsx,08_SQ심사,SQ 심사 자료,E:\SHINHWA\08_SQ심사\2026\설비재가동 이력.xlsx,73,2026-06-17,이미 있음(동일)
E:\SQ 심사 관련서류\1-2 설비 재가동 업무 처리 기준\체크시트.xlsx,08_SQ심사,SQ 심사 자료,E:\SHINHWA\08_SQ심사\2026\체크시트.xlsx,35,2026-06-17,이미 있음(동일)
E:\SQ 심사 관련서류\1-3 표준류 현지어 번역본 비치\공통외관검사기준서  번역번 이미지.png,08_SQ심사,SQ 심사 자료,E:\SHINHWA\08_SQ심사\2026\공통외관검사기준서  번역번 이미지.png,1688,2026-06-19,이미 있음(동일)
E:\SQ 심사 관련서류\1-3 표준류 현지어 번역본 비치\부적합품처리절차_Rev.0_0808.xlsx,08_SQ심사,SQ 심사 자료,E:\SHINHWA\08_SQ심사\2026\부적합품처리절차_Rev.0_0808.xlsx,420,2026-06-19,이미 있음(동일)
E:\SQ 심사 관련서류\1-4 품질 취약시간대 관리 기준\품질 취약시간.xls,08_SQ심사,SQ 심사 자료,E:\SHINHWA\08_SQ심사\2026\품질 취약시간.xls,296,2026-06-17,이미 있음(동일)
E:\SQ 심사 관련서류\1-4 품질 취약시간대 관리 기준\품질 취약시간의 업무 인수인계일지.xlsx,08_SQ심사,SQ 심사 자료,E:\SHINHWA\08_SQ심사\2026\품질 취약시간의 업무 인수인계일지.xlsx,238,2026-06-09,이미 있음(동일)
E:\SQ 심사 관련서류\1-4 품질 취약시간대 관리 기준\품질취약시간데 엄무 절차.xlsx,08_SQ심사,SQ 심사 자료,E:\SHINHWA\08_SQ심사\2026\품질취약시간데 엄무 절차.xlsx,60,2026-06-19,이미 있음(동일)
E:\SQ 심사 관련서류\2-3 검사용 한도견본관리대장\한도견본 관리대장.xlsx,08_SQ심사,SQ 심사 자료,E:\SHINHWA\08_SQ심사\2026\한도견본 관리대장.xlsx,458,2026-05-13,이미 있음(동일)
E:\SQ 심사 관련서류\2-5 계측기 관리\(공문)2023년 교정수수료 개정 안내.pdf,08_SQ심사,SQ 심사 자료,E:\SHINHWA\08_SQ심사\2026\(공문)2023년 교정수수료 개정 안내.pdf,50,2026-05-13,이미 있음(동일)
E:\SQ 심사 관련서류\2-5 계측기 관리\1. 검사구 & 마운틴지그 이력 및 점검시트 _Rev.1-완료.xls,08_SQ심사,SQ 심사 자료,E:\SHINHWA\08_SQ심사\2026\1. 검사구 & 마운틴지그 이력 및 점검시트 _Rev.1-완료.xls,50393,2026-05-13,이미 있음(동일)
E:\SQ 심사 관련서류\2-5 계측기 관리\2024 GAUGE R&R_평가계획및시트 (2).xls,08_SQ심사,SQ 심사 자료,E:\SHINHWA\08_SQ심사\2026\2024 GAUGE R&R_평가계획및시트 (2).xls,7229,2026-05-13,이미 있음(동일)
E:\SQ 심사 관련서류\2-5 계측기 관리\2024 GAUGE R&R_평가계획및시트.xls,08_SQ심사,SQ 심사 자료,E:\SHINHWA\08_SQ심사\2026\2024 GAUGE R&R_평가계획및시트.xls,7553,2026-05-13,이미 있음(동일)
E:\SQ 심사 관련서류\2-5 계측기 관리\2025 GAUGE R&R_평가계획및시트.xls,08_SQ심사,SQ 심사 자료,E:\SHINHWA\08_SQ심사\2026\2025 GAUGE R&R_평가계획및시트.xls,7512,2026-05-13,이미 있음(동일)
E:\SQ 심사 관련서류\2-5 계측기 관리\2025년 검교정 완료 내역서.pdf,08_SQ심사,SQ 심사 자료,E:\SHINHWA\08_SQ심사\2026\2025년 검교정 완료 내역서.pdf,541,2026-05-13,이미 있음(동일)
E:\SQ 심사 관련서류\2-5 계측기 관리\20260512_계측기관리.zip,08_SQ심사,SQ 심사 자료,E:\SHINHWA\08_SQ심사\2026\20260512_계측기관리.zip,133980,2026-05-12,이미 있음(동일)
E:\SQ 심사 관련서류\2-5 계측기 관리\2308-E-118(2023년 검교정 견적).pdf,08_SQ심사,SQ 심사 자료,E:\SHINHWA\08_SQ심사\2026\2308-E-118(2023년 검교정 견적).pdf,203,2026-05-13,이미 있음(동일)
E:\SQ 심사 관련서류\2-5 계측기 관리\23계측기 검교정 성적서\23-10045.zip,08_SQ심사,SQ 심사 자료,E:\SHINHWA\08_SQ심사\2026\23-10045.zip,3933,2026-05-13,이미 있음(동일)
E:\SQ 심사 관련서류\2-5 계측기 관리\23계측기 검교정 성적서\23-10045\23-10045-1.pdf,08_SQ심사,SQ 심사 자료,E:\SHINHWA\08_SQ심사\2026\23-10045-1.pdf,199,2026-05-13,이미 있음(동일)
E:\SQ 심사 관련서류\2-5 계측기 관리\23계측기 검교정 성적서\23-10045\23-10045-10.pdf,08_SQ심사,SQ 심사 자료,E:\SHINHWA\08_SQ심사\2026\23-10045-10.pdf,203,2026-05-13,이미 있음(동일)
E:\SQ 심사 관련서류\2-5 계측기 관리\23계측기 검교정 성적서\23-10045\23-10045-11.pdf,08_SQ심사,SQ 심사 자료,E:\SHINHWA\08_SQ심사\2026\23-10045-11.pdf,200,2026-05-13,이미 있음(동일)
E:\SQ 심사 관련서류\2-5 계측기 관리\23계측기 검교정 성적서\23-10045\23-10045-12.pdf,08_SQ심사,SQ 심사 자료,E:\SHINHWA\08_SQ심사\2026\23-10045-12.pdf,200,2026-05-13,이미 있음(동일)
E:\SQ 심사 관련서류\2-5 계측기 관리\23계측기 검교정 성적서\23-10045\23-10045-13.pdf,08_SQ심사,SQ 심사 자료,E:\SHINHWA\08_SQ심사\2026\23-10045-13.pdf,200,2026-05-13,이미 있음(동일)
E:\SQ 심사 관련서류\2-5 계측기 관리\23계측기 검교정 성적서\23-10045\23-10045-14.pdf,08_SQ심사,SQ 심사 자료,E:\SHINHWA\08_SQ심사\2026\23-10045-14.pdf,200,2026-05-13,이미 있음(동일)
E:\SQ 심사 관련서류\2-5 계측기 관리\23계측기 검교정 성적서\23-10045\23-10045-15.pdf,08_SQ심사,SQ 심사 자료,E:\SHINHWA\08_SQ심사\2026\23-10045-15.pdf,200,2026-05-13,이미 있음(동일)
E:\SQ 심사 관련서류\2-5 계측기 관리\23계측기 검교정 성적서\23-10045\23-10045-16.pdf,08_SQ심사,SQ 심사 자료,E:\SHINHWA\08_SQ심사\2026\23-10045-16.pdf,200,2026-05-13,이미 있음(동일)
E:\SQ 심사 관련서류\2-5 계측기 관리\23계측기 검교정 성적서\23-10045\23-10045-17.pdf,08_SQ심사,SQ 심사 자료,E:\SHINHWA\08_SQ심사\2026\23-10045-17.pdf,200,2026-05-13,이미 있음(동일)
E:\SQ 심사 관련서류\2-5 계측기 관리\23계측기 검교정 성적서\23-10045\23-10045-18.pdf,08_SQ심사,SQ 심사 자료,E:\SHINHWA\08_SQ심사\2026\23-10045-18.pdf,247,2026-05-13,이미 있음(동일)
E:\SQ 심사 관련서류\2-5 계측기 관리\23계측기 검교정 성적서\23-10045\23-10045-19.pdf,08_SQ심사,SQ 심사 자료,E:\SHINHWA\08_SQ심사\2026\23-10045-19.pdf,273,2026-05-13,이미 있음(동일)
E:\SQ 심사 관련서류\2-5 계측기 관리\23계측기 검교정 성적서\23-10045\23-10045-2.pdf,08_SQ심사,SQ 심사 자료,E:\SHINHWA\08_SQ심사\2026\23-10045-2.pdf,200,2026-05-13,이미 있음(동일)
E:\SQ 심사 관련서류\2-5 계측기 관리\23계측기 검교정 성적서\23-10045\23-10045-3.pdf,08_SQ심사,SQ 심사 자료,E:\SHINHWA\08_SQ심사\2026\23-10045-3.pdf,200,2026-05-13,이미 있음(동일)
E:\SQ 심사 관련서류\2-5 계측기 관리\23계측기 검교정 성적서\23-10045\23-10045-4.pdf,08_SQ심사,SQ 심사 자료,E:\SHINHWA\08_SQ심사\2026\23-10045-4.pdf,200,2026-05-13,이미 있음(동일)
E:\SQ 심사 관련서류\2-5 계측기 관리\23계측기 검교정 성적서\23-10045\23-10045-5.pdf,08_SQ심사,SQ 심사 자료,E:\SHINHWA\08_SQ심사\2026\23-10045-5.pdf,200,2026-05-13,이미 있음(동일)
E:\SQ 심사 관련서류\2-5 계측기 관리\23계측기 검교정 성적서\23-10045\23-10045-6.pdf,08_SQ심사,SQ 심사 자료,E:\SHINHWA\08_SQ심사\2026\23-10045-6.pdf,200,2026-05-13,이미 있음(동일)
E:\SQ 심사 관련서류\2-5 계측기 관리\23계측기 검교정 성적서\23-10045\23-10045-7.pdf,08_SQ심사,SQ 심사 자료,E:\SHINHWA\08_SQ심사\2026\23-10045-7.pdf,202,2026-05-13,이미 있음(동일)
E:\SQ 심사 관련서류\2-5 계측기 관리\23계측기 검교정 성적서\23-10045\23-10045-8.pdf,08_SQ심사,SQ 심사 자료,E:\SHINHWA\08_SQ심사\2026\23-10045-8.pdf,200,2026-05-13,이미 있음(동일)
E:\SQ 심사 관련서류\2-5 계측기 관리\23계측기 검교정 성적서\23-10045\23-10045-9.pdf,08_SQ심사,SQ 심사 자료,E:\SHINHWA\08_SQ심사\2026\23-10045-9.pdf,200,2026-05-13,이미 있음(동일)
E:\SQ 심사 관련서류\2-5 계측기 관리\23계측기 검교정 성적서\23-10075.zip,08_SQ심사,SQ 심사 자료,E:\SHINHWA\08_SQ심사\2026\23-10075.zip,491,2026-05-13,이미 있음(동일)
E:\SQ 심사 관련서류\2-5 계측기 관리\23계측기 검교정 성적서\23-10075\23-10075-1.pdf,08_SQ심사,SQ 심사 자료,E:\SHINHWA\08_SQ심사\2026\23-10075-1.pdf,256,2026-05-13,이미 있음(동일)
E:\SQ 심사 관련서류\2-5 계측기 관리\23계측기 검교정 성적서\23-10075\23-10075-2.pdf,08_SQ심사,SQ 심사 자료,E:\SHINHWA\08_SQ심사\2026\23-10075-2.pdf,234,2026-05-13,이미 있음(동일)
E:\SQ 심사 관련서류\2-5 계측기 관리\23계측기 검교정 성적서\23-10829.zip,08_SQ심사,SQ 심사 자료,E:\SHINHWA\08_SQ심사\2026\23-10829.zip,236,2026-05-13,이미 있음(동일)
E:\SQ 심사 관련서류\2-5 계측기 관리\23계측기 검교정 성적서\23-10829\23-10829-1.pdf,08_SQ심사,SQ 심사 자료,E:\SHINHWA\08_SQ심사\2026\23-10829-1.pdf,236,2026-05-13,이미 있음(동일)
E:\SQ 심사 관련서류\2-5 계측기 관리\2408-E-104 (2024년 검교정 견적).pdf,08_SQ심사,SQ 심사 자료,E:\SHINHWA\08_SQ심사\2026\2408-E-104 (2024년 검교정 견적).pdf,195,2026-05-13,이미 있음(동일)
E:\SQ 심사 관련서류\2-5 계측기 관리\2계측기이력카드.xls,08_SQ심사,SQ 심사 자료,E:\SHINHWA\08_SQ심사\2026\2계측기이력카드.xls,3414,2026-05-13,이미 있음(동일)
E:\SQ 심사 관련서류\2-5 계측기 관리\3차원 측정 검교정 자료\240502-(주)신화에이치엔티(천안)-Discory12-Servicereport.pdf,08_SQ심사,SQ 심사 자료,E:\SHINHWA\08_SQ심사\2026\240502-(주)신화에이치엔티(천안)-Discory12-Servicereport.pdf,805,2026-05-13,이미 있음(동일)
E:\SQ 심사 관련서류\2-5 계측기 관리\3차원 측정 검교정 자료\240502-(주)신화에이치엔티(천안)-Discory12.pdf,08_SQ심사,SQ 심사 자료,E:\SHINHWA\08_SQ심사\2026\240502-(주)신화에이치엔티(천안)-Discory12.pdf,387,2026-05-13,이미 있음(동일)
E:\SQ 심사 관련서류\2-5 계측기 관리\● 3. 교정지그 관리대장 (지그부착).xlsx,08_SQ심사,SQ 심사 자료,E:\SHINHWA\08_SQ심사\2026\● 3. 교정지그 관리대장 (지그부착).xlsx,22346,2026-05-13,이미 있음(동일)
E:\SQ 심사 관련서류\2-5 계측기 관리\계측기 FILE 목록.xlsx,08_SQ심사,SQ 심사 자료,E:\SHINHWA\08_SQ심사\2026\계측기 FILE 목록.xlsx,12,2026-05-13,이미 있음(동일)
E:\SQ 심사 관련서류\2-5 계측기 관리\계측기 검교정 계획서(2024년).xls,08_SQ심사,SQ 심사 자료,E:\SHINHWA\08_SQ심사\2026\계측기 검교정 계획서(2024년).xls,334,2026-05-13,이미 있음(동일)
E:\SQ 심사 관련서류\2-5 계측기 관리\계측기 검교정 계획서(2025년).xls,08_SQ심사,SQ 심사 자료,E:\SHINHWA\08_SQ심사\2026\계측기 검교정 계획서(2025년).xls,395,2026-05-13,이미 있음(동일)
E:\SQ 심사 관련서류\2-5 계측기 관리\계측기관리규정.xls,08_SQ심사,SQ 심사 자료,E:\SHINHWA\08_SQ심사\2026\계측기관리규정.xls,328,2026-05-13,이미 있음(동일)
E:\SQ 심사 관련서류\2-5 계측기 관리\계측기관리대장 (2024년).xls,08_SQ심사,SQ 심사 자료,E:\SHINHWA\08_SQ심사\2026\계측기관리대장 (2024년).xls,735,2026-05-13,이미 있음(동일)
E:\SQ 심사 관련서류\2-5 계측기 관리\계측기관리대장 (2025년).pdf,08_SQ심사,SQ 심사 자료,E:\SHINHWA\08_SQ심사\2026\계측기관리대장 (2025년).pdf,200,2026-05-13,이미 있음(동일)
E:\SQ 심사 관련서류\2-5 계측기 관리\두께게이지 측정.xlsx,08_SQ심사,SQ 심사 자료,E:\SHINHWA\08_SQ심사\2026\두께게이지 측정.xlsx,360,2026-05-13,이미 있음(동일)
E:\SQ 심사 관련서류\2-5 계측기 관리\새 Microsoft Excel 워크시트.xlsx,08_SQ심사,SQ 심사 자료,E:\SHINHWA\08_SQ심사\2026\새 Microsoft Excel 워크시트.xlsx,6,2026-05-13,이미 있음(동일)
E:\SQ 심사 관련서류\2-6 게이지 R&R 실시 기준\계측기 게이지 R&R 측정시트 개정본\계량형\게이지 R&R  측정 시트  .pptx.xlsx,08_SQ심사,SQ 심사 자료,E:\SHINHWA\08_SQ심사\2026\게이지 R&R  측정 시트  .pptx.xlsx,29,2026-06-26,이미 있음(동일)
E:\SQ 심사 관련서류\2-6 게이지 R&R 실시 기준\계측기 게이지 R&R 측정시트 개정본\계량형\게이지 R&R 평가시트 .pptx.xls,08_SQ심사,SQ 심사 자료,E:\SHINHWA\08_SQ심사\2026\게이지 R&R 평가시트 .pptx.xls,8721,2026-05-30,이미 있음(동일)
E:\SQ 심사 관련서류\2-6 게이지 R&R 실시 기준\계측기 게이지 R&R 측정시트 개정본\계수형\게이지 r&r  계수형 답지 시트 .pptx.xlsx.ppt,08_SQ심사,SQ 심사 자료,E:\SHINHWA\08_SQ심사\2026\게이지 r&r  계수형 답지 시트 .pptx.xlsx.ppt,21245,2026-05-25,이미 있음(동일)
E:\SQ 심사 관련서류\2-6 게이지 R&R 실시 기준\계측기 게이지 R&R 측정시트 개정본\계수형\게이지 r&r  계수형 실적 시트 .pptx.xlsx,08_SQ심사,SQ 심사 자료,E:\SHINHWA\08_SQ심사\2026\게이지 r&r  계수형 실적 시트 .pptx.xlsx,69,2026-05-25,이미 있음(동일)
E:\SQ 심사 관련서류\2-6 게이지 R&R 실시 기준\계측기 게이지 R&R 측정시트 개정본\계수형\게이지 r&r  계수형 실적2 시트 .pptx.xlsx.ppt,08_SQ심사,SQ 심사 자료,E:\SHINHWA\08_SQ심사\2026\게이지 r&r  계수형 실적2 시트 .pptx.xlsx.ppt,21253,2026-05-25,이미 있음(동일)
E:\SQ 심사 관련서류\2-6 게이지 R&R 실시 기준\계측기 게이지 R&R 측정시트 개정본\계수형\게이지 r&r  계수형 평가자료  .pptx.xlsx.ppt,08_SQ심사,SQ 심사 자료,E:\SHINHWA\08_SQ심사\2026\게이지 r&r  계수형 평가자료  .pptx.xlsx.ppt,20973,2026-06-17,이미 있음(동일)
E:\SQ 심사 관련서류\2-8 완제품 외관검사 기준\V710  완성품 검시 체크 시트.xlsx,08_SQ심사,SQ 심사 자료,E:\SHINHWA\08_SQ심사\2026\V710  완성품 검시 체크 시트.xlsx,9136,2026-06-29,이미 있음(동일)
E:\SQ 심사 관련서류\2-8 완제품 외관검사 기준\완성품(공통) 외관검사 기준서.xlsx,08_SQ심사,SQ 심사 자료,E:\SHINHWA\08_SQ심사\2026\완성품(공통) 외관검사 기준서.xlsx,3554,2026-06-25,이미 있음(동일)
E:\SQ 심사 관련서류\2.-2 수입검사 누락방지 절차 수립\5.■수입검사업무절차_Rev.1 2408.xlsx,08_SQ심사,SQ 심사 자료,E:\SHINHWA\08_SQ심사\2026\5.■수입검사업무절차_Rev.1 2408.xlsx,35,2026-05-12,이미 있음(동일)
E:\SQ 심사 관련서류\2.-2 수입검사 누락방지 절차 수립\6.■부적합품처리절차_Rev.1 2408.xlsx,08_SQ심사,SQ 심사 자료,E:\SHINHWA\08_SQ심사\2026\6.■부적합품처리절차_Rev.1 2408.xlsx,24,2026-05-12,이미 있음(동일)
E:\SQ 심사 관련서류\2.-2 수입검사 누락방지 절차 수립\검사기준서 개정본\부자재 검사 일지.xls,08_SQ심사,SQ 심사 자료,E:\SHINHWA\08_SQ심사\2026\부자재 검사 일지.xls,317,2026-06-17,이미 있음(동일)
E:\SQ 심사 관련서류\2.-2 수입검사 누락방지 절차 수립\검사기준서 개정본\부자재 기준서.xls,08_SQ심사,SQ 심사 자료,E:\SHINHWA\08_SQ심사\2026\부자재 기준서.xls,3480,2026-06-02,이미 있음(동일)
E:\SQ 심사 관련서류\2.-2 수입검사 누락방지 절차 수립\검사기준서 개정본\부자재 외관.ppt,08_SQ심사,SQ 심사 자료,E:\SHINHWA\08_SQ심사\2026\부자재 외관.ppt,3694,2026-06-18,이미 있음(동일)
E:\SQ 심사 관련서류\2.-2 수입검사 누락방지 절차 수립\검사기준서 개정본\원자재  성적서 관리 기준.xls,08_SQ심사,SQ 심사 자료,E:\SHINHWA\08_SQ심사\2026\원자재  성적서 관리 기준.xls,6696,2026-06-17,이미 있음(동일)
E:\SQ 심사 관련서류\2.-2 수입검사 누락방지 절차 수립\부자재 관리 기준서.pptx,08_SQ심사,SQ 심사 자료,E:\SHINHWA\08_SQ심사\2026\부자재 관리 기준서.pptx,19309,2026-05-19,이미 있음(동일)
E:\SQ 심사 관련서류\2.-2 수입검사 누락방지 절차 수립\수입검사 리스트.xlsx,08_SQ심사,SQ 심사 자료,E:\SHINHWA\08_SQ심사\2026\수입검사 리스트.xlsx,63,2026-05-14,이미 있음(동일)
E:\SQ 심사 관련서류\2.-2 수입검사 누락방지 절차 수립\수입검사기준서 JOINT FLANGE\다온텍\수입검사기준서 CD-TGDI(신).xlsx,08_SQ심사,SQ 심사 자료,E:\SHINHWA\08_SQ심사\2026\수입검사기준서 CD-TGDI(신).xlsx,328,2026-05-14,이미 있음(동일)
E:\SQ 심사 관련서류\2.-2 수입검사 누락방지 절차 수립\수입검사기준서 JOINT FLANGE\다온텍\수입검사기준서 DN8 N GSL(구).xlsx,08_SQ심사,SQ 심사 자료,E:\SHINHWA\08_SQ심사\2026\수입검사기준서 DN8 N GSL(구).xlsx,457,2026-05-14,이미 있음(동일)
E:\SQ 심사 관련서류\2.-2 수입검사 누락방지 절차 수립\수입검사기준서 JOINT FLANGE\다온텍\수입검사기준서 DN8 N GSL(신).xlsx,08_SQ심사,SQ 심사 자료,E:\SHINHWA\08_SQ심사\2026\수입검사기준서 DN8 N GSL(신).xlsx,457,2026-05-14,이미 있음(동일)
E:\SQ 심사 관련서류\2.-2 수입검사 누락방지 절차 수립\수입검사기준서 JOINT FLANGE\다온텍\수입검사기준서 DN8-HEV M8(구).xlsx,08_SQ심사,SQ 심사 자료,E:\SHINHWA\08_SQ심사\2026\수입검사기준서 DN8-HEV M8(구).xlsx,402,2026-05-14,이미 있음(동일)
E:\SQ 심사 관련서류\2.-2 수입검사 누락방지 절차 수립\수입검사기준서 JOINT FLANGE\다온텍\수입검사기준서 DN8-HEV M8(신).xlsx,08_SQ심사,SQ 심사 자료,E:\SHINHWA\08_SQ심사\2026\수입검사기준서 DN8-HEV M8(신).xlsx,423,2026-05-14,이미 있음(동일)
E:\SQ 심사 관련서류\2.-2 수입검사 누락방지 절차 수립\수입검사기준서 JOINT FLANGE\다온텍\수입검사기준서 DN8-N M8(구).xlsx,08_SQ심사,SQ 심사 자료,E:\SHINHWA\08_SQ심사\2026\수입검사기준서 DN8-N M8(구).xlsx,421,2026-05-14,이미 있음(동일)
E:\SQ 심사 관련서류\2.-2 수입검사 누락방지 절차 수립\수입검사기준서 JOINT FLANGE\다온텍\수입검사기준서 DN8-N M8(신).xlsx,08_SQ심사,SQ 심사 자료,E:\SHINHWA\08_SQ심사\2026\수입검사기준서 DN8-N M8(신).xlsx,421,2026-05-14,이미 있음(동일)
E:\SQ 심사 관련서류\2.-2 수입검사 누락방지 절차 수립\수입검사기준서 JOINT FLANGE\다온텍\수입검사기준서 DN8-TGDI M8(구).xlsx,08_SQ심사,SQ 심사 자료,E:\SHINHWA\08_SQ심사\2026\수입검사기준서 DN8-TGDI M8(구).xlsx,402,2026-05-14,이미 있음(동일)
E:\SQ 심사 관련서류\2.-2 수입검사 누락방지 절차 수립\수입검사기준서 JOINT FLANGE\범원\수입검사기준서 CN7-TGDI(구).xlsx,08_SQ심사,SQ 심사 자료,E:\SHINHWA\08_SQ심사\2026\수입검사기준서 CN7-TGDI(구).xlsx,121,2026-05-14,이미 있음(동일)
E:\SQ 심사 관련서류\2.-2 수입검사 누락방지 절차 수립\수입검사기준서 JOINT FLANGE\범원\수입검사기준서 CN7-TGDI(신).xlsx,08_SQ심사,SQ 심사 자료,E:\SHINHWA\08_SQ심사\2026\수입검사기준서 CN7-TGDI(신).xlsx,173,2026-05-14,이미 있음(동일)
E:\SQ 심사 관련서류\2.-2 수입검사 누락방지 절차 수립\수입검사기준서 JOINT FLANGE\범원\수입검사기준서 DN8 HEV M6(구).xlsx,08_SQ심사,SQ 심사 자료,E:\SHINHWA\08_SQ심사\2026\수입검사기준서 DN8 HEV M6(구).xlsx,170,2026-05-14,이미 있음(동일)
E:\SQ 심사 관련서류\2.-2 수입검사 누락방지 절차 수립\수입검사기준서 JOINT FLANGE\범원\수입검사기준서 DN8 HEV M6(신).xlsx,08_SQ심사,SQ 심사 자료,E:\SHINHWA\08_SQ심사\2026\수입검사기준서 DN8 HEV M6(신).xlsx,173,2026-05-14,이미 있음(동일)
E:\SQ 심사 관련서류\2.-2 수입검사 누락방지 절차 수립\수입검사기준서 JOINT FLANGE\아이정밀1\수입검사기준서 BD-GSL(구).xlsx,08_SQ심사,SQ 심사 자료,E:\SHINHWA\08_SQ심사\2026\수입검사기준서 BD-GSL(구).xlsx,124,2026-05-14,이미 있음(동일)
E:\SQ 심사 관련서류\2.-2 수입검사 누락방지 절차 수립\수입검사기준서 JOINT FLANGE\아이정밀1\수입검사기준서 BD-GSL(신).xlsx,08_SQ심사,SQ 심사 자료,E:\SHINHWA\08_SQ심사\2026\수입검사기준서 BD-GSL(신).xlsx,837,2026-05-14,이미 있음(동일)
E:\SQ 심사 관련서류\2.-2 수입검사 누락방지 절차 수립\수입검사기준서 JOINT FLANGE\아이정밀1\수입검사기준서 PDE 카파개선(신).xlsx,08_SQ심사,SQ 심사 자료,E:\SHINHWA\08_SQ심사\2026\수입검사기준서 PDE 카파개선(신).xlsx,468,2026-05-14,이미 있음(동일)
E:\SQ 심사 관련서류\2.-2 수입검사 누락방지 절차 수립\수입검사기준서 JOINT FLANGE\아이정밀1\수입검사기준서 PDEN PE(구).xlsx,08_SQ심사,SQ 심사 자료,E:\SHINHWA\08_SQ심사\2026\수입검사기준서 PDEN PE(구).xlsx,474,2026-05-14,이미 있음(동일)
E:\SQ 심사 관련서류\2.-2 수입검사 누락방지 절차 수립\수입검사기준서 JOINT FLANGE\아이정밀1\수입검사기준서 PDEN PE(신).xlsx,08_SQ심사,SQ 심사 자료,E:\SHINHWA\08_SQ심사\2026\수입검사기준서 PDEN PE(신).xlsx,468,2026-05-14,이미 있음(동일)
E:\SQ 심사 관련서류\2.-2 수입검사 누락방지 절차 수립\수입검사기준서 JOINT FLANGE\주신정밀\수입검사기준서 CN7(구).xlsx,08_SQ심사,SQ 심사 자료,E:\SHINHWA\08_SQ심사\2026\수입검사기준서 CN7(구).xlsx,471,2026-05-14,이미 있음(동일)
E:\SQ 심사 관련서류\2.-2 수입검사 누락방지 절차 수립\수입검사기준서 JOINT FLANGE\주신정밀\수입검사기준서 CN7(신).xlsx,08_SQ심사,SQ 심사 자료,E:\SHINHWA\08_SQ심사\2026\수입검사기준서 CN7(신).xlsx,472,2026-05-14,이미 있음(동일)
E:\SQ 심사 관련서류\2.-2 수입검사 누락방지 절차 수립\수입검사기준서 JOINT FLANGE\주신정밀\수입검사기준서 JA-TOX(구).xlsx,08_SQ심사,SQ 심사 자료,E:\SHINHWA\08_SQ심사\2026\수입검사기준서 JA-TOX(구).xlsx,148,2026-05-14,이미 있음(동일)
E:\SQ 심사 관련서류\2.-2 수입검사 누락방지 절차 수립\수입검사기준서 JOINT FLANGE\주신정밀\수입검사기준서 JA-TOX(신).xlsx,08_SQ심사,SQ 심사 자료,E:\SHINHWA\08_SQ심사\2026\수입검사기준서 JA-TOX(신).xlsx,144,2026-05-14,이미 있음(동일)
E:\SQ 심사 관련서류\2.-2 수입검사 누락방지 절차 수립\양식모음\2. 외관검사지침서.xls,08_SQ심사,SQ 심사 자료,E:\SHINHWA\08_SQ심사\2026\2. 외관검사지침서.xls,8593,2026-05-14,이미 있음(동일)
"E:\SQ 심사 관련서류\2.-2 수입검사 누락방지 절차 수립\양식모음\검사기준서, 협정서 양식.xlsx",08_SQ심사,SQ 심사 자료,"E:\SHINHWA\08_SQ심사\2026\검사기준서, 협정서 양식.xlsx",157,2026-05-14,이미 있음(동일)
E:\SQ 심사 관련서류\2.-2 수입검사 누락방지 절차 수립\품질관리 수입검사 2026년 4월.xlsx,08_SQ심사,SQ 심사 자료,E:\SHINHWA\08_SQ심사\2026\품질관리 수입검사 2026년 4월.xlsx,366,2026-06-15,이미 있음(동일)
E:\SQ 심사 관련서류\3-2  설비 관련 서류\설비 압력 게이지.xlsx,08_SQ심사,SQ 심사 자료,E:\SHINHWA\08_SQ심사\2026\설비 압력 게이지.xlsx,181,2026-06-11,이미 있음(동일)
E:\SQ 심사 관련서류\3-2  설비 관련 서류\설비 평가  마킹.xls,08_SQ심사,SQ 심사 자료,E:\SHINHWA\08_SQ심사\2026\설비 평가  마킹.xls,10343,2026-06-10,이미 있음(동일)
E:\SQ 심사 관련서류\3-2  설비 관련 서류\설비 평가  벤딩.xls,08_SQ심사,SQ 심사 자료,E:\SHINHWA\08_SQ심사\2026\설비 평가  벤딩.xls,16165,2026-07-01,이미 있음(동일)
E:\SQ 심사 관련서류\3-2  설비 관련 서류\설비 평가  조립기.xls,08_SQ심사,SQ 심사 자료,E:\SHINHWA\08_SQ심사\2026\설비 평가  조립기.xls,8519,2026-06-10,이미 있음(동일)
E:\SQ 심사 관련서류\3-2  설비 관련 서류\설비 평가 자동 설비.xls,08_SQ심사,SQ 심사 자료,E:\SHINHWA\08_SQ심사\2026\설비 평가 자동 설비.xls,10807,2026-06-12,이미 있음(동일)
E:\SQ 심사 관련서류\3-2  설비 관련 서류\설비 평가 포밍.xls,08_SQ심사,SQ 심사 자료,E:\SHINHWA\08_SQ심사\2026\설비 평가 포밍.xls,18064,2026-06-12,이미 있음(동일)
E:\SQ 심사 관련서류\3-2  설비 관련 서류\설비예비 부품 관리 대장.xlsx,08_SQ심사,SQ 심사 자료,E:\SHINHWA\08_SQ심사\2026\설비예비 부품 관리 대장.xlsx,114,2026-06-11,이미 있음(동일)
E:\SQ 심사 관련서류\3-2  설비 관련 서류\설비예비부품 리스트.xls,08_SQ심사,SQ 심사 자료,E:\SHINHWA\08_SQ심사\2026\설비예비부품 리스트.xls,20165,2026-06-09,이미 있음(동일)
E:\SQ 심사 관련서류\3-2  설비 관련 서류\설비예측예방보전계획서.xlsx,08_SQ심사,SQ 심사 자료,E:\SHINHWA\08_SQ심사\2026\설비예측예방보전계획서.xlsx,15,2026-06-11,이미 있음(동일)
E:\SQ 심사 관련서류\3-2  설비 관련 서류\용접 설비\설비 평가 용접.xls,08_SQ심사,SQ 심사 자료,E:\SHINHWA\08_SQ심사\2026\설비 평가 용접.xls,870,2026-06-12,이미 있음(동일)
E:\SQ 심사 관련서류\3-2  설비 관련 서류\용접 설비\작동유 관리 기준.xlsx,08_SQ심사,SQ 심사 자료,E:\SHINHWA\08_SQ심사\2026\작동유 관리 기준.xlsx,469,2026-06-10,이미 있음(동일)
E:\SQ 심사 관련서류\3-2  설비 관련 서류\작동유 관리 기준.xlsx,08_SQ심사,SQ 심사 자료,E:\SHINHWA\08_SQ심사\2026\작동유 관리 기준.xlsx,469,2026-06-10,이미 있음(동일)
E:\SQ 심사 관련서류\3-6 용접 지그 관리\기초 품질 예방 용접 지그.pptx,08_SQ심사,SQ 심사 자료,E:\SHINHWA\08_SQ심사\2026\기초 품질 예방 용접 지그.pptx,1382,2026-06-20,이미 있음(동일)
E:\SQ 심사 관련서류\3-6 용접 지그 관리\용접 지그 기준표.xls,08_SQ심사,SQ 심사 자료,E:\SHINHWA\08_SQ심사\2026\용접 지그 기준표.xls,822,2026-06-20,이미 있음(동일)
E:\SQ 심사 관련서류\3-6 용접 지그 관리\지그 관련기준1.xlsx,08_SQ심사,SQ 심사 자료,E:\SHINHWA\08_SQ심사\2026\지그 관련기준1.xlsx,1222,2026-06-20,이미 있음(동일)
E:\SQ 심사 관련서류\4-3 금형 보전 관리 기준및 준수 상태\금형티오.xlsx,08_SQ심사,SQ 심사 자료,E:\SHINHWA\08_SQ심사\2026\금형티오.xlsx,18391,2026-06-23,이미 있음(동일)
E:\SQ 심사 관련서류\5-3 원재료 장기 재고 관리 기준\불용 자재 관리 대장.xlsx,08_SQ심사,SQ 심사 자료,E:\SHINHWA\08_SQ심사\2026\불용 자재 관리 대장.xlsx,64,2026-06-09,이미 있음(동일)
E:\SQ 심사 관련서류\5-3 원재료 장기 재고 관리 기준\불용자재 관련  지침서.xls,08_SQ심사,SQ 심사 자료,E:\SHINHWA\08_SQ심사\2026\불용자재 관련  지침서.xls,484,2026-06-15,이미 있음(동일)
E:\SQ 심사 관련서류\5-3 원재료 장기 재고 관리 기준\불응 자재 관리 기준.xlsx,08_SQ심사,SQ 심사 자료,E:\SHINHWA\08_SQ심사\2026\불응 자재 관리 기준.xlsx,23,2026-06-09,이미 있음(동일)
E:\SQ 심사 관련서류\5-3 원재료 장기 재고 관리 기준\장개재고  대장.xlsx,08_SQ심사,SQ 심사 자료,E:\SHINHWA\08_SQ심사\2026\장개재고  대장.xlsx,63,2026-06-04,이미 있음(동일)
E:\SQ 심사 관련서류\5-3 원재료 장기 재고 관리 기준\장기재고 관련 기준.xlsx,08_SQ심사,SQ 심사 자료,E:\SHINHWA\08_SQ심사\2026\장기재고 관련 기준.xlsx,449,2026-06-04,이미 있음(동일)
E:\SQ 심사 관련서류\5-3 원재료 장기 재고 관리 기준\장기재고 관련 지침서.xls,08_SQ심사,SQ 심사 자료,E:\SHINHWA\08_SQ심사\2026\장기재고 관련 지침서.xls,414,2026-06-15,이미 있음(동일)
"E:\SQ 심사 관련서류\6-1 안전관리 프로세스\5-9안전관리,환경안전\1.설비점검 사고방지를 위한 업무 절차.xlsx",08_SQ심사,SQ 심사 자료,E:\SHINHWA\08_SQ심사\2025\1.설비점검 사고방지를 위한 업무 절차.xlsx,33,2025-12-17,이미 있음(동일)
"E:\SQ 심사 관련서류\6-1 안전관리 프로세스\5-9안전관리,환경안전\10. 비상계획\01. 2024-01. 2024년 생산부 _ 우발사고 대비 계획서.xls",08_SQ심사,SQ 심사 자료,E:\SHINHWA\08_SQ심사\2024\01. 2024-01. 2024년 생산부 _ 우발사고 대비 계획서.xls,195,2024-06-13,이미 있음(동일)
"E:\SQ 심사 관련서류\6-1 안전관리 프로세스\5-9안전관리,환경안전\10. 비상계획\01. 2024-02. 2024년 생산부 _ 화재복구 메뉴얼.ppt",08_SQ심사,SQ 심사 자료,E:\SHINHWA\08_SQ심사\2024\01. 2024-02. 2024년 생산부 _ 화재복구 메뉴얼.ppt,1262,2024-06-13,이미 있음(동일)
"E:\SQ 심사 관련서류\6-1 안전관리 프로세스\5-9안전관리,환경안전\10. 비상계획\2024년 생산부 _ 우발사고 대비 계획서.xls",08_SQ심사,SQ 심사 자료,E:\SHINHWA\08_SQ심사\2024\2024년 생산부 _ 우발사고 대비 계획서.xls,149,2024-06-18,이미 있음(동일)
"E:\SQ 심사 관련서류\6-1 안전관리 프로세스\5-9안전관리,환경안전\10. 비상계획\4. 비상계획.ppt",08_SQ심사,SQ 심사 자료,E:\SHINHWA\08_SQ심사\2025\4. 비상계획.ppt,2221,2025-11-22,이미 있음(동일)
"E:\SQ 심사 관련서류\6-1 안전관리 프로세스\5-9안전관리,환경안전\10. 비상계획\비상대응시 지침서.pptx",08_SQ심사,SQ 심사 자료,E:\SHINHWA\08_SQ심사\2026\비상대응시 지침서.pptx,80,2026-04-24,이미 있음(동일)
"E:\SQ 심사 관련서류\6-1 안전관리 프로세스\5-9안전관리,환경안전\2.안전보건관리규정 절차.xlsx",08_SQ심사,SQ 심사 자료,E:\SHINHWA\08_SQ심사\2024\2.안전보건관리규정 절차.xlsx,348,2024-11-26,이미 있음(동일)
"E:\SQ 심사 관련서류\6-1 안전관리 프로세스\5-9안전관리,환경안전\3.안전보호장비 사용 기준서.xlsx",08_SQ심사,SQ 심사 자료,E:\SHINHWA\08_SQ심사\2025\3.안전보호장비 사용 기준서.xlsx,166,2025-11-22,이미 있음(동일)
"E:\SQ 심사 관련서류\6-1 안전관리 프로세스\5-9안전관리,환경안전\4.안전재고 운영 계획서.xlsx",08_SQ심사,SQ 심사 자료,E:\SHINHWA\08_SQ심사\2024\4.안전재고 운영 계획서.xlsx,27,2024-06-18,이미 있음(동일)
"E:\SQ 심사 관련서류\6-1 안전관리 프로세스\5-9안전관리,환경안전\6. 환경안전(완)\2023 ESG교육.xlsx",08_SQ심사,SQ 심사 자료,E:\SHINHWA\08_SQ심사\2024\2023 ESG교육.xlsx,4694,2024-06-16,이미 있음(동일)
"E:\SQ 심사 관련서류\6-1 안전관리 프로세스\5-9안전관리,환경안전\6. 환경안전(완)\2024 환경교육.xlsx",08_SQ심사,SQ 심사 자료,E:\SHINHWA\08_SQ심사\2024\2024 환경교육.xlsx,4695,2024-04-02,이미 있음(동일)
"E:\SQ 심사 관련서류\6-1 안전관리 프로세스\5-9안전관리,환경안전\6. 환경안전(완)\6환경안전방침관리.pptx",08_SQ심사,SQ 심사 자료,E:\SHINHWA\08_SQ심사\2024\6환경안전방침관리.pptx,167,2024-06-18,이미 있음(동일)
"E:\SQ 심사 관련서류\6-1 안전관리 프로세스\5-9안전관리,환경안전\6. 환경안전(완)\환경경영방침.pptx",08_SQ심사,SQ 심사 자료,E:\SHINHWA\08_SQ심사\2025\환경경영방침.pptx,112,2025-01-10,이미 있음(동일)
"E:\SQ 심사 관련서류\6-1 안전관리 프로세스\5-9안전관리,환경안전\6. 환경안전(완)\환경안전.pptx",08_SQ심사,SQ 심사 자료,E:\SHINHWA\08_SQ심사\2024\환경안전.pptx,307,2024-12-17,이미 있음(동일)
"E:\SQ 심사 관련서류\6-1 안전관리 프로세스\5-9안전관리,환경안전\7. MSDS\MSDS 교육자료\MSDS 필요성 및 활용방법.pdf",08_SQ심사,SQ 심사 자료,E:\SHINHWA\08_SQ심사\2024\MSDS 필요성 및 활용방법.pdf,1179,2024-06-13,이미 있음(동일)
"E:\SQ 심사 관련서류\6-1 안전관리 프로세스\5-9안전관리,환경안전\7. MSDS\MSDS 교육자료\MSDS_교육자료.ppt",08_SQ심사,SQ 심사 자료,E:\SHINHWA\08_SQ심사\2024\MSDS_교육자료.ppt,5962,2024-06-13,이미 있음(동일)
"E:\SQ 심사 관련서류\6-1 안전관리 프로세스\5-9안전관리,환경안전\7. MSDS\MSDS\ALMAREDGE 230K MSDS 23년.pdf",08_SQ심사,SQ 심사 자료,E:\SHINHWA\08_SQ심사\2023\ALMAREDGE 230K MSDS 23년.pdf,178,2023-11-24,이미 있음(동일)
"E:\SQ 심사 관련서류\6-1 안전관리 프로세스\5-9안전관리,환경안전\7. MSDS\MSDS\MSDS Korea Korean - MILFORM™ OAK DRAW™ 50HP_KOREA_210310.pdf",08_SQ심사,SQ 심사 자료,E:\SHINHWA\08_SQ심사\2023\MSDS Korea Korean - MILFORM™ OAK DRAW™ 50HP_KOREA_210310.pdf,315,2023-11-24,이미 있음(동일)
"E:\SQ 심사 관련서류\6-1 안전관리 프로세스\5-9안전관리,환경안전\7. MSDS\MSDS\MSDS Korea Korean - MILPRO® FORMER NB 20MR_KOREA_230922.pdf",08_SQ심사,SQ 심사 자료,E:\SHINHWA\08_SQ심사\2023\MSDS Korea Korean - MILPRO® FORMER NB 20MR_KOREA_230922.pdf,208,2023-11-24,이미 있음(동일)
"E:\SQ 심사 관련서류\6-1 안전관리 프로세스\5-9안전관리,환경안전\7. MSDS\MSDS\MSDS Korea Korean - MILPRO® MPC 68A_KOREA_220715_AA00636-0000000011 너트.pdf",08_SQ심사,SQ 심사 자료,E:\SHINHWA\08_SQ심사\2023\MSDS Korea Korean - MILPRO® MPC 68A_KOREA_220715_AA00636-0000000011 너트.pdf,573,2023-11-24,이미 있음(동일)
"E:\SQ 심사 관련서류\6-1 안전관리 프로세스\5-9안전관리,환경안전\7. MSDS\MSDS\MSDS Korea Korean - MILPRO® MPH 46_KOREA_211229 유압유.pdf",08_SQ심사,SQ 심사 자료,E:\SHINHWA\08_SQ심사\2023\MSDS Korea Korean - MILPRO® MPH 46_KOREA_211229 유압유.pdf,251,2023-11-24,이미 있음(동일)
"E:\SQ 심사 관련서류\6-1 안전관리 프로세스\5-9안전관리,환경안전\7. MSDS\MSDS\MSDS Korea Korean - MILPRO® Tapping 3M_KOREA_230919 (1).pdf",08_SQ심사,SQ 심사 자료,E:\SHINHWA\08_SQ심사\2023\MSDS Korea Korean - MILPRO® Tapping 3M_KOREA_230919 (1).pdf,195,2023-11-24,이미 있음(동일)
"E:\SQ 심사 관련서류\6-1 안전관리 프로세스\5-9안전관리,환경안전\7. MSDS\관리대장.xlsx",08_SQ심사,SQ 심사 자료,E:\SHINHWA\08_SQ심사\2024\관리대장.xlsx,51,2024-06-18,이미 있음(동일)
"E:\SQ 심사 관련서류\6-1 안전관리 프로세스\5-9안전관리,환경안전\7. MSDS\산업안전보건법(법률)(제19591호)(20240517).pdf",08_SQ심사,SQ 심사 자료,E:\SHINHWA\08_SQ심사\2024\산업안전보건법(법률)(제19591호)(20240517).pdf,106,2024-06-13,이미 있음(동일)
"E:\SQ 심사 관련서류\6-1 안전관리 프로세스\5-9안전관리,환경안전\8. 소방관리\(주)신화H&T 소화기 위치 표시 2024.04.02.xlsx",08_SQ심사,SQ 심사 자료,E:\SHINHWA\08_SQ심사\2024\(주)신화H&T 소화기 위치 표시 2024.04.02.xlsx,1008,2024-11-13,이미 있음(동일)
"E:\SQ 심사 관련서류\6-1 안전관리 프로세스\5-9안전관리,환경안전\8. 소방관리\비상대피로 및 소화기.pdf",08_SQ심사,SQ 심사 자료,E:\SHINHWA\08_SQ심사\2025\비상대피로 및 소화기.pdf,43,2025-04-28,이미 있음(동일)
"E:\SQ 심사 관련서류\6-1 안전관리 프로세스\5-9안전관리,환경안전\8. 소방관리\비상대피로 및 소화기.xlsx",08_SQ심사,SQ 심사 자료,E:\SHINHWA\08_SQ심사\2026\비상대피로 및 소화기.xlsx,374,2026-02-26,이미 있음(동일)
"E:\SQ 심사 관련서류\6-1 안전관리 프로세스\5-9안전관리,환경안전\8. 소방관리\비상대피로 및 소화기_260515.xlsx",08_SQ심사,SQ 심사 자료,E:\SHINHWA\08_SQ심사\2026\비상대피로 및 소화기_260515.xlsx,361,2026-05-15,이미 있음(동일)
"E:\SQ 심사 관련서류\6-1 안전관리 프로세스\5-9안전관리,환경안전\8. 소방관리\소방관리.pptx",08_SQ심사,SQ 심사 자료,E:\SHINHWA\08_SQ심사\2024\소방관리.pptx,3373,2024-06-18,이미 있음(동일)
"E:\SQ 심사 관련서류\6-1 안전관리 프로세스\5-9안전관리,환경안전\8. 소방관리\소방훈련교육 실시 결과 기록부 서식2024.hwp",08_SQ심사,SQ 심사 자료,E:\SHINHWA\08_SQ심사\2024\소방훈련교육 실시 결과 기록부 서식2024.hwp,1088,2024-12-09,이미 있음(동일)
"E:\SQ 심사 관련서류\6-1 안전관리 프로세스\5-9안전관리,환경안전\8. 소방관리\소방훈련교육 실시 결과 기록부 서식2025.hwp",08_SQ심사,SQ 심사 자료,E:\SHINHWA\08_SQ심사\2025\소방훈련교육 실시 결과 기록부 서식2025.hwp,3993,2025-12-18,이미 있음(동일)
"E:\SQ 심사 관련서류\6-1 안전관리 프로세스\5-9안전관리,환경안전\8. 소방관리\소방훈련교육 실시 결과서 서식2024.hwp",08_SQ심사,SQ 심사 자료,E:\SHINHWA\08_SQ심사\2025\소방훈련교육 실시 결과서 서식2024.hwp,84,2025-12-18,이미 있음(동일)
"E:\SQ 심사 관련서류\6-1 안전관리 프로세스\5-9안전관리,환경안전\8. 소방관리\소방훈련교육 실시 결과서 서식2025.hwp",08_SQ심사,SQ 심사 자료,E:\SHINHWA\08_SQ심사\2025\소방훈련교육 실시 결과서 서식2025.hwp,90,2025-12-18,이미 있음(동일)
"E:\SQ 심사 관련서류\6-1 안전관리 프로세스\5-9안전관리,환경안전\8. 소방관리\소화기 관리대장.xlsx",08_SQ심사,SQ 심사 자료,E:\SHINHWA\08_SQ심사\2026\소화기 관리대장.xlsx,14,2026-02-26,이미 있음(동일)
"E:\SQ 심사 관련서류\6-1 안전관리 프로세스\5-9안전관리,환경안전\8. 소방관리\소화기 점검표.hwp",08_SQ심사,SQ 심사 자료,E:\SHINHWA\08_SQ심사\2026\소화기 점검표.hwp,63,2026-01-12,이미 있음(동일)
"E:\SQ 심사 관련서류\6-1 안전관리 프로세스\5-9안전관리,환경안전\8. 소방관리\소화기.pdf",08_SQ심사,SQ 심사 자료,E:\SHINHWA\08_SQ심사\2024\소화기.pdf,323,2024-06-13,이미 있음(동일)
"E:\SQ 심사 관련서류\6-1 안전관리 프로세스\5-9안전관리,환경안전\넘어짐부딪힘 주의!(안전화).jpg",08_SQ심사,SQ 심사 자료,E:\SHINHWA\08_SQ심사\2021\넘어짐부딪힘 주의!(안전화).jpg,40802,2021-03-31,이미 있음(동일)
"E:\SQ 심사 관련서류\6-1 안전관리 프로세스\5-9안전관리,환경안전\설비점검 사고방지를 위한 업무 절차.xlsx",08_SQ심사,SQ 심사 자료,E:\SHINHWA\08_SQ심사\2024\설비점검 사고방지를 위한 업무 절차.xlsx,27,2024-06-18,이미 있음(동일)
"E:\SQ 심사 관련서류\6-1 안전관리 프로세스\5-9안전관리,환경안전\안전관리.pptx",08_SQ심사,SQ 심사 자료,E:\SHINHWA\08_SQ심사\2024\안전관리.pptx,5782,2024-11-26,이미 있음(동일)
"E:\SQ 심사 관련서류\6-1 안전관리 프로세스\5-9안전관리,환경안전\안전보건경영방침.pdf",08_SQ심사,SQ 심사 자료,E:\SHINHWA\08_SQ심사\2024\안전보건경영방침.pdf,1626,2024-12-26,이미 있음(동일)
"E:\SQ 심사 관련서류\6-1 안전관리 프로세스\5-9안전관리,환경안전\안전보건경영방침.pptx",08_SQ심사,SQ 심사 자료,E:\SHINHWA\08_SQ심사\2025\안전보건경영방침.pptx,108,2025-01-07,이미 있음(동일)
"E:\SQ 심사 관련서류\6-1 안전관리 프로세스\5-9안전관리,환경안전\안전보건관리규정.xlsx",08_SQ심사,SQ 심사 자료,E:\SHINHWA\08_SQ심사\2024\안전보건관리규정.xlsx,300,2024-04-17,이미 있음(동일)
"E:\SQ 심사 관련서류\6-1 안전관리 프로세스\5-9안전관리,환경안전\안전보건표지(NeW).pptx",08_SQ심사,SQ 심사 자료,E:\SHINHWA\08_SQ심사\2024\안전보건표지(NeW).pptx,13680,2024-11-25,이미 있음(동일)
"E:\SQ 심사 관련서류\6-1 안전관리 프로세스\5-9안전관리,환경안전\안전재고 운영 계획서.xlsx",08_SQ심사,SQ 심사 자료,E:\SHINHWA\08_SQ심사\2024\안전재고 운영 계획서.xlsx,27,2024-06-18,이미 있음(동일)
"E:\SQ 심사 관련서류\6-1 안전관리 프로세스\5-9안전관리,환경안전\절단베임찔림 주의!(보호장갑).jpg",08_SQ심사,SQ 심사 자료,E:\SHINHWA\08_SQ심사\2021\절단베임찔림 주의!(보호장갑).jpg,38330,2021-03-31,이미 있음(동일)
E:\SQ 심사 관련서류\6-10  재작업 업무 서류\재작업 업무 관리 기준.ppt,08_SQ심사,SQ 심사 자료,E:\SHINHWA\08_SQ심사\2026\재작업 업무 관리 기준.ppt,396,2026-05-27,이미 있음(동일)
E:\SQ 심사 관련서류\6-10  재작업 업무 서류\재작업 업무일지.xls,08_SQ심사,SQ 심사 자료,E:\SHINHWA\08_SQ심사\2026\재작업 업무일지.xls,3484,2026-05-27,이미 있음(동일)
E:\SQ 심사 관련서류\6-10  재작업 업무 서류\재작업 요령서.xls,08_SQ심사,SQ 심사 자료,E:\SHINHWA\08_SQ심사\2026\재작업 요령서.xls,8229,2026-05-27,이미 있음(동일)
E:\SQ 심사 관련서류\6-10 조도관리\조도관리 시트.xlsx,08_SQ심사,SQ 심사 자료,E:\SHINHWA\08_SQ심사\2026\조도관리 시트.xlsx,1419,2026-06-04,이미 있음(동일)
E:\SQ 심사 관련서류\6-13 정성품질\■정성품질접수대장 _26년.xlsx,08_SQ심사,SQ 심사 자료,E:\SHINHWA\08_SQ심사\2026\■정성품질접수대장 _26년.xlsx,13,2026-05-27,이미 있음(동일)
E:\SQ 심사 관련서류\6-13 정성품질\우수사원 포상제도 운영(안)_260526.hwp,08_SQ심사,SQ 심사 자료,E:\SHINHWA\08_SQ심사\2026\우수사원 포상제도 운영(안)_260526.hwp,44,2026-05-26,이미 있음(동일)
E:\SQ 심사 관련서류\6-13 정성품질\정성품질 운영관리_Rev.0_23-11-13 (1) - 복사본.pptx,08_SQ심사,SQ 심사 자료,E:\SHINHWA\08_SQ심사\2026\정성품질 운영관리_Rev.0_23-11-13 (1) - 복사본.pptx,2374,2026-05-18,이미 있음(동일)
E:\SQ 심사 관련서류\6-13 정성품질\정성품질 체크시트_260608.xlsx,08_SQ심사,SQ 심사 자료,E:\SHINHWA\08_SQ심사\2026\정성품질 체크시트_260608.xlsx,22,2026-06-08,이미 있음(동일)
E:\SQ 심사 관련서류\6-2 설계변경 4M 변경처리 업무절차\개정본\4M 관련 시트 변경관리 기준.xls,08_SQ심사,SQ 심사 자료,E:\SHINHWA\08_SQ심사\2026\4M 관련 시트 변경관리 기준.xls,3718,2026-06-06,이미 있음(동일)
E:\SQ 심사 관련서류\6-2 설계변경 4M 변경처리 업무절차\기존 자료\20260512_072008.zip,08_SQ심사,SQ 심사 자료,E:\SHINHWA\08_SQ심사\2026\20260512_072008.zip,741,2026-05-12,이미 있음(동일)
E:\SQ 심사 관련서류\6-2 설계변경 4M 변경처리 업무절차\기존 자료\4M 변경 승인절차 및 PROCESS.ppt,08_SQ심사,SQ 심사 자료,E:\SHINHWA\08_SQ심사\2026\4M 변경 승인절차 및 PROCESS.ppt,556,2026-05-12,이미 있음(동일)
E:\SQ 심사 관련서류\6-2 설계변경 4M 변경처리 업무절차\기존 자료\■ISIR & 4M_이력관리대장_250702.xlsx,08_SQ심사,SQ 심사 자료,E:\SHINHWA\08_SQ심사\2026\■ISIR & 4M_이력관리대장_250702.xlsx,454,2026-05-27,이미 있음(동일)
E:\SQ 심사 관련서류\6-3  도면 일치성 관리 기준서\도면일치성 관리기준.xlsx,08_SQ심사,SQ 심사 자료,E:\SHINHWA\08_SQ심사\2026\도면일치성 관리기준.xlsx,46,2026-06-13,이미 있음(동일)
E:\SQ 심사 관련서류\6-3  도면 일치성 관리 기준서\도면일치성 관리기준.xlsx 2.ppt,08_SQ심사,SQ 심사 자료,E:\SHINHWA\08_SQ심사\2026\도면일치성 관리기준.xlsx 2.ppt,3226,2026-06-13,이미 있음(동일)
E:\SQ 심사 관련서류\6-5 자격인증 관리기준 수립및 준수 상태\1. 검사구 & 마운틴지그 이력 및 점검시트 _Rev.1-완료.xls,08_SQ심사,SQ 심사 자료,E:\SHINHWA\08_SQ심사\2023\1. 검사구 & 마운틴지그 이력 및 점검시트 _Rev.1-완료.xls,50393,2023-11-06,이미 있음(동일)
E:\SQ 심사 관련서류\6-5 자격인증 관리기준 수립및 준수 상태\2023년9월_교정대상목록.xlsx,08_SQ심사,SQ 심사 자료,E:\SHINHWA\08_SQ심사\2023\2023년9월_교정대상목록.xlsx,10,2023-07-19,이미 있음(동일)
E:\SQ 심사 관련서류\6-5 자격인증 관리기준 수립및 준수 상태\2024 GAUGE R&R_평가계획및시트.xls,08_SQ심사,SQ 심사 자료,E:\SHINHWA\08_SQ심사\2024\2024 GAUGE R&R_평가계획및시트.xls,7553,2024-10-03,이미 있음(동일)
E:\SQ 심사 관련서류\6-5 자격인증 관리기준 수립및 준수 상태\2025 GAUGE R&R_평가계획및시트.xls,08_SQ심사,SQ 심사 자료,E:\SHINHWA\08_SQ심사\2026\2025 GAUGE R&R_평가계획및시트.xls,7512,2026-05-27,복사 → E:\SHINHWA\08_SQ심사\2026\2025 GAUGE R&R_평가계획및시트_v2.xls
E:\SQ 심사 관련서류\6-5 자격인증 관리기준 수립및 준수 상태\23계측기 검교정 성적서\23-10045.zip,08_SQ심사,SQ 심사 자료,E:\SHINHWA\08_SQ심사\2023\23-10045.zip,3933,2023-10-10,이미 있음(동일)
E:\SQ 심사 관련서류\6-5 자격인증 관리기준 수립및 준수 상태\23계측기 검교정 성적서\23-10045\23-10045-1.pdf,08_SQ심사,SQ 심사 자료,E:\SHINHWA\08_SQ심사\2023\23-10045-1.pdf,199,2023-09-08,이미 있음(동일)
E:\SQ 심사 관련서류\6-5 자격인증 관리기준 수립및 준수 상태\23계측기 검교정 성적서\23-10045\23-10045-10.pdf,08_SQ심사,SQ 심사 자료,E:\SHINHWA\08_SQ심사\2023\23-10045-10.pdf,203,2023-09-08,이미 있음(동일)
E:\SQ 심사 관련서류\6-5 자격인증 관리기준 수립및 준수 상태\23계측기 검교정 성적서\23-10045\23-10045-11.pdf,08_SQ심사,SQ 심사 자료,E:\SHINHWA\08_SQ심사\2023\23-10045-11.pdf,200,2023-09-08,이미 있음(동일)
E:\SQ 심사 관련서류\6-5 자격인증 관리기준 수립및 준수 상태\23계측기 검교정 성적서\23-10045\23-10045-12.pdf,08_SQ심사,SQ 심사 자료,E:\SHINHWA\08_SQ심사\2023\23-10045-12.pdf,200,2023-09-08,이미 있음(동일)
E:\SQ 심사 관련서류\6-5 자격인증 관리기준 수립및 준수 상태\23계측기 검교정 성적서\23-10045\23-10045-13.pdf,08_SQ심사,SQ 심사 자료,E:\SHINHWA\08_SQ심사\2023\23-10045-13.pdf,200,2023-09-08,이미 있음(동일)
E:\SQ 심사 관련서류\6-5 자격인증 관리기준 수립및 준수 상태\23계측기 검교정 성적서\23-10045\23-10045-14.pdf,08_SQ심사,SQ 심사 자료,E:\SHINHWA\08_SQ심사\2023\23-10045-14.pdf,200,2023-09-08,이미 있음(동일)
E:\SQ 심사 관련서류\6-5 자격인증 관리기준 수립및 준수 상태\23계측기 검교정 성적서\23-10045\23-10045-15.pdf,08_SQ심사,SQ 심사 자료,E:\SHINHWA\08_SQ심사\2023\23-10045-15.pdf,200,2023-09-08,이미 있음(동일)
E:\SQ 심사 관련서류\6-5 자격인증 관리기준 수립및 준수 상태\23계측기 검교정 성적서\23-10045\23-10045-16.pdf,08_SQ심사,SQ 심사 자료,E:\SHINHWA\08_SQ심사\2023\23-10045-16.pdf,200,2023-09-08,이미 있음(동일)
E:\SQ 심사 관련서류\6-5 자격인증 관리기준 수립및 준수 상태\23계측기 검교정 성적서\23-10045\23-10045-17.pdf,08_SQ심사,SQ 심사 자료,E:\SHINHWA\08_SQ심사\2023\23-10045-17.pdf,200,2023-09-08,이미 있음(동일)
E:\SQ 심사 관련서류\6-5 자격인증 관리기준 수립및 준수 상태\23계측기 검교정 성적서\23-10045\23-10045-18.pdf,08_SQ심사,SQ 심사 자료,E:\SHINHWA\08_SQ심사\2023\23-10045-18.pdf,247,2023-09-08,이미 있음(동일)
E:\SQ 심사 관련서류\6-5 자격인증 관리기준 수립및 준수 상태\23계측기 검교정 성적서\23-10045\23-10045-19.pdf,08_SQ심사,SQ 심사 자료,E:\SHINHWA\08_SQ심사\2023\23-10045-19.pdf,273,2023-09-08,이미 있음(동일)
E:\SQ 심사 관련서류\6-5 자격인증 관리기준 수립및 준수 상태\23계측기 검교정 성적서\23-10045\23-10045-2.pdf,08_SQ심사,SQ 심사 자료,E:\SHINHWA\08_SQ심사\2023\23-10045-2.pdf,200,2023-09-08,이미 있음(동일)
E:\SQ 심사 관련서류\6-5 자격인증 관리기준 수립및 준수 상태\23계측기 검교정 성적서\23-10045\23-10045-3.pdf,08_SQ심사,SQ 심사 자료,E:\SHINHWA\08_SQ심사\2023\23-10045-3.pdf,200,2023-09-08,이미 있음(동일)
E:\SQ 심사 관련서류\6-5 자격인증 관리기준 수립및 준수 상태\23계측기 검교정 성적서\23-10045\23-10045-4.pdf,08_SQ심사,SQ 심사 자료,E:\SHINHWA\08_SQ심사\2023\23-10045-4.pdf,200,2023-09-08,이미 있음(동일)
E:\SQ 심사 관련서류\6-5 자격인증 관리기준 수립및 준수 상태\23계측기 검교정 성적서\23-10045\23-10045-5.pdf,08_SQ심사,SQ 심사 자료,E:\SHINHWA\08_SQ심사\2023\23-10045-5.pdf,200,2023-09-08,이미 있음(동일)
E:\SQ 심사 관련서류\6-5 자격인증 관리기준 수립및 준수 상태\23계측기 검교정 성적서\23-10045\23-10045-6.pdf,08_SQ심사,SQ 심사 자료,E:\SHINHWA\08_SQ심사\2023\23-10045-6.pdf,200,2023-09-08,이미 있음(동일)
E:\SQ 심사 관련서류\6-5 자격인증 관리기준 수립및 준수 상태\23계측기 검교정 성적서\23-10045\23-10045-7.pdf,08_SQ심사,SQ 심사 자료,E:\SHINHWA\08_SQ심사\2023\23-10045-7.pdf,202,2023-09-08,이미 있음(동일)
E:\SQ 심사 관련서류\6-5 자격인증 관리기준 수립및 준수 상태\23계측기 검교정 성적서\23-10045\23-10045-8.pdf,08_SQ심사,SQ 심사 자료,E:\SHINHWA\08_SQ심사\2023\23-10045-8.pdf,200,2023-09-08,이미 있음(동일)
E:\SQ 심사 관련서류\6-5 자격인증 관리기준 수립및 준수 상태\23계측기 검교정 성적서\23-10045\23-10045-9.pdf,08_SQ심사,SQ 심사 자료,E:\SHINHWA\08_SQ심사\2023\23-10045-9.pdf,200,2023-09-08,이미 있음(동일)
E:\SQ 심사 관련서류\6-5 자격인증 관리기준 수립및 준수 상태\23계측기 검교정 성적서\23-10075.zip,08_SQ심사,SQ 심사 자료,E:\SHINHWA\08_SQ심사\2023\23-10075.zip,491,2023-10-10,이미 있음(동일)
E:\SQ 심사 관련서류\6-5 자격인증 관리기준 수립및 준수 상태\23계측기 검교정 성적서\23-10075\23-10075-1.pdf,08_SQ심사,SQ 심사 자료,E:\SHINHWA\08_SQ심사\2023\23-10075-1.pdf,256,2023-09-08,이미 있음(동일)
E:\SQ 심사 관련서류\6-5 자격인증 관리기준 수립및 준수 상태\23계측기 검교정 성적서\23-10075\23-10075-2.pdf,08_SQ심사,SQ 심사 자료,E:\SHINHWA\08_SQ심사\2023\23-10075-2.pdf,234,2023-09-19,이미 있음(동일)
E:\SQ 심사 관련서류\6-5 자격인증 관리기준 수립및 준수 상태\23계측기 검교정 성적서\23-10829.zip,08_SQ심사,SQ 심사 자료,E:\SHINHWA\08_SQ심사\2023\23-10829.zip,236,2023-10-10,이미 있음(동일)
E:\SQ 심사 관련서류\6-5 자격인증 관리기준 수립및 준수 상태\23계측기 검교정 성적서\23-10829\23-10829-1.pdf,08_SQ심사,SQ 심사 자료,E:\SHINHWA\08_SQ심사\2023\23-10829-1.pdf,236,2023-10-05,이미 있음(동일)
E:\SQ 심사 관련서류\6-5 자격인증 관리기준 수립및 준수 상태\2계측기이력카드(2024년).xls,08_SQ심사,SQ 심사 자료,E:\SHINHWA\08_SQ심사\2025\2계측기이력카드(2024년).xls,4893,2025-02-17,이미 있음(동일)
E:\SQ 심사 관련서류\6-5 자격인증 관리기준 수립및 준수 상태\2계측기이력카드(2025년).xls,08_SQ심사,SQ 심사 자료,E:\SHINHWA\08_SQ심사\2025\2계측기이력카드(2025년).xls,41239,2025-11-09,이미 있음(동일)
E:\SQ 심사 관련서류\6-5 자격인증 관리기준 수립및 준수 상태\2계측기이력카드.xls,08_SQ심사,SQ 심사 자료,E:\SHINHWA\08_SQ심사\2024\2계측기이력카드.xls,3414,2024-10-03,이미 있음(동일)
E:\SQ 심사 관련서류\6-5 자격인증 관리기준 수립및 준수 상태\3차원 측정 검교정 자료\240502-(주)신화에이치엔티(천안)-Discory12-Servicereport.pdf,08_SQ심사,SQ 심사 자료,E:\SHINHWA\08_SQ심사\2025\240502-(주)신화에이치엔티(천안)-Discory12-Servicereport.pdf,805,2025-02-12,이미 있음(동일)
E:\SQ 심사 관련서류\6-5 자격인증 관리기준 수립및 준수 상태\3차원 측정 검교정 자료\240502-(주)신화에이치엔티(천안)-Discory12.pdf,08_SQ심사,SQ 심사 자료,E:\SHINHWA\08_SQ심사\2025\240502-(주)신화에이치엔티(천안)-Discory12.pdf,387,2025-02-12,이미 있음(동일)
E:\SQ 심사 관련서류\6-5 자격인증 관리기준 수립및 준수 상태\● 3. 교정지그 관리대장 (지그부착).xlsx,08_SQ심사,SQ 심사 자료,E:\SHINHWA\08_SQ심사\2023\● 3. 교정지그 관리대장 (지그부착).xlsx,22346,2023-12-07,이미 있음(동일)
E:\SQ 심사 관련서류\6-5 자격인증 관리기준 수립및 준수 상태\계측기 FILE 목록.xlsx,08_SQ심사,SQ 심사 자료,E:\SHINHWA\08_SQ심사\2024\계측기 FILE 목록.xlsx,12,2024-10-04,이미 있음(동일)
E:\SQ 심사 관련서류\6-5 자격인증 관리기준 수립및 준수 상태\계측기 검교정 계획서(2024년).xls,08_SQ심사,SQ 심사 자료,E:\SHINHWA\08_SQ심사\2024\계측기 검교정 계획서(2024년).xls,334,2024-10-11,이미 있음(동일)
E:\SQ 심사 관련서류\6-5 자격인증 관리기준 수립및 준수 상태\계측기 검교정 계획서(2025년).xls,08_SQ심사,SQ 심사 자료,E:\SHINHWA\08_SQ심사\2025\계측기 검교정 계획서(2025년).xls,396,2025-11-17,이미 있음(동일)
E:\SQ 심사 관련서류\6-5 자격인증 관리기준 수립및 준수 상태\계측기관리규정.xls,08_SQ심사,SQ 심사 자료,E:\SHINHWA\08_SQ심사\2024\계측기관리규정.xls,328,2024-07-03,이미 있음(동일)
E:\SQ 심사 관련서류\6-5 자격인증 관리기준 수립및 준수 상태\계측기관리대장 (2024년).xls,08_SQ심사,SQ 심사 자료,E:\SHINHWA\08_SQ심사\2024\계측기관리대장 (2024년).xls,735,2024-12-14,이미 있음(동일)
E:\SQ 심사 관련서류\6-5 자격인증 관리기준 수립및 준수 상태\계측기관리대장 (2025년).xls,08_SQ심사,SQ 심사 자료,E:\SHINHWA\08_SQ심사\2025\계측기관리대장 (2025년).xls,876,2025-11-21,이미 있음(동일)
E:\SQ 심사 관련서류\6-5 자격인증 관리기준 수립및 준수 상태\두께게이지 측정.xlsx,08_SQ심사,SQ 심사 자료,E:\SHINHWA\08_SQ심사\2024\두께게이지 측정.xlsx,360,2024-12-03,이미 있음(동일)
E:\SQ 심사 관련서류\6-5 자격인증 관리기준 수립및 준수 상태\시험장비 의뢰기관.xlsx,08_SQ심사,SQ 심사 자료,E:\SHINHWA\08_SQ심사\2024\시험장비 의뢰기관.xlsx,37,2024-03-20,이미 있음(동일)
E:\SQ 심사 관련서류\6-5 자격인증 관리기준 수립및 준수 상태\자격인증 관련서류 개정본\2025년 작업자 LEVEL 평가.xlsx,08_SQ심사,SQ 심사 자료,E:\SHINHWA\08_SQ심사\2026\2025년 작업자 LEVEL 평가.xlsx,1141,2026-07-06,이미 있음(동일)
E:\SQ 심사 관련서류\6-5 자격인증 관리기준 수립및 준수 상태\자격인증 관련서류 개정본\자격인증 기준 개정본.xls.xls,08_SQ심사,SQ 심사 자료,E:\SHINHWA\08_SQ심사\2026\자격인증 기준 개정본.xls.xls,11161,2026-06-25,이미 있음(동일)
E:\SQ 심사 관련서류\6-5 자격인증 관리기준 수립및 준수 상태\자격인증 관련서류 개정본\품질관리 기본 교육.ppt,08_SQ심사,SQ 심사 자료,E:\SHINHWA\08_SQ심사\2026\품질관리 기본 교육.ppt,2398,2026-06-01,이미 있음(동일)
E:\SQ 심사 관련서류\6-5 자격인증 관리기준 수립및 준수 상태\측정실 측정기구 LIST.xlsx,08_SQ심사,SQ 심사 자료,E:\SHINHWA\08_SQ심사\2024\측정실 측정기구 LIST.xlsx,2604,2024-04-04,이미 있음(동일)
E:\SQ 심사 관련서류\6-5 자격인증 관리기준 수립및 준수 상태\측정장비 보유현황1.xls,08_SQ심사,SQ 심사 자료,E:\SHINHWA\08_SQ심사\2024\측정장비 보유현황1.xls,122,2024-03-20,이미 있음(동일)
E:\SQ 심사 관련서류\6-5 자격인증 관리기준 수립및 준수 상태\측정장비 장비 이상발생시 FLOW.xlsx,08_SQ심사,SQ 심사 자료,E:\SHINHWA\08_SQ심사\2023\측정장비 장비 이상발생시 FLOW.xlsx,934,2023-11-06,이미 있음(동일)
E:\SQ 심사 관련서류\6-6  정기적 품질 교육\SQ_교육교안_리콜캠페인 PPT.pptx,08_SQ심사,SQ 심사 자료,E:\SHINHWA\08_SQ심사\2026\SQ_교육교안_리콜캠페인 PPT.pptx,13927,2026-06-27,이미 있음(동일)
E:\SQ 심사 관련서류\6-6  정기적 품질 교육\품질관리 교육실적표.xlsx,08_SQ심사,SQ 심사 자료,E:\SHINHWA\08_SQ심사\2026\품질관리 교육실적표.xlsx,2702,2026-06-27,이미 있음(동일)
E:\SQ 심사 관련서류\6-7 부적합품 처리 프로스세\6.■부적합품처리절차_Rev.0_0808.xlsx,08_SQ심사,SQ 심사 자료,E:\SHINHWA\08_SQ심사\2026\6.■부적합품처리절차_Rev.0_0808.xlsx,419,2026-06-20,이미 있음(동일)
E:\SQ 심사 관련서류\6-8 품질실적자료\2025년품질 성과보고서_최종.pptx,08_SQ심사,SQ 심사 자료,E:\SHINHWA\08_SQ심사\2026\2025년품질 성과보고서_최종.pptx,4673,2026-06-08,이미 있음(동일)
E:\SQ 심사 관련서류\6-9 3정5행 평가 개정본\3정5행 관련서류\3정5S 추진 방향 25년도.ppt,08_SQ심사,SQ 심사 자료,E:\SHINHWA\08_SQ심사\2026\3정5S 추진 방향 25년도.ppt,956,2026-06-04,이미 있음(동일)
E:\SQ 심사 관련서류\6-9 3정5행 평가 개정본\3정5행 관련서류\3정5행 실적.xls.xlsx,08_SQ심사,SQ 심사 자료,E:\SHINHWA\08_SQ심사\2026\3정5행 실적.xls.xlsx,3811,2026-06-04,이미 있음(동일)
E:\SQ 심사 관련서류\지빠귀\관리계획서\JX1\7.0_PLFA1A8L9SAA03-00_관리계획서.xlsx,08_SQ심사,SQ 심사 자료,E:\SHINHWA\08_SQ심사\2026\7.0_PLFA1A8L9SAA03-00_관리계획서.xlsx,122,2026-05-18,이미 있음(동일)
E:\SQ 심사 관련서류\지빠귀\관리계획서\JX1\7.0_PLFA1A8L9SAB03-00_관리계획서.xlsx,08_SQ심사,SQ 심사 자료,E:\SHINHWA\08_SQ심사\2026\7.0_PLFA1A8L9SAB03-00_관리계획서.xlsx,123,2026-05-18,이미 있음(동일)
E:\SQ 심사 관련서류\지빠귀\관리계획서\JX1\7.0_PLFA1A8L9SBA01-00_관리계획서.xlsx,08_SQ심사,SQ 심사 자료,E:\SHINHWA\08_SQ심사\2026\7.0_PLFA1A8L9SBA01-00_관리계획서.xlsx,122,2026-05-18,이미 있음(동일)
E:\SQ 심사 관련서류\지빠귀\관리계획서\NEaW\7.0_FA1A8HEAAA03_관리계획서.xlsx,08_SQ심사,SQ 심사 자료,E:\SHINHWA\08_SQ심사\2026\7.0_FA1A8HEAAA03_관리계획서.xlsx,123,2026-05-18,이미 있음(동일)
E:\SQ 심사 관련서류\지빠귀\관리계획서\NEaW\7.0_FA1A8HEAMA01_관리계획서.xlsx,08_SQ심사,SQ 심사 자료,E:\SHINHWA\08_SQ심사\2026\7.0_FA1A8HEAMA01_관리계획서.xlsx,114,2026-05-18,이미 있음(동일)
E:\SQ 심사 관련서류\지빠귀\관리계획서\NEaW\7.0_FA1A8HEAMB01_관리계획서.xlsx,08_SQ심사,SQ 심사 자료,E:\SHINHWA\08_SQ심사\2026\7.0_FA1A8HEAMB01_관리계획서.xlsx,118,2026-05-18,이미 있음(동일)
E:\SQ 심사 관련서류\지빠귀\관리계획서\NEaW\7.0_FA1A8HEAMC01_관리계획서.xlsx,08_SQ심사,SQ 심사 자료,E:\SHINHWA\08_SQ심사\2026\7.0_FA1A8HEAMC01_관리계획서.xlsx,112,2026-05-18,이미 있음(동일)
E:\SQ 심사 관련서류\지빠귀\관리계획서\NEaW\7.0_FA1A8HEAMD01_관리계획서.xlsx,08_SQ심사,SQ 심사 자료,E:\SHINHWA\08_SQ심사\2026\7.0_FA1A8HEAMD01_관리계획서.xlsx,121,2026-05-18,이미 있음(동일)
E:\SQ 심사 관련서류\지빠귀\관리계획서\RG3\7.0_PLFA1A8HRAAC01_관리계획서.xlsx,08_SQ심사,SQ 심사 자료,E:\SHINHWA\08_SQ심사\2026\7.0_PLFA1A8HRAAC01_관리계획서.xlsx,122,2026-05-18,이미 있음(동일)
E:\SQ 심사 관련서류\지빠귀\관리계획서\RG3\7.0_PLFA1A8HRAAD01_관리계획서.xlsx,08_SQ심사,SQ 심사 자료,E:\SHINHWA\08_SQ심사\2026\7.0_PLFA1A8HRAAD01_관리계획서.xlsx,121,2026-05-18,이미 있음(동일)
E:\SQ 심사 관련서류\지빠귀\자격인증\10 ■내부 심사원 자격인증서_.xlsx,08_SQ심사,SQ 심사 자료,E:\SHINHWA\08_SQ심사\2026\10 ■내부 심사원 자격인증서_.xlsx,616,2026-05-18,이미 있음(동일)
E:\SQ 심사 관련서류\지빠귀\자격인증\11.■자격인증 평가계획실적_Rev.1_2506.xlsx,08_SQ심사,SQ 심사 자료,E:\SHINHWA\08_SQ심사\2026\11.■자격인증 평가계획실적_Rev.1_2506.xlsx,138,2026-05-18,이미 있음(동일)
E:\SQ 심사 관련서류\지빠귀\자격인증\20240802(계수형)\R&R 계수형 검사시트.pdf,08_SQ심사,SQ 심사 자료,E:\SHINHWA\08_SQ심사\2026\R&R 계수형 검사시트.pdf,420,2026-05-18,이미 있음(동일)
E:\SQ 심사 관련서류\지빠귀\자격인증\20240802(계수형)\R&R 계수형 정답지.pdf,08_SQ심사,SQ 심사 자료,E:\SHINHWA\08_SQ심사\2026\R&R 계수형 정답지.pdf,375,2026-05-18,이미 있음(동일)
E:\SQ 심사 관련서류\지빠귀\자격인증\20240802(계수형)\교육자료(검사원).pdf,08_SQ심사,SQ 심사 자료,E:\SHINHWA\08_SQ심사\2026\교육자료(검사원).pdf,194,2026-05-18,이미 있음(동일)
E:\SQ 심사 관련서류\지빠귀\자격인증\2025년(계량형)\2024 GAUGE R&R_평가계획및시트(1).xls,08_SQ심사,SQ 심사 자료,E:\SHINHWA\08_SQ심사\2026\2024 GAUGE R&R_평가계획및시트(1).xls,6624,2026-05-18,이미 있음(동일)
E:\SQ 심사 관련서류\지빠귀\자격인증\2025년(계량형)\2024 GAUGE R&R_평가계획및시트(2).xls,08_SQ심사,SQ 심사 자료,E:\SHINHWA\08_SQ심사\2026\2024 GAUGE R&R_평가계획및시트(2).xls,6223,2026-05-18,이미 있음(동일)
E:\SQ 심사 관련서류\지빠귀\자격인증\2025년(계량형)\2024 GAUGE R&R_평가계획및시트(3).xls,08_SQ심사,SQ 심사 자료,E:\SHINHWA\08_SQ심사\2026\2024 GAUGE R&R_평가계획및시트(3).xls,6894,2026-05-18,이미 있음(동일)
E:\SQ 심사 관련서류\지빠귀\자격인증\2025년(계량형)\2024 GAUGE R&R_평가계획및시트.xls,08_SQ심사,SQ 심사 자료,E:\SHINHWA\08_SQ심사\2026\2024 GAUGE R&R_평가계획및시트.xls,7166,2026-05-18,복사 → E:\SHINHWA\08_SQ심사\2026\2024 GAUGE R&R_평가계획및시트_v2.xls
E:\SQ 심사 관련서류\지빠귀\자격인증\2025년(계량형)\2025 GAUGE R&R_평가계획및시트.xls,08_SQ심사,SQ 심사 자료,E:\SHINHWA\08_SQ심사\2026\2025 GAUGE R&R_평가계획및시트.xls,7387,2026-05-18,복사 → E:\SHINHWA\08_SQ심사\2026\2025 GAUGE R&R_평가계획및시트_v3.xls
E:\SQ 심사 관련서류\지빠귀\자격인증\2025년(계량형)\Gage R&R (계량형)-250602(1).xlsx,08_SQ심사,SQ 심사 자료,E:\SHINHWA\08_SQ심사\2026\Gage R&R (계량형)-250602(1).xlsx,154,2026-05-18,이미 있음(동일)
E:\SQ 심사 관련서류\지빠귀\자격인증\2025년(계량형)\■2025년 게이지 RR_실적(1).xlsx,08_SQ심사,SQ 심사 자료,E:\SHINHWA\08_SQ심사\2026\■2025년 게이지 RR_실적(1).xlsx,329,2026-05-18,이미 있음(동일)
E:\SQ 심사 관련서류\지빠귀\자격인증\2025년(계량형)\■2025년 게이지 RR_실적(2).xlsx,08_SQ심사,SQ 심사 자료,E:\SHINHWA\08_SQ심사\2026\■2025년 게이지 RR_실적(2).xlsx,190,2026-05-18,이미 있음(동일)
E:\SQ 심사 관련서류\지빠귀\자격인증\2025년(계량형)\계량형 GAGE R&R 평가 계획서(2024년).xlsx,08_SQ심사,SQ 심사 자료,E:\SHINHWA\08_SQ심사\2026\계량형 GAGE R&R 평가 계획서(2024년).xlsx,117,2026-05-18,이미 있음(동일)
E:\SQ 심사 관련서류\지빠귀\자격인증\2025년(계량형)\계량형 GAGE R&R 평가 계획서(2025년) - 복사본.xlsx,08_SQ심사,SQ 심사 자료,E:\SHINHWA\08_SQ심사\2026\계량형 GAGE R&R 평가 계획서(2025년) - 복사본.xlsx,61,2026-05-18,이미 있음(동일)
E:\SQ 심사 관련서류\지빠귀\자격인증\2025년(계량형)\계량형 GAGE R&R 평가 계획서(2025년).xlsx,08_SQ심사,SQ 심사 자료,E:\SHINHWA\08_SQ심사\2026\계량형 GAGE R&R 평가 계획서(2025년).xlsx,123,2026-05-18,이미 있음(동일)
E:\SQ 심사 관련서류\지빠귀\자격인증\2025년(계량형)\계량형(계수형) GAGE R&R 평가시트.xlsx,08_SQ심사,SQ 심사 자료,E:\SHINHWA\08_SQ심사\2026\계량형(계수형) GAGE R&R 평가시트.xlsx,15,2026-05-18,이미 있음(동일)
E:\SQ 심사 관련서류\지빠귀\자격인증\2025년(계수형)\2024 GAUGE R&R_평가계획및시트(1).xls,08_SQ심사,SQ 심사 자료,E:\SHINHWA\08_SQ심사\2026\2024 GAUGE R&R_평가계획및시트(1).xls,6623,2026-05-18,복사 → E:\SHINHWA\08_SQ심사\2026\2024 GAUGE R&R_평가계획및시트(1)_v2.xls
E:\SQ 심사 관련서류\지빠귀\자격인증\2025년(계수형)\2024 GAUGE R&R_평가계획및시트(2).xls,08_SQ심사,SQ 심사 자료,E:\SHINHWA\08_SQ심사\2026\2024 GAUGE R&R_평가계획및시트(2).xls,6223,2026-05-18,복사 → E:\SHINHWA\08_SQ심사\2026\2024 GAUGE R&R_평가계획및시트(2)_v2.xls
E:\SQ 심사 관련서류\지빠귀\자격인증\2025년(계수형)\2024 GAUGE R&R_평가계획및시트.xls,08_SQ심사,SQ 심사 자료,E:\SHINHWA\08_SQ심사\2026\2024 GAUGE R&R_평가계획및시트.xls,7638,2026-05-18,복사 → E:\SHINHWA\08_SQ심사\2026\2024 GAUGE R&R_평가계획및시트_v3.xls
E:\SQ 심사 관련서류\지빠귀\자격인증\2025년(계수형)\Gage R&R (계량형)-예.xls,08_SQ심사,SQ 심사 자료,E:\SHINHWA\08_SQ심사\2026\Gage R&R (계량형)-예.xls,171,2026-05-18,이미 있음(동일)
E:\SQ 심사 관련서류\지빠귀\자격인증\2025년(계수형)\Gage R&R (계수형)-230410-A.xlsx,08_SQ심사,SQ 심사 자료,E:\SHINHWA\08_SQ심사\2026\Gage R&R (계수형)-230410-A.xlsx,360,2026-05-18,이미 있음(동일)
E:\SQ 심사 관련서류\지빠귀\자격인증\2025년(계수형)\Gage R&R (계수형)-231030-A.xlsx,08_SQ심사,SQ 심사 자료,E:\SHINHWA\08_SQ심사\2026\Gage R&R (계수형)-231030-A.xlsx,114,2026-05-18,이미 있음(동일)
E:\SQ 심사 관련서류\지빠귀\자격인증\2025년(계수형)\Gage R&R (계수형)-231030-B.xlsx,08_SQ심사,SQ 심사 자료,E:\SHINHWA\08_SQ심사\2026\Gage R&R (계수형)-231030-B.xlsx,116,2026-05-18,이미 있음(동일)
E:\SQ 심사 관련서류\지빠귀\자격인증\2025년(계수형)\Gage R&R (계수형)-240119-B -.xlsx,08_SQ심사,SQ 심사 자료,E:\SHINHWA\08_SQ심사\2026\Gage R&R (계수형)-240119-B -.xlsx,116,2026-05-18,이미 있음(동일)
E:\SQ 심사 관련서류\지빠귀\자격인증\2025년(계수형)\Gage R&R (계수형)-250602(2).xlsx,08_SQ심사,SQ 심사 자료,E:\SHINHWA\08_SQ심사\2026\Gage R&R (계수형)-250602(2).xlsx,155,2026-05-18,이미 있음(동일)
E:\SQ 심사 관련서류\지빠귀\자격인증\2025년(계수형)\Gage R&R (계수형)-250602.xlsx,08_SQ심사,SQ 심사 자료,E:\SHINHWA\08_SQ심사\2026\Gage R&R (계수형)-250602.xlsx,155,2026-05-18,이미 있음(동일)
E:\SQ 심사 관련서류\지빠귀\자격인증\2025년(계수형)\Gage R&R (계수형)-예.xls,08_SQ심사,SQ 심사 자료,E:\SHINHWA\08_SQ심사\2026\Gage R&R (계수형)-예.xls,1076,2026-05-18,이미 있음(동일)
E:\SQ 심사 관련서류\지빠귀\자격인증\2025년(계수형)\계량형 GAGE R&R 평가 계획서(2024년).xlsx,08_SQ심사,SQ 심사 자료,E:\SHINHWA\08_SQ심사\2026\계량형 GAGE R&R 평가 계획서(2024년).xlsx,187,2026-05-18,복사 → E:\SHINHWA\08_SQ심사\2026\계량형 GAGE R&R 평가 계획서(2024년)_v2.xlsx
E:\SQ 심사 관련서류\지빠귀\자격인증\2025년(계수형)\계량형 GAGE R&R 평가 계획서(2025년).xlsx,08_SQ심사,SQ 심사 자료,E:\SHINHWA\08_SQ심사\2026\계량형 GAGE R&R 평가 계획서(2025년).xlsx,49,2026-05-18,복사 → E:\SHINHWA\08_SQ심사\2026\계량형 GAGE R&R 평가 계획서(2025년)_v2.xlsx
E:\SQ 심사 관련서류\지빠귀\자격인증\2025년(계수형)\계수형 GAGE R&R 평가 계획서(2025년).pdf,08_SQ심사,SQ 심사 자료,E:\SHINHWA\08_SQ심사\2026\계수형 GAGE R&R 평가 계획서(2025년).pdf,70,2026-05-18,이미 있음(동일)
E:\SQ 심사 관련서류\지빠귀\자격인증\2025년(계수형)\계수형 GAGE R&R 평가 계획서(2025년).xlsx,08_SQ심사,SQ 심사 자료,E:\SHINHWA\08_SQ심사\2026\계수형 GAGE R&R 평가 계획서(2025년).xlsx,61,2026-05-18,이미 있음(동일)
E:\SQ 심사 관련서류\지빠귀\자격인증\8.■검사원등록대장_Rev.1_2608.xlsx,08_SQ심사,SQ 심사 자료,E:\SHINHWA\08_SQ심사\2026\8.■검사원등록대장_Rev.1_2608.xlsx,318,2026-05-18,이미 있음(동일)
E:\SQ 심사 관련서류\지빠귀\자격인증\9 ■리워크작업자격인증서_Rev.1_2507.xlsx,08_SQ심사,SQ 심사 자료,E:\SHINHWA\08_SQ심사\2026\9 ■리워크작업자격인증서_Rev.1_2507.xlsx,1463,2026-05-18,이미 있음(동일)
E:\SQ 심사 관련서류\지빠귀\자격인증\Gage R&R (계수형)-240620 B.xlsx,08_SQ심사,SQ 심사 자료,E:\SHINHWA\08_SQ심사\2026\Gage R&R (계수형)-240620 B.xlsx,477,2026-05-18,이미 있음(동일)
E:\SQ 심사 관련서류\지빠귀\자격인증\Gage R&R (계수형)-250608 (정합성 기준).xls,08_SQ심사,SQ 심사 자료,E:\SHINHWA\08_SQ심사\2026\Gage R&R (계수형)-250608 (정합성 기준).xls,571,2026-05-18,이미 있음(동일)
E:\SQ 심사 관련서류\지빠귀\자격인증\■ 자격부여 평가기준(적격성).xls,08_SQ심사,SQ 심사 자료,E:\SHINHWA\08_SQ심사\2026\■ 자격부여 평가기준(적격성).xls,95,2026-05-18,이미 있음(동일)
"E:\SQ 심사 관련서류\지빠귀\자격인증\작업자 다기능,숙련도 L-UP 상반기 평가자료 (2).xlsx",08_SQ심사,SQ 심사 자료,"E:\SHINHWA\08_SQ심사\2026\작업자 다기능,숙련도 L-UP 상반기 평가자료 (2).xlsx",1729,2026-05-18,이미 있음(동일)
E:\SQ 심사 관련서류\지빠귀\자격인증\작업자레벨관리 평가 및 기준표.xls,08_SQ심사,SQ 심사 자료,E:\SHINHWA\08_SQ심사\2026\작업자레벨관리 평가 및 기준표.xls,105,2026-05-18,이미 있음(동일)
E:\SQ 심사 관련서류\지빠귀\정성품질\23년 정기평가 LEVEL-UP PLAN.xlsx,08_SQ심사,SQ 심사 자료,E:\SHINHWA\08_SQ심사\2026\23년 정기평가 LEVEL-UP PLAN.xlsx,112,2026-05-18,이미 있음(동일)
E:\SQ 심사 관련서류\지빠귀\정성품질\23년 정기평가 LEVEL-UP PLAN0.docx,08_SQ심사,SQ 심사 자료,E:\SHINHWA\08_SQ심사\2026\23년 정기평가 LEVEL-UP PLAN0.docx,11,2026-05-18,이미 있음(동일)
E:\SQ 심사 관련서류\지빠귀\정성품질\23년 정기평가 LEVEL-UP PLAN0.pdf,08_SQ심사,SQ 심사 자료,E:\SHINHWA\08_SQ심사\2026\23년 정기평가 LEVEL-UP PLAN0.pdf,77,2026-05-18,이미 있음(동일)
E:\SQ 심사 관련서류\지빠귀\정성품질\23년 정기평가 LEVEL-UP PLAN0_1.ppt,08_SQ심사,SQ 심사 자료,E:\SHINHWA\08_SQ심사\2026\23년 정기평가 LEVEL-UP PLAN0_1.ppt,38,2026-05-18,이미 있음(동일)
E:\SQ 심사 관련서류\지빠귀\정성품질\23차사 정성품질 추진일정 _ 230223.xlsx,08_SQ심사,SQ 심사 자료,E:\SHINHWA\08_SQ심사\2026\23차사 정성품질 추진일정 _ 230223.xlsx,11,2026-05-18,이미 있음(동일)
E:\SQ 심사 관련서류\지빠귀\정성품질\4 Draft of FSE-F-SPE-7400 to Rodolfo LOPEZ December 2021 - BV_V2_ SPQA _정기평가.xlsx,08_SQ심사,SQ 심사 자료,E:\SHINHWA\08_SQ심사\2026\4 Draft of FSE-F-SPE-7400 to Rodolfo LOPEZ December 2021 - BV_V2_ SPQA _정기평가.xlsx,5647,2026-05-18,이미 있음(동일)
E:\SQ 심사 관련서류\지빠귀\정성품질\4 Draft of FSE-F-SPE-7400 to Rodolfo LOPEZ December SPQA _정기평가_신화_220607.xlsx,08_SQ심사,SQ 심사 자료,E:\SHINHWA\08_SQ심사\2026\4 Draft of FSE-F-SPE-7400 to Rodolfo LOPEZ December SPQA _정기평가_신화_220607.xlsx,4127,2026-05-18,이미 있음(동일)
E:\SQ 심사 관련서류\지빠귀\정성품질\4 Draft of FSE-F-SPE-7400 to Rodolfo LOPEZ December SPQA _정기평가_신화_230316.xlsx,08_SQ심사,SQ 심사 자료,E:\SHINHWA\08_SQ심사\2026\4 Draft of FSE-F-SPE-7400 to Rodolfo LOPEZ December SPQA _정기평가_신화_230316.xlsx,4128,2026-05-18,이미 있음(동일)
E:\SQ 심사 관련서류\지빠귀\정성품질\FCM Audit Plan(감사일정)_ 230305_ 확정.xlsx,08_SQ심사,SQ 심사 자료,E:\SHINHWA\08_SQ심사\2026\FCM Audit Plan(감사일정)_ 230305_ 확정.xlsx,207,2026-05-18,이미 있음(동일)
E:\SQ 심사 관련서류\지빠귀\정성품질\GPC관련\GPC HKMC _ 교육 계획 https_autowaywf.hmc.co.kr_Approval_Forms_PrintForm.aspx_proce.pdf,08_SQ심사,SQ 심사 자료,E:\SHINHWA\08_SQ심사\2026\GPC HKMC _ 교육 계획 https_autowaywf.hmc.co.kr_Approval_Forms_PrintForm.aspx_proce.pdf,1090,2026-05-18,이미 있음(동일)
E:\SQ 심사 관련서류\지빠귀\정성품질\GPC관련\GPC교육_신청 및 완료 현황 _ 23030807_FCM FAS (2).xlsx,08_SQ심사,SQ 심사 자료,E:\SHINHWA\08_SQ심사\2026\GPC교육_신청 및 완료 현황 _ 23030807_FCM FAS (2).xlsx,20,2026-05-18,이미 있음(동일)
E:\SQ 심사 관련서류\지빠귀\정성품질\GPC관련\교육신청 및 완료 현황  230317_ FCM _ FAS.xlsx,08_SQ심사,SQ 심사 자료,E:\SHINHWA\08_SQ심사\2026\교육신청 및 완료 현황  230317_ FCM _ FAS.xlsx,109,2026-05-18,이미 있음(동일)
E:\SQ 심사 관련서류\지빠귀\정성품질\GPC관련\온라인 학습과정\온라인과정가이드_23.07.19 (1).pdf,08_SQ심사,SQ 심사 자료,E:\SHINHWA\08_SQ심사\2026\온라인과정가이드_23.07.19 (1).pdf,2328,2026-05-18,이미 있음(동일)
E:\SQ 심사 관련서류\지빠귀\정성품질\GPC관련\온라인 학습과정\온라인과정가이드_23.07.19.pdf,08_SQ심사,SQ 심사 자료,E:\SHINHWA\08_SQ심사\2026\온라인과정가이드_23.07.19.pdf,2328,2026-05-18,이미 있음(동일)
E:\SQ 심사 관련서류\지빠귀\정성품질\GPC관련\첨부1. 23년 10월 2차사 전용 집체교육 신청 상세 안내.pdf,08_SQ심사,SQ 심사 자료,E:\SHINHWA\08_SQ심사\2026\첨부1. 23년 10월 2차사 전용 집체교육 신청 상세 안내.pdf,1292,2026-05-18,이미 있음(동일)
E:\SQ 심사 관련서류\지빠귀\정성품질\GPC관련\첨부1. GPC 21년 11월 비대면 교육신청 안내(대외문).pdf,08_SQ심사,SQ 심사 자료,E:\SHINHWA\08_SQ심사\2026\첨부1. GPC 21년 11월 비대면 교육신청 안내(대외문).pdf,1242,2026-05-18,이미 있음(동일)
E:\SQ 심사 관련서류\지빠귀\정성품질\GPC관련\첨부2. 23년2차사 추가 전파교육 계획 수립 요청.xlsm,08_SQ심사,SQ 심사 자료,E:\SHINHWA\08_SQ심사\2026\첨부2. 23년2차사 추가 전파교육 계획 수립 요청.xlsm,15971,2026-05-18,이미 있음(동일)
E:\SQ 심사 관련서류\지빠귀\정성품질\GPC관련\첨부2. 23년2차사 추가 전파교육 계획 수립 요청_ LE42 (002)_ 230223의 복사본.xlsm,08_SQ심사,SQ 심사 자료,E:\SHINHWA\08_SQ심사\2026\첨부2. 23년2차사 추가 전파교육 계획 수립 요청_ LE42 (002)_ 230223의 복사본.xlsm,14111,2026-05-18,이미 있음(동일)
E:\SQ 심사 관련서류\지빠귀\정성품질\GPC관련\첨부2. [비대면 라이브 교육] MS365 접속 가이드_v2.pdf,08_SQ심사,SQ 심사 자료,E:\SHINHWA\08_SQ심사\2026\첨부2. [비대면 라이브 교육] MS365 접속 가이드_v2.pdf,579,2026-05-18,이미 있음(동일)
E:\SQ 심사 관련서류\지빠귀\정성품질\GPC관련\첨부3. 글로벌상생협력센터소개.pdf,08_SQ심사,SQ 심사 자료,E:\SHINHWA\08_SQ심사\2026\첨부3. 글로벌상생협력센터소개.pdf,2249,2026-05-18,이미 있음(동일)
E:\SQ 심사 관련서류\지빠귀\정성품질\S2023년 LEVEL-UP 실시 계획  _ 그래프 _ _ 230323(원본).pptx,08_SQ심사,SQ 심사 자료,E:\SHINHWA\08_SQ심사\2026\S2023년 LEVEL-UP 실시 계획  _ 그래프 _ _ 230323(원본).pptx,381,2026-05-18,이미 있음(동일)
E:\SQ 심사 관련서류\지빠귀\정성품질\SPQA  _ 지적사항 _ 유효성 검증 _ 협력테크 _ 230306.pptx,08_SQ심사,SQ 심사 자료,E:\SHINHWA\08_SQ심사\2026\SPQA  _ 지적사항 _ 유효성 검증 _ 협력테크 _ 230306.pptx,202,2026-05-18,이미 있음(동일)
E:\SQ 심사 관련서류\지빠귀\정성품질\SPQA 평가 개선대책서 유효성(신화H&T_220614).pdf,08_SQ심사,SQ 심사 자료,E:\SHINHWA\08_SQ심사\2026\SPQA 평가 개선대책서 유효성(신화H&T_220614).pdf,421,2026-05-18,이미 있음(동일)
E:\SQ 심사 관련서류\지빠귀\정성품질\SPQA 평가 지적사항 (신화H&T_210607).pdf,08_SQ심사,SQ 심사 자료,E:\SHINHWA\08_SQ심사\2026\SPQA 평가 지적사항 (신화H&T_210607).pdf,185,2026-05-18,이미 있음(동일)
E:\SQ 심사 관련서류\지빠귀\정성품질\SPQA_ 지적 현황_ 유효성검증 _금강_ 220620.pptx,08_SQ심사,SQ 심사 자료,E:\SHINHWA\08_SQ심사\2026\SPQA_ 지적 현황_ 유효성검증 _금강_ 220620.pptx,499,2026-05-18,이미 있음(동일)
"E:\SQ 심사 관련서류\지빠귀\정성품질\SPQA_ 지적,개선 현황 2022.06.10_금강.pptx",08_SQ심사,SQ 심사 자료,"E:\SHINHWA\08_SQ심사\2026\SPQA_ 지적,개선 현황 2022.06.10_금강.pptx",499,2026-05-18,이미 있음(동일)
E:\SQ 심사 관련서류\지빠귀\정성품질\SQ LEVEL-UP 실시 계획 및 평가 일정 (참조)_ 230313 (4).pptx,08_SQ심사,SQ 심사 자료,E:\SHINHWA\08_SQ심사\2026\SQ LEVEL-UP 실시 계획 및 평가 일정 (참조)_ 230313 (4).pptx,11342,2026-05-18,이미 있음(동일)
E:\SQ 심사 관련서류\지빠귀\정성품질\교육관련\2023_ 2_ ___ ___ ___ __ __ _ __ __.pdf,08_SQ심사,SQ 심사 자료,E:\SHINHWA\08_SQ심사\2026\2023_ 2_ ___ ___ ___ __ __ _ __ __.pdf,340,2026-05-18,이미 있음(동일)
E:\SQ 심사 관련서류\지빠귀\정성품질\교육관련\20241126_현대자동차 11월.pdf,08_SQ심사,SQ 심사 자료,E:\SHINHWA\08_SQ심사\2026\20241126_현대자동차 11월.pdf,1263,2026-05-18,이미 있음(동일)
E:\SQ 심사 관련서류\지빠귀\정성품질\교육관련\23년 정성품질 영상 조회 방법 및 위치.pdf,08_SQ심사,SQ 심사 자료,E:\SHINHWA\08_SQ심사\2026\23년 정성품질 영상 조회 방법 및 위치.pdf,687,2026-05-18,이미 있음(동일)
E:\SQ 심사 관련서류\지빠귀\정성품질\교육관련\23년 함께하는 미래 특강(배포용)__230711.pdf,08_SQ심사,SQ 심사 자료,E:\SHINHWA\08_SQ심사\2026\23년 함께하는 미래 특강(배포용)__230711.pdf,3314,2026-05-18,이미 있음(동일)
E:\SQ 심사 관련서류\지빠귀\정성품질\교육관련\24.01\1 정성품질 HKIA.pptx,08_SQ심사,SQ 심사 자료,E:\SHINHWA\08_SQ심사\2026\1 정성품질 HKIA.pptx,3097,2026-05-18,이미 있음(동일)
E:\SQ 심사 관련서류\지빠귀\정성품질\교육관련\24.01\2024년 협력사 1차 교육 _ 공유.pdf,08_SQ심사,SQ 심사 자료,E:\SHINHWA\08_SQ심사\2026\2024년 협력사 1차 교육 _ 공유.pdf,2417,2026-05-18,이미 있음(동일)
E:\SQ 심사 관련서류\지빠귀\정성품질\교육관련\24년 찾아가는 GPC 외부특강 리스트_V1.pdf,08_SQ심사,SQ 심사 자료,E:\SHINHWA\08_SQ심사\2026\24년 찾아가는 GPC 외부특강 리스트_V1.pdf,451,2026-05-18,이미 있음(동일)
E:\SQ 심사 관련서류\지빠귀\정성품질\교육관련\TalkFile_23년 정성품질_발표용(배포용)_230711.pdf.pdf,08_SQ심사,SQ 심사 자료,E:\SHINHWA\08_SQ심사\2026\TalkFile_23년 정성품질_발표용(배포용)_230711.pdf.pdf,8042,2026-05-18,이미 있음(동일)
E:\SQ 심사 관련서류\지빠귀\정성품질\교육관련\TalkFile_23년 협력사 품질향상 방안_구매품질개선실(배포용)_230711.pdf.pdf,08_SQ심사,SQ 심사 자료,E:\SHINHWA\08_SQ심사\2026\TalkFile_23년 협력사 품질향상 방안_구매품질개선실(배포용)_230711.pdf.pdf,3496,2026-05-18,이미 있음(동일)
E:\SQ 심사 관련서류\지빠귀\정성품질\교육관련\★23년4분기-정성품질정기협의체 실시_231128 _ 협력사 배포 참조용.pptx,08_SQ심사,SQ 심사 자료,E:\SHINHWA\08_SQ심사\2026\★23년4분기-정성품질정기협의체 실시_231128 _ 협력사 배포 참조용.pptx,3142,2026-05-18,이미 있음(동일)
E:\SQ 심사 관련서류\지빠귀\정성품질\교육관련\미래차 사업 다각화 지원\(+t+-1)Track1í+_+t+˜ +++++¡.docx,08_SQ심사,SQ 심사 자료,E:\SHINHWA\08_SQ심사\2026\(+t+-1)Track1í+_+t+˜ +++++¡.docx,39,2026-05-18,이미 있음(동일)
E:\SQ 심사 관련서류\지빠귀\정성품질\교육관련\미래차 사업 다각화 지원\(+t+-2)í+Track1í+_(--+-+++÷ ¦d¦Ñ¦G+˜++ +¦+¦) --+-+++÷ -++S +¯-°¦++d.docx,08_SQ심사,SQ 심사 자료,E:\SHINHWA\08_SQ심사\2026\(+t+-2)í+Track1í+_(--+-+++÷ ¦d¦Ñ¦G+˜++ +¦+¦) --+-+++÷ -++S +¯-°¦++d.docx,18,2026-05-18,이미 있음(동일)
E:\SQ 심사 관련서류\지빠귀\정성품질\교육관련\미래차 사업 다각화 지원\(+t+-3)í+Track2í++t+˜ +++++¡.docx,08_SQ심사,SQ 심사 자료,E:\SHINHWA\08_SQ심사\2026\(+t+-3)í+Track2í++t+˜ +++++¡.docx,35,2026-05-18,이미 있음(동일)
E:\SQ 심사 관련서류\지빠귀\정성품질\교육관련\미래차 사업 다각화 지원\(+t+-4)í+¦°+dí+_¦¦++-ñ¦+ +¦+d¦++¦ ¦+ +++++¡+a+¡.docx,08_SQ심사,SQ 심사 자료,E:\SHINHWA\08_SQ심사\2026\(+t+-4)í+¦°+dí+_¦¦++-ñ¦+ +¦+d¦++¦ ¦+ +++++¡+a+¡.docx,18,2026-05-18,이미 있음(동일)
E:\SQ 심사 관련서류\지빠귀\정성품질\교육관련\미래차 사업 다각화 지원\(공고) 2023년도 자동차 부품기업 미래차 사업다각화 지원.pdf,08_SQ심사,SQ 심사 자료,E:\SHINHWA\08_SQ심사\2026\(공고) 2023년도 자동차 부품기업 미래차 사업다각화 지원.pdf,618,2026-05-18,이미 있음(동일)
E:\SQ 심사 관련서류\지빠귀\정성품질\교육관련\미래차 사업 다각화 지원\(양식1)Track1】_사업 신청서.hwp,08_SQ심사,SQ 심사 자료,E:\SHINHWA\08_SQ심사\2026\(양식1)Track1】_사업 신청서.hwp,62,2026-05-18,이미 있음(동일)
E:\SQ 심사 관련서류\지빠귀\정성품질\교육관련\미래차 사업 다각화 지원\(양식2)【Track1】_(컨소시엄 대표기업만 작성) 컨소시엄 주요 추진내용.hwp,08_SQ심사,SQ 심사 자료,E:\SHINHWA\08_SQ심사\2026\(양식2)【Track1】_(컨소시엄 대표기업만 작성) 컨소시엄 주요 추진내용.hwp,17,2026-05-18,이미 있음(동일)
E:\SQ 심사 관련서류\지빠귀\정성품질\교육관련\미래차 사업 다각화 지원\(양식3)【Track2】사업 신청서.hwp,08_SQ심사,SQ 심사 자료,E:\SHINHWA\08_SQ심사\2026\(양식3)【Track2】사업 신청서.hwp,29,2026-05-18,이미 있음(동일)
E:\SQ 심사 관련서류\지빠귀\정성품질\교육관련\미래차 사업 다각화 지원\(양식4)【공통】_개인정보 이용동의 및 청렴서약서.hwp,08_SQ심사,SQ 심사 자료,E:\SHINHWA\08_SQ심사\2026\(양식4)【공통】_개인정보 이용동의 및 청렴서약서.hwp,30,2026-05-18,이미 있음(동일)
E:\SQ 심사 관련서류\지빠귀\정성품질\다국어 포스터\20230718_시안_베너_2023_정성품질.pptx,08_SQ심사,SQ 심사 자료,E:\SHINHWA\08_SQ심사\2026\20230718_시안_베너_2023_정성품질.pptx,4130,2026-05-18,이미 있음(동일)
E:\SQ 심사 관련서류\지빠귀\정성품질\다국어 포스터\첨부 _ 다국어 포스터.zip,08_SQ심사,SQ 심사 자료,E:\SHINHWA\08_SQ심사\2026\첨부 _ 다국어 포스터.zip,23321,2026-05-18,이미 있음(동일)
E:\SQ 심사 관련서류\지빠귀\정성품질\다국어 포스터\첨부 _ 다국어 포스터\1.-정성품질-작업환경-러시아어 (가로).jpg,08_SQ심사,SQ 심사 자료,E:\SHINHWA\08_SQ심사\2026\1.-정성품질-작업환경-러시아어 (가로).jpg,975,2026-05-18,이미 있음(동일)
E:\SQ 심사 관련서류\지빠귀\정성품질\다국어 포스터\첨부 _ 다국어 포스터\1.-정성품질-작업환경-러시아어.jpg,08_SQ심사,SQ 심사 자료,E:\SHINHWA\08_SQ심사\2026\1.-정성품질-작업환경-러시아어.jpg,228,2026-05-18,이미 있음(동일)
E:\SQ 심사 관련서류\지빠귀\정성품질\다국어 포스터\첨부 _ 다국어 포스터\1.-정성품질-작업환경-베트남어 (가로).jpg,08_SQ심사,SQ 심사 자료,E:\SHINHWA\08_SQ심사\2026\1.-정성품질-작업환경-베트남어 (가로).jpg,906,2026-05-18,이미 있음(동일)
E:\SQ 심사 관련서류\지빠귀\정성품질\다국어 포스터\첨부 _ 다국어 포스터\1.-정성품질-작업환경-베트남어.jpg,08_SQ심사,SQ 심사 자료,E:\SHINHWA\08_SQ심사\2026\1.-정성품질-작업환경-베트남어.jpg,212,2026-05-18,이미 있음(동일)
E:\SQ 심사 관련서류\지빠귀\정성품질\다국어 포스터\첨부 _ 다국어 포스터\1.-정성품질-작업환경-영문 (가로).jpg,08_SQ심사,SQ 심사 자료,E:\SHINHWA\08_SQ심사\2026\1.-정성품질-작업환경-영문 (가로).jpg,986,2026-05-18,이미 있음(동일)
E:\SQ 심사 관련서류\지빠귀\정성품질\다국어 포스터\첨부 _ 다국어 포스터\1.-정성품질-작업환경-영문.jpg,08_SQ심사,SQ 심사 자료,E:\SHINHWA\08_SQ심사\2026\1.-정성품질-작업환경-영문.jpg,240,2026-05-18,이미 있음(동일)
E:\SQ 심사 관련서류\지빠귀\정성품질\다국어 포스터\첨부 _ 다국어 포스터\1.-정성품질-작업환경-중문 (가로).jpg,08_SQ심사,SQ 심사 자료,E:\SHINHWA\08_SQ심사\2026\1.-정성품질-작업환경-중문 (가로).jpg,846,2026-05-18,이미 있음(동일)
E:\SQ 심사 관련서류\지빠귀\정성품질\다국어 포스터\첨부 _ 다국어 포스터\1.-정성품질-작업환경-중문.jpg,08_SQ심사,SQ 심사 자료,E:\SHINHWA\08_SQ심사\2026\1.-정성품질-작업환경-중문.jpg,194,2026-05-18,이미 있음(동일)
E:\SQ 심사 관련서류\지빠귀\정성품질\다국어 포스터\첨부 _ 다국어 포스터\1.-정성품질-작업환경-크메르어 (가로).jpg,08_SQ심사,SQ 심사 자료,E:\SHINHWA\08_SQ심사\2026\1.-정성품질-작업환경-크메르어 (가로).jpg,981,2026-05-18,이미 있음(동일)
E:\SQ 심사 관련서류\지빠귀\정성품질\다국어 포스터\첨부 _ 다국어 포스터\1.-정성품질-작업환경-크메르어.jpg,08_SQ심사,SQ 심사 자료,E:\SHINHWA\08_SQ심사\2026\1.-정성품질-작업환경-크메르어.jpg,230,2026-05-18,이미 있음(동일)
E:\SQ 심사 관련서류\지빠귀\정성품질\다국어 포스터\첨부 _ 다국어 포스터\2.-정성품질-작업준비-러시아어 (가로).jpg,08_SQ심사,SQ 심사 자료,E:\SHINHWA\08_SQ심사\2026\2.-정성품질-작업준비-러시아어 (가로).jpg,1023,2026-05-18,이미 있음(동일)
E:\SQ 심사 관련서류\지빠귀\정성품질\다국어 포스터\첨부 _ 다국어 포스터\2.-정성품질-작업준비-러시아어.jpg,08_SQ심사,SQ 심사 자료,E:\SHINHWA\08_SQ심사\2026\2.-정성품질-작업준비-러시아어.jpg,219,2026-05-18,이미 있음(동일)
E:\SQ 심사 관련서류\지빠귀\정성품질\다국어 포스터\첨부 _ 다국어 포스터\2.-정성품질-작업준비-베트남어 (가로).jpg,08_SQ심사,SQ 심사 자료,E:\SHINHWA\08_SQ심사\2026\2.-정성품질-작업준비-베트남어 (가로).jpg,1001,2026-05-18,이미 있음(동일)
E:\SQ 심사 관련서류\지빠귀\정성품질\다국어 포스터\첨부 _ 다국어 포스터\2.-정성품질-작업준비-베트남어.jpg,08_SQ심사,SQ 심사 자료,E:\SHINHWA\08_SQ심사\2026\2.-정성품질-작업준비-베트남어.jpg,235,2026-05-18,이미 있음(동일)
E:\SQ 심사 관련서류\지빠귀\정성품질\다국어 포스터\첨부 _ 다국어 포스터\2.-정성품질-작업준비-영문 (가로).jpg,08_SQ심사,SQ 심사 자료,E:\SHINHWA\08_SQ심사\2026\2.-정성품질-작업준비-영문 (가로).jpg,963,2026-05-18,이미 있음(동일)
E:\SQ 심사 관련서류\지빠귀\정성품질\다국어 포스터\첨부 _ 다국어 포스터\2.-정성품질-작업준비-영문.jpg,08_SQ심사,SQ 심사 자료,E:\SHINHWA\08_SQ심사\2026\2.-정성품질-작업준비-영문.jpg,221,2026-05-18,이미 있음(동일)
E:\SQ 심사 관련서류\지빠귀\정성품질\다국어 포스터\첨부 _ 다국어 포스터\2.-정성품질-작업준비-중문 (가로).jpg,08_SQ심사,SQ 심사 자료,E:\SHINHWA\08_SQ심사\2026\2.-정성품질-작업준비-중문 (가로).jpg,888,2026-05-18,이미 있음(동일)
E:\SQ 심사 관련서류\지빠귀\정성품질\다국어 포스터\첨부 _ 다국어 포스터\2.-정성품질-작업준비-중문.jpg,08_SQ심사,SQ 심사 자료,E:\SHINHWA\08_SQ심사\2026\2.-정성품질-작업준비-중문.jpg,201,2026-05-18,이미 있음(동일)
E:\SQ 심사 관련서류\지빠귀\정성품질\다국어 포스터\첨부 _ 다국어 포스터\2.-정성품질-작업준비-크메르어 (가로).jpg,08_SQ심사,SQ 심사 자료,E:\SHINHWA\08_SQ심사\2026\2.-정성품질-작업준비-크메르어 (가로).jpg,984,2026-05-18,이미 있음(동일)
E:\SQ 심사 관련서류\지빠귀\정성품질\다국어 포스터\첨부 _ 다국어 포스터\2.-정성품질-작업준비-크메르어.jpg,08_SQ심사,SQ 심사 자료,E:\SHINHWA\08_SQ심사\2026\2.-정성품질-작업준비-크메르어.jpg,227,2026-05-18,이미 있음(동일)
E:\SQ 심사 관련서류\지빠귀\정성품질\다국어 포스터\첨부 _ 다국어 포스터\3.-정성품질-작업실시-러시아어 (가로).jpg,08_SQ심사,SQ 심사 자료,E:\SHINHWA\08_SQ심사\2026\3.-정성품질-작업실시-러시아어 (가로).jpg,934,2026-05-18,이미 있음(동일)
E:\SQ 심사 관련서류\지빠귀\정성품질\다국어 포스터\첨부 _ 다국어 포스터\3.-정성품질-작업실시-러시아어.jpg,08_SQ심사,SQ 심사 자료,E:\SHINHWA\08_SQ심사\2026\3.-정성품질-작업실시-러시아어.jpg,219,2026-05-18,이미 있음(동일)
E:\SQ 심사 관련서류\지빠귀\정성품질\다국어 포스터\첨부 _ 다국어 포스터\3.-정성품질-작업실시-베트남어 (가로).jpg,08_SQ심사,SQ 심사 자료,E:\SHINHWA\08_SQ심사\2026\3.-정성품질-작업실시-베트남어 (가로).jpg,905,2026-05-18,이미 있음(동일)
E:\SQ 심사 관련서류\지빠귀\정성품질\다국어 포스터\첨부 _ 다국어 포스터\3.-정성품질-작업실시-베트남어.jpg,08_SQ심사,SQ 심사 자료,E:\SHINHWA\08_SQ심사\2026\3.-정성품질-작업실시-베트남어.jpg,208,2026-05-18,이미 있음(동일)
E:\SQ 심사 관련서류\지빠귀\정성품질\다국어 포스터\첨부 _ 다국어 포스터\3.-정성품질-작업실시-영문 (가로).jpg,08_SQ심사,SQ 심사 자료,E:\SHINHWA\08_SQ심사\2026\3.-정성품질-작업실시-영문 (가로).jpg,892,2026-05-18,이미 있음(동일)
E:\SQ 심사 관련서류\지빠귀\정성품질\다국어 포스터\첨부 _ 다국어 포스터\3.-정성품질-작업실시-영문.jpg,08_SQ심사,SQ 심사 자료,E:\SHINHWA\08_SQ심사\2026\3.-정성품질-작업실시-영문.jpg,203,2026-05-18,이미 있음(동일)
E:\SQ 심사 관련서류\지빠귀\정성품질\다국어 포스터\첨부 _ 다국어 포스터\3.-정성품질-작업실시-중문 (가로).jpg,08_SQ심사,SQ 심사 자료,E:\SHINHWA\08_SQ심사\2026\3.-정성품질-작업실시-중문 (가로).jpg,832,2026-05-18,이미 있음(동일)
E:\SQ 심사 관련서류\지빠귀\정성품질\다국어 포스터\첨부 _ 다국어 포스터\3.-정성품질-작업실시-중문.jpg,08_SQ심사,SQ 심사 자료,E:\SHINHWA\08_SQ심사\2026\3.-정성품질-작업실시-중문.jpg,182,2026-05-18,이미 있음(동일)
E:\SQ 심사 관련서류\지빠귀\정성품질\다국어 포스터\첨부 _ 다국어 포스터\3.-정성품질-작업실시-크메르어 (가로).jpg,08_SQ심사,SQ 심사 자료,E:\SHINHWA\08_SQ심사\2026\3.-정성품질-작업실시-크메르어 (가로).jpg,919,2026-05-18,이미 있음(동일)
E:\SQ 심사 관련서류\지빠귀\정성품질\다국어 포스터\첨부 _ 다국어 포스터\3.-정성품질-작업실시-크메르어.jpg,08_SQ심사,SQ 심사 자료,E:\SHINHWA\08_SQ심사\2026\3.-정성품질-작업실시-크메르어.jpg,209,2026-05-18,이미 있음(동일)
E:\SQ 심사 관련서류\지빠귀\정성품질\다국어 포스터\첨부 _ 다국어 포스터\4.-정성품질-이상조치-러시아어 (가로).jpg,08_SQ심사,SQ 심사 자료,E:\SHINHWA\08_SQ심사\2026\4.-정성품질-이상조치-러시아어 (가로).jpg,925,2026-05-18,이미 있음(동일)
E:\SQ 심사 관련서류\지빠귀\정성품질\다국어 포스터\첨부 _ 다국어 포스터\4.-정성품질-이상조치-러시아어.jpg,08_SQ심사,SQ 심사 자료,E:\SHINHWA\08_SQ심사\2026\4.-정성품질-이상조치-러시아어.jpg,216,2026-05-18,이미 있음(동일)
E:\SQ 심사 관련서류\지빠귀\정성품질\다국어 포스터\첨부 _ 다국어 포스터\4.-정성품질-이상조치-베트남어 (가로).jpg,08_SQ심사,SQ 심사 자료,E:\SHINHWA\08_SQ심사\2026\4.-정성품질-이상조치-베트남어 (가로).jpg,905,2026-05-18,이미 있음(동일)
E:\SQ 심사 관련서류\지빠귀\정성품질\다국어 포스터\첨부 _ 다국어 포스터\4.-정성품질-이상조치-베트남어.jpg,08_SQ심사,SQ 심사 자료,E:\SHINHWA\08_SQ심사\2026\4.-정성품질-이상조치-베트남어.jpg,211,2026-05-18,이미 있음(동일)
E:\SQ 심사 관련서류\지빠귀\정성품질\다국어 포스터\첨부 _ 다국어 포스터\4.-정성품질-이상조치-영문 (가로).jpg,08_SQ심사,SQ 심사 자료,E:\SHINHWA\08_SQ심사\2026\4.-정성품질-이상조치-영문 (가로).jpg,987,2026-05-18,이미 있음(동일)
E:\SQ 심사 관련서류\지빠귀\정성품질\다국어 포스터\첨부 _ 다국어 포스터\4.-정성품질-이상조치-영문.jpg,08_SQ심사,SQ 심사 자료,E:\SHINHWA\08_SQ심사\2026\4.-정성품질-이상조치-영문.jpg,232,2026-05-18,이미 있음(동일)
E:\SQ 심사 관련서류\지빠귀\정성품질\다국어 포스터\첨부 _ 다국어 포스터\4.-정성품질-이상조치-중문 (가로).jpg,08_SQ심사,SQ 심사 자료,E:\SHINHWA\08_SQ심사\2026\4.-정성품질-이상조치-중문 (가로).jpg,891,2026-05-18,이미 있음(동일)
E:\SQ 심사 관련서류\지빠귀\정성품질\다국어 포스터\첨부 _ 다국어 포스터\4.-정성품질-이상조치-중문.jpg,08_SQ심사,SQ 심사 자료,E:\SHINHWA\08_SQ심사\2026\4.-정성품질-이상조치-중문.jpg,207,2026-05-18,이미 있음(동일)
E:\SQ 심사 관련서류\지빠귀\정성품질\다국어 포스터\첨부 _ 다국어 포스터\4.-정성품질-이상조치-크메르어 (가로).jpg,08_SQ심사,SQ 심사 자료,E:\SHINHWA\08_SQ심사\2026\4.-정성품질-이상조치-크메르어 (가로).jpg,1016,2026-05-18,이미 있음(동일)
E:\SQ 심사 관련서류\지빠귀\정성품질\다국어 포스터\첨부 _ 다국어 포스터\4.-정성품질-이상조치-크메르어.jpg,08_SQ심사,SQ 심사 자료,E:\SHINHWA\08_SQ심사\2026\4.-정성품질-이상조치-크메르어.jpg,242,2026-05-18,이미 있음(동일)
E:\SQ 심사 관련서류\지빠귀\정성품질\다국어 포스터\첨부 _ 다국어 포스터\5.-정성품질-재발방지-러시아어 (가로).jpg,08_SQ심사,SQ 심사 자료,E:\SHINHWA\08_SQ심사\2026\5.-정성품질-재발방지-러시아어 (가로).jpg,914,2026-05-18,이미 있음(동일)
E:\SQ 심사 관련서류\지빠귀\정성품질\다국어 포스터\첨부 _ 다국어 포스터\5.-정성품질-재발방지-러시아어.jpg,08_SQ심사,SQ 심사 자료,E:\SHINHWA\08_SQ심사\2026\5.-정성품질-재발방지-러시아어.jpg,217,2026-05-18,이미 있음(동일)
E:\SQ 심사 관련서류\지빠귀\정성품질\다국어 포스터\첨부 _ 다국어 포스터\5.-정성품질-재발방지-베트남어 (가로).jpg,08_SQ심사,SQ 심사 자료,E:\SHINHWA\08_SQ심사\2026\5.-정성품질-재발방지-베트남어 (가로).jpg,901,2026-05-18,이미 있음(동일)
E:\SQ 심사 관련서류\지빠귀\정성품질\다국어 포스터\첨부 _ 다국어 포스터\5.-정성품질-재발방지-베트남어.jpg,08_SQ심사,SQ 심사 자료,E:\SHINHWA\08_SQ심사\2026\5.-정성품질-재발방지-베트남어.jpg,213,2026-05-18,이미 있음(동일)
E:\SQ 심사 관련서류\지빠귀\정성품질\다국어 포스터\첨부 _ 다국어 포스터\5.-정성품질-재발방지-영문 (가로).jpg,08_SQ심사,SQ 심사 자료,E:\SHINHWA\08_SQ심사\2026\5.-정성품질-재발방지-영문 (가로).jpg,902,2026-05-18,이미 있음(동일)
E:\SQ 심사 관련서류\지빠귀\정성품질\다국어 포스터\첨부 _ 다국어 포스터\5.-정성품질-재발방지-영문.jpg,08_SQ심사,SQ 심사 자료,E:\SHINHWA\08_SQ심사\2026\5.-정성품질-재발방지-영문.jpg,217,2026-05-18,이미 있음(동일)
E:\SQ 심사 관련서류\지빠귀\정성품질\다국어 포스터\첨부 _ 다국어 포스터\5.-정성품질-재발방지-중문 (가로).jpg,08_SQ심사,SQ 심사 자료,E:\SHINHWA\08_SQ심사\2026\5.-정성품질-재발방지-중문 (가로).jpg,883,2026-05-18,이미 있음(동일)
E:\SQ 심사 관련서류\지빠귀\정성품질\다국어 포스터\첨부 _ 다국어 포스터\5.-정성품질-재발방지-중문.jpg,08_SQ심사,SQ 심사 자료,E:\SHINHWA\08_SQ심사\2026\5.-정성품질-재발방지-중문.jpg,205,2026-05-18,이미 있음(동일)
E:\SQ 심사 관련서류\지빠귀\정성품질\다국어 포스터\첨부 _ 다국어 포스터\5.-정성품질-재발방지-크메르어 (가로).jpg,08_SQ심사,SQ 심사 자료,E:\SHINHWA\08_SQ심사\2026\5.-정성품질-재발방지-크메르어 (가로).jpg,944,2026-05-18,이미 있음(동일)
E:\SQ 심사 관련서류\지빠귀\정성품질\다국어 포스터\첨부 _ 다국어 포스터\5.-정성품질-재발방지-크메르어.jpg,08_SQ심사,SQ 심사 자료,E:\SHINHWA\08_SQ심사\2026\5.-정성품질-재발방지-크메르어.jpg,221,2026-05-18,이미 있음(동일)
E:\SQ 심사 관련서류\지빠귀\정성품질\정기평가 LEVEL-UP 실시 계획 및 평가 일정 (신화에이치앤티)_ 230322.pptx,08_SQ심사,SQ 심사 자료,E:\SHINHWA\08_SQ심사\2026\정기평가 LEVEL-UP 실시 계획 및 평가 일정 (신화에이치앤티)_ 230322.pptx,7522,2026-05-18,이미 있음(동일)
E:\SQ 심사 관련서류\지빠귀\정성품질\정기평가 LEVEL-UP 실시 계획 및 평가 일정V1 (신화에이치앤티)_ 230317.pptx,08_SQ심사,SQ 심사 자료,E:\SHINHWA\08_SQ심사\2026\정기평가 LEVEL-UP 실시 계획 및 평가 일정V1 (신화에이치앤티)_ 230317.pptx,6921,2026-05-18,이미 있음(동일)
E:\SQ 심사 관련서류\지빠귀\정성품질\정성품질 관련자료\0 정성품질교육설문 조사_ LE42 포레시아-xls (2)\0 정성품질교육설문 조사_ LE42 포레시아-(신화).zip,08_SQ심사,SQ 심사 자료,E:\SHINHWA\08_SQ심사\2026\0 정성품질교육설문 조사_ LE42 포레시아-(신화).zip,69,2026-05-18,이미 있음(동일)
E:\SQ 심사 관련서류\지빠귀\정성품질\정성품질 관련자료\0 정성품질교육설문 조사_ LE42 포레시아-xls (2)\0 정성품질교육설문 조사_ LE42 포레시아.pdf,08_SQ심사,SQ 심사 자료,E:\SHINHWA\08_SQ심사\2026\0 정성품질교육설문 조사_ LE42 포레시아.pdf,43,2026-05-18,이미 있음(동일)
E:\SQ 심사 관련서류\지빠귀\정성품질\정성품질 관련자료\0 정성품질교육설문 조사_ LE42 포레시아-xls (2)\0 정성품질교육설문 조사_ LE42 포레시아.xls,08_SQ심사,SQ 심사 자료,E:\SHINHWA\08_SQ심사\2026\0 정성품질교육설문 조사_ LE42 포레시아.xls,37,2026-05-18,이미 있음(동일)
E:\SQ 심사 관련서류\지빠귀\정성품질\정성품질 관련자료\0 정성품질교육설문 조사_ LE42 포레시아-xls (2)\정성퓸질 교안 cover pdf.pdf,08_SQ심사,SQ 심사 자료,E:\SHINHWA\08_SQ심사\2026\정성퓸질 교안 cover pdf.pdf,884,2026-05-18,이미 있음(동일)
E:\SQ 심사 관련서류\지빠귀\정성품질\정성품질 관련자료\0 정성품질교육설문 조사_ LE42 포레시아-xls (2)\참석자 명단 양식.xls,08_SQ심사,SQ 심사 자료,E:\SHINHWA\08_SQ심사\2026\참석자 명단 양식.xls,47,2026-05-18,이미 있음(동일)
E:\SQ 심사 관련서류\지빠귀\정성품질\정성품질 관련자료\23차사 정성품질 추진일정 _ 230223.xlsx,08_SQ심사,SQ 심사 자료,E:\SHINHWA\08_SQ심사\2026\23차사 정성품질 추진일정 _ 230223.xlsx,11,2026-05-18,이미 있음(동일)
E:\SQ 심사 관련서류\지빠귀\정성품질\정성품질 관련자료\SQ LEVEL-UP 실시 계획 및 평가 일정 _ 230313.pptx,08_SQ심사,SQ 심사 자료,E:\SHINHWA\08_SQ심사\2026\SQ LEVEL-UP 실시 계획 및 평가 일정 _ 230313.pptx,11070,2026-05-18,이미 있음(동일)
E:\SQ 심사 관련서류\지빠귀\정성품질\정성품질 관련자료\교육관련\23년 정성품질_발표용(배포용)_230711-pdf.zip,08_SQ심사,SQ 심사 자료,E:\SHINHWA\08_SQ심사\2026\23년 정성품질_발표용(배포용)_230711-pdf.zip,6297,2026-05-18,이미 있음(동일)
E:\SQ 심사 관련서류\지빠귀\정성품질\정성품질 관련자료\교육관련\대외문  _ 교육참석 _20230713.doc,08_SQ심사,SQ 심사 자료,E:\SHINHWA\08_SQ심사\2026\대외문  _ 교육참석 _20230713.doc,873,2026-05-18,이미 있음(동일)
E:\SQ 심사 관련서류\지빠귀\정성품질\정성품질 관련자료\교육관련\정성품질 전파 교육 현황.pptx,08_SQ심사,SQ 심사 자료,E:\SHINHWA\08_SQ심사\2026\정성품질 전파 교육 현황.pptx,274,2026-05-18,이미 있음(동일)
E:\SQ 심사 관련서류\지빠귀\정성품질\정성품질 관련자료\다국어 정성품질 교육자료\첨부1. ★5차 가이드_[협력사 자체 정성품질 향상활동]_한국어.pdf,08_SQ심사,SQ 심사 자료,E:\SHINHWA\08_SQ심사\2026\첨부1. ★5차 가이드_[협력사 자체 정성품질 향상활동]_한국어.pdf,20866,2026-05-18,이미 있음(동일)
E:\SQ 심사 관련서류\지빠귀\정성품질\정성품질 관련자료\다국어 정성품질 교육자료\첨부2. ★5차 가이드_[협력사 자체 정성품질 향상활동]_영어.pdf,08_SQ심사,SQ 심사 자료,E:\SHINHWA\08_SQ심사\2026\첨부2. ★5차 가이드_[협력사 자체 정성품질 향상활동]_영어.pdf,20036,2026-05-18,이미 있음(동일)
E:\SQ 심사 관련서류\지빠귀\정성품질\정성품질 관련자료\다국어 정성품질 교육자료\첨부3. ★5차 가이드_[협력사 자체 정성품질 향상활동]_중국어.pdf,08_SQ심사,SQ 심사 자료,E:\SHINHWA\08_SQ심사\2026\첨부3. ★5차 가이드_[협력사 자체 정성품질 향상활동]_중국어.pdf,17672,2026-05-18,이미 있음(동일)
E:\SQ 심사 관련서류\지빠귀\정성품질\정성품질 관련자료\다국어 정성품질 교육자료\첨부4. ★5차 가이드_[협력사 자체 정성품질 향상활동]_러시아어.pdf,08_SQ심사,SQ 심사 자료,E:\SHINHWA\08_SQ심사\2026\첨부4. ★5차 가이드_[협력사 자체 정성품질 향상활동]_러시아어.pdf,10115,2026-05-18,이미 있음(동일)
E:\SQ 심사 관련서류\지빠귀\정성품질\정성품질 관련자료\다국어 정성품질 교육자료\첨부5. ★5차 가이드_[협력사 자체 정성품질 향상활동]_크메르어.pdf,08_SQ심사,SQ 심사 자료,E:\SHINHWA\08_SQ심사\2026\첨부5. ★5차 가이드_[협력사 자체 정성품질 향상활동]_크메르어.pdf,22582,2026-05-18,이미 있음(동일)
E:\SQ 심사 관련서류\지빠귀\정성품질\정성품질 관련자료\다국어 정성품질 교육자료\첨부6. 휴먼에러 클레임 분석 및 개선대책 수립결과_협력사명.xlsx,08_SQ심사,SQ 심사 자료,E:\SHINHWA\08_SQ심사\2026\첨부6. 휴먼에러 클레임 분석 및 개선대책 수립결과_협력사명.xlsx,433,2026-05-18,이미 있음(동일)
E:\SQ 심사 관련서류\지빠귀\정성품질\정성품질 관련자료\다국어 정성품질 교육자료\첨부7. 우수사례 양식.pptx,08_SQ심사,SQ 심사 자료,E:\SHINHWA\08_SQ심사\2026\첨부7. 우수사례 양식.pptx,88,2026-05-18,이미 있음(동일)
E:\SQ 심사 관련서류\지빠귀\정성품질\정성품질 관련자료\이상조치.pptx,08_SQ심사,SQ 심사 자료,E:\SHINHWA\08_SQ심사\2026\이상조치.pptx,493,2026-05-18,이미 있음(동일)
E:\SQ 심사 관련서류\지빠귀\정성품질\정성품질 관련자료\작성제출본 230223\1. 키맨 선정결과 회신_협력사명.xlsx,08_SQ심사,SQ 심사 자료,E:\SHINHWA\08_SQ심사\2026\1. 키맨 선정결과 회신_협력사명.xlsx,31,2026-05-18,이미 있음(동일)
E:\SQ 심사 관련서류\지빠귀\정성품질\정성품질 관련자료\작성제출본 230223\2. 협력사 자체 정성품질 향상활동 계획서.xlsx,08_SQ심사,SQ 심사 자료,E:\SHINHWA\08_SQ심사\2026\2. 협력사 자체 정성품질 향상활동 계획서.xlsx,2698,2026-05-18,이미 있음(동일)
E:\SQ 심사 관련서류\지빠귀\정성품질\정성품질 관련자료\작성제출본 230223\정성품질 향상활동결과.xlsx의 프레젠테이션.pptx-230530 - 복사본.pptx,08_SQ심사,SQ 심사 자료,E:\SHINHWA\08_SQ심사\2026\정성품질 향상활동결과.xlsx의 프레젠테이션.pptx-230530 - 복사본.pptx,1285,2026-05-18,이미 있음(동일)
E:\SQ 심사 관련서류\지빠귀\정성품질\정성품질 관련자료\작성제출본 230223\정성품질 향상활동결과.xlsx의 프레젠테이션.pptx-230531.pptx,08_SQ심사,SQ 심사 자료,E:\SHINHWA\08_SQ심사\2026\정성품질 향상활동결과.xlsx의 프레젠테이션.pptx-230531.pptx,4664,2026-05-18,이미 있음(동일)
E:\SQ 심사 관련서류\지빠귀\정성품질\정성품질 관련자료\작성제출본 230223\첨부3. 협력사 자체 정성품질 향상 활동 계획서_ 신화에이치앤티 230523.xlsx,08_SQ심사,SQ 심사 자료,E:\SHINHWA\08_SQ심사\2026\첨부3. 협력사 자체 정성품질 향상 활동 계획서_ 신화에이치앤티 230523.xlsx,5037,2026-05-18,이미 있음(동일)
E:\SQ 심사 관련서류\지빠귀\정성품질\정성품질 관련자료\작성제출본 230223\첨부4. 23년 휴먼에러 분석 개선활동 수립 _ 신화에이치앤티.xlsx,08_SQ심사,SQ 심사 자료,E:\SHINHWA\08_SQ심사\2026\첨부4. 23년 휴먼에러 분석 개선활동 수립 _ 신화에이치앤티.xlsx,43,2026-05-18,이미 있음(동일)
E:\SQ 심사 관련서류\지빠귀\정성품질\정성품질 관련자료\작성제출본 230223\첨부4. 우수사례 양식.pptx,08_SQ심사,SQ 심사 자료,E:\SHINHWA\08_SQ심사\2026\첨부4. 우수사례 양식.pptx,103,2026-05-18,이미 있음(동일)
E:\SQ 심사 관련서류\지빠귀\정성품질\정성품질 관련자료\작성제출본 230223\협력사 정성품질 향상활동 계획서\정성품질 향상활동(이상조치).pptx,08_SQ심사,SQ 심사 자료,E:\SHINHWA\08_SQ심사\2026\정성품질 향상활동(이상조치).pptx,286,2026-05-18,이미 있음(동일)
E:\SQ 심사 관련서류\지빠귀\정성품질\정성품질 관련자료\작성제출본 230223\협력사 정성품질 향상활동 계획서\정성품질 향상활동(이상조치)V2.pptx,08_SQ심사,SQ 심사 자료,E:\SHINHWA\08_SQ심사\2026\정성품질 향상활동(이상조치)V2.pptx,595,2026-05-18,이미 있음(동일)
E:\SQ 심사 관련서류\지빠귀\정성품질\정성품질 관련자료\작성제출본 230223\협력사 정성품질 향상활동 계획서\정성품질 향상활동(작업실시).pptx,08_SQ심사,SQ 심사 자료,E:\SHINHWA\08_SQ심사\2026\정성품질 향상활동(작업실시).pptx,305,2026-05-18,이미 있음(동일)
E:\SQ 심사 관련서류\지빠귀\정성품질\정성품질 관련자료\작성제출본 230223\협력사 정성품질 향상활동 계획서\정성품질 향상활동(작업실시)2.pptx,08_SQ심사,SQ 심사 자료,E:\SHINHWA\08_SQ심사\2026\정성품질 향상활동(작업실시)2.pptx,286,2026-05-18,이미 있음(동일)
E:\SQ 심사 관련서류\지빠귀\정성품질\정성품질 관련자료\작성제출본 230223\협력사 정성품질 향상활동 계획서\정성품질 향상활동(작업실시)2V2.pptx,08_SQ심사,SQ 심사 자료,E:\SHINHWA\08_SQ심사\2026\정성품질 향상활동(작업실시)2V2.pptx,454,2026-05-18,이미 있음(동일)
E:\SQ 심사 관련서류\지빠귀\정성품질\정성품질 관련자료\작성제출본 230223\협력사 정성품질 향상활동 계획서\정성품질 향상활동(작업준비).pptx,08_SQ심사,SQ 심사 자료,E:\SHINHWA\08_SQ심사\2026\정성품질 향상활동(작업준비).pptx,287,2026-05-18,이미 있음(동일)
E:\SQ 심사 관련서류\지빠귀\정성품질\정성품질 관련자료\작성제출본 230223\협력사 정성품질 향상활동 계획서\정성품질 향상활동(작업준비)v2.pptx,08_SQ심사,SQ 심사 자료,E:\SHINHWA\08_SQ심사\2026\정성품질 향상활동(작업준비)v2.pptx,385,2026-05-18,이미 있음(동일)
E:\SQ 심사 관련서류\지빠귀\정성품질\정성품질 관련자료\작성제출본 230223\협력사 정성품질 향상활동 계획서\정성품질 향상활동(작업환경).pptx,08_SQ심사,SQ 심사 자료,E:\SHINHWA\08_SQ심사\2026\정성품질 향상활동(작업환경).pptx,286,2026-05-18,이미 있음(동일)
E:\SQ 심사 관련서류\지빠귀\정성품질\정성품질 관련자료\작성제출본 230223\협력사 정성품질 향상활동 계획서\정성품질 향상활동(작업환경)2.pptx,08_SQ심사,SQ 심사 자료,E:\SHINHWA\08_SQ심사\2026\정성품질 향상활동(작업환경)2.pptx,285,2026-05-18,이미 있음(동일)
E:\SQ 심사 관련서류\지빠귀\정성품질\정성품질 관련자료\작성제출본 230223\협력사 정성품질 향상활동 계획서\정성품질 향상활동(작업환경)2v2.pptx,08_SQ심사,SQ 심사 자료,E:\SHINHWA\08_SQ심사\2026\정성품질 향상활동(작업환경)2v2.pptx,1426,2026-05-18,이미 있음(동일)
E:\SQ 심사 관련서류\지빠귀\정성품질\정성품질 관련자료\작성제출본 230223\협력사 정성품질 향상활동 계획서\정성품질 향상활동(작업환경)v2.pptx,08_SQ심사,SQ 심사 자료,E:\SHINHWA\08_SQ심사\2026\정성품질 향상활동(작업환경)v2.pptx,678,2026-05-18,이미 있음(동일)
E:\SQ 심사 관련서류\지빠귀\정성품질\정성품질 관련자료\작성제출본 230223\협력사 정성품질 향상활동 계획서\정성품질 향상활동(재발방지).pptx,08_SQ심사,SQ 심사 자료,E:\SHINHWA\08_SQ심사\2026\정성품질 향상활동(재발방지).pptx,286,2026-05-18,이미 있음(동일)
E:\SQ 심사 관련서류\지빠귀\정성품질\정성품질 관련자료\작성제출본 230223\협력사 정성품질 향상활동 계획서\정성품질 향상활동(재발방지)2.pptx,08_SQ심사,SQ 심사 자료,E:\SHINHWA\08_SQ심사\2026\정성품질 향상활동(재발방지)2.pptx,284,2026-05-18,이미 있음(동일)
E:\SQ 심사 관련서류\지빠귀\정성품질\정성품질 관련자료\작성제출본 230223\협력사 정성품질 향상활동 계획서\정성품질 향상활동(재발방지)V2.pptx,08_SQ심사,SQ 심사 자료,E:\SHINHWA\08_SQ심사\2026\정성품질 향상활동(재발방지)V2.pptx,287,2026-05-18,이미 있음(동일)
E:\SQ 심사 관련서류\지빠귀\정성품질\정성품질 관련자료\작업실시_V2.pptx,08_SQ심사,SQ 심사 자료,E:\SHINHWA\08_SQ심사\2026\작업실시_V2.pptx,584,2026-05-18,이미 있음(동일)
E:\SQ 심사 관련서류\지빠귀\정성품질\정성품질 관련자료\작업환경.pptx,08_SQ심사,SQ 심사 자료,E:\SHINHWA\08_SQ심사\2026\작업환경.pptx,964,2026-05-18,이미 있음(동일)
E:\SQ 심사 관련서류\지빠귀\정성품질\정성품질 관련자료\장안 박재철\SQ 비대상사 추가 5사.7z,08_SQ심사,SQ 심사 자료,E:\SHINHWA\08_SQ심사\2026\SQ 비대상사 추가 5사.7z,15764,2026-05-18,이미 있음(동일)
E:\SQ 심사 관련서류\지빠귀\정성품질\정성품질 관련자료\장안 박재철\_우재_ V2.xlsx,08_SQ심사,SQ 심사 자료,E:\SHINHWA\08_SQ심사\2026\_우재_ V2.xlsx,6688,2026-05-18,이미 있음(동일)
E:\SQ 심사 관련서류\지빠귀\정성품질\정성품질 관련자료\장안 박재철\작성본\23년 휴먼에러 분석 개선활동 수립 _ 신화에이치앤티_V1 - 복사본.lnk,08_SQ심사,SQ 심사 자료,E:\SHINHWA\08_SQ심사\2026\23년 휴먼에러 분석 개선활동 수립 _ 신화에이치앤티_V1 - 복사본.lnk,1,2026-05-18,이미 있음(동일)
E:\SQ 심사 관련서류\지빠귀\정성품질\정성품질 관련자료\장안 박재철\작성본\23년 휴먼에러 분석 개선활동 수립 _ 신화에이치앤티_V1.lnk,08_SQ심사,SQ 심사 자료,E:\SHINHWA\08_SQ심사\2026\23년 휴먼에러 분석 개선활동 수립 _ 신화에이치앤티_V1.lnk,1,2026-05-18,이미 있음(동일)
E:\SQ 심사 관련서류\지빠귀\정성품질\정성품질 관련자료\장안 박재철\작성본\23년 휴먼에러 분석 개선활동 수립.xlsx,08_SQ심사,SQ 심사 자료,E:\SHINHWA\08_SQ심사\2026\23년 휴먼에러 분석 개선활동 수립.xlsx,42,2026-05-18,이미 있음(동일)
E:\SQ 심사 관련서류\지빠귀\정성품질\정성품질 관련자료\장안 박재철\작성본\정상품질교육자료.xlsx,08_SQ심사,SQ 심사 자료,E:\SHINHWA\08_SQ심사\2026\정상품질교육자료.xlsx,2198,2026-05-18,이미 있음(동일)
E:\SQ 심사 관련서류\지빠귀\정성품질\정성품질 관련자료\장안 박재철\작성본\정성품질 교육자료.pdf,08_SQ심사,SQ 심사 자료,E:\SHINHWA\08_SQ심사\2026\정성품질 교육자료.pdf,641,2026-05-18,이미 있음(동일)
E:\SQ 심사 관련서류\지빠귀\정성품질\정성품질 관련자료\장안 박재철\작성본\정성품질 교육자료v2.pdf,08_SQ심사,SQ 심사 자료,E:\SHINHWA\08_SQ심사\2026\정성품질 교육자료v2.pdf,582,2026-05-18,이미 있음(동일)
E:\SQ 심사 관련서류\지빠귀\정성품질\정성품질 관련자료\장안 박재철\작성본\정성품질 향상 활동 계획서_ 신화에이치앤티_V2.lnk,08_SQ심사,SQ 심사 자료,E:\SHINHWA\08_SQ심사\2026\정성품질 향상 활동 계획서_ 신화에이치앤티_V2.lnk,1,2026-05-18,이미 있음(동일)
E:\SQ 심사 관련서류\지빠귀\정성품질\정성품질 관련자료\장안 박재철\작성본\정성품질 향상활동(이상조치).pptx,08_SQ심사,SQ 심사 자료,E:\SHINHWA\08_SQ심사\2026\정성품질 향상활동(이상조치).pptx,286,2026-05-18,복사 → E:\SHINHWA\08_SQ심사\2026\정성품질 향상활동(이상조치)_v2.pptx
E:\SQ 심사 관련서류\지빠귀\정성품질\정성품질 관련자료\장안 박재철\작성본\정성품질 향상활동(작업실시).pptx,08_SQ심사,SQ 심사 자료,E:\SHINHWA\08_SQ심사\2026\정성품질 향상활동(작업실시).pptx,339,2026-05-18,복사 → E:\SHINHWA\08_SQ심사\2026\정성품질 향상활동(작업실시)_v2.pptx
E:\SQ 심사 관련서류\지빠귀\정성품질\정성품질 관련자료\장안 박재철\작성본\정성품질 향상활동(작업준비).pptx,08_SQ심사,SQ 심사 자료,E:\SHINHWA\08_SQ심사\2026\정성품질 향상활동(작업준비).pptx,286,2026-05-18,복사 → E:\SHINHWA\08_SQ심사\2026\정성품질 향상활동(작업준비)_v2.pptx
E:\SQ 심사 관련서류\지빠귀\정성품질\정성품질 관련자료\장안 박재철\작성본\정성품질 향상활동(작업준비)V2.pptx,08_SQ심사,SQ 심사 자료,E:\SHINHWA\08_SQ심사\2026\정성품질 향상활동(작업준비)V2.pptx,286,2026-05-18,복사 → E:\SHINHWA\08_SQ심사\2026\정성품질 향상활동(작업준비)V2_v2.pptx
E:\SQ 심사 관련서류\지빠귀\정성품질\정성품질 관련자료\장안 박재철\작성본\정성품질 향상활동(작업환경).pptx,08_SQ심사,SQ 심사 자료,E:\SHINHWA\08_SQ심사\2026\정성품질 향상활동(작업환경).pptx,286,2026-05-18,이미 있음(동일)
E:\SQ 심사 관련서류\지빠귀\정성품질\정성품질 관련자료\장안 박재철\작성본\정성품질 향상활동(작업환경)2.pptx,08_SQ심사,SQ 심사 자료,E:\SHINHWA\08_SQ심사\2026\정성품질 향상활동(작업환경)2.pptx,311,2026-05-18,복사 → E:\SHINHWA\08_SQ심사\2026\정성품질 향상활동(작업환경)2_v2.pptx
E:\SQ 심사 관련서류\지빠귀\정성품질\정성품질 관련자료\장안 박재철\작성본\정성품질 향상활동(재발방지).pptx,08_SQ심사,SQ 심사 자료,E:\SHINHWA\08_SQ심사\2026\정성품질 향상활동(재발방지).pptx,292,2026-05-18,복사 → E:\SHINHWA\08_SQ심사\2026\정성품질 향상활동(재발방지)_v2.pptx
E:\SQ 심사 관련서류\지빠귀\정성품질\정성품질 관련자료\장안 박재철\작성본\제출분\첨부3. 협력사 자체 정성품질 향상 활동 계획서_ 신화에이치앤티 230523.xlsx,08_SQ심사,SQ 심사 자료,E:\SHINHWA\08_SQ심사\2026\첨부3. 협력사 자체 정성품질 향상 활동 계획서_ 신화에이치앤티 230523.xlsx,5037,2026-05-18,복사 → E:\SHINHWA\08_SQ심사\2026\첨부3. 협력사 자체 정성품질 향상 활동 계획서_ 신화에이치앤티 230523_v2.xlsx
E:\SQ 심사 관련서류\지빠귀\정성품질\정성품질 관련자료\장안 박재철\작성본\제출분\첨부4. 23년 휴먼에러 분석 개선활동 수립 _ 신화에이치앤티.xlsx,08_SQ심사,SQ 심사 자료,E:\SHINHWA\08_SQ심사\2026\첨부4. 23년 휴먼에러 분석 개선활동 수립 _ 신화에이치앤티.xlsx,42,2026-05-18,복사 → E:\SHINHWA\08_SQ심사\2026\첨부4. 23년 휴먼에러 분석 개선활동 수립 _ 신화에이치앤티_v2.xlsx
E:\SQ 심사 관련서류\지빠귀\정성품질\정성품질 관련자료\장안 박재철\정성풐질 대상사 _ 230223 (1).pdf,08_SQ심사,SQ 심사 자료,E:\SHINHWA\08_SQ심사\2026\정성풐질 대상사 _ 230223 (1).pdf,687,2026-05-18,이미 있음(동일)
E:\SQ 심사 관련서류\지빠귀\정성품질\정성품질 관련자료\장안 박재철\첨부3.  협력사 자체  정성품질 향상 활동 계획서 _협력테크.xlsx,08_SQ심사,SQ 심사 자료,E:\SHINHWA\08_SQ심사\2026\첨부3.  협력사 자체  정성품질 향상 활동 계획서 _협력테크.xlsx,3899,2026-05-18,이미 있음(동일)
E:\SQ 심사 관련서류\지빠귀\정성품질\정성품질 관련자료\장안 박재철\첨부3. 협력사 자체 정성품질 향상 활동 계획서 _JI정밀.xlsx,08_SQ심사,SQ 심사 자료,E:\SHINHWA\08_SQ심사\2026\첨부3. 협력사 자체 정성품질 향상 활동 계획서 _JI정밀.xlsx,7371,2026-05-18,이미 있음(동일)
E:\SQ 심사 관련서류\지빠귀\정성품질\정성품질 관련자료\장안 박재철\첨부3. 협력사 자체 정성품질 향상활동 계획서_ 삼호나노텍.xlsx,08_SQ심사,SQ 심사 자료,E:\SHINHWA\08_SQ심사\2026\첨부3. 협력사 자체 정성품질 향상활동 계획서_ 삼호나노텍.xlsx,4115,2026-05-18,이미 있음(동일)
E:\SQ 심사 관련서류\지빠귀\정성품질\정성품질 관련자료\장안 박재철\첨부3. 협력사 자체 정성품질 향상활동 계획서_신형㈜.xlsx,08_SQ심사,SQ 심사 자료,E:\SHINHWA\08_SQ심사\2026\첨부3. 협력사 자체 정성품질 향상활동 계획서_신형㈜.xlsx,4604,2026-05-18,이미 있음(동일)
E:\SQ 심사 관련서류\지빠귀\정성품질\정성품질 관련자료\장안 박재철\첨부4. 23년 휴먼에러 분석 개선활동 수립_ 삼호나노텍.xlsx,08_SQ심사,SQ 심사 자료,E:\SHINHWA\08_SQ심사\2026\첨부4. 23년 휴먼에러 분석 개선활동 수립_ 삼호나노텍.xlsx,44,2026-05-18,이미 있음(동일)
E:\SQ 심사 관련서류\지빠귀\정성품질\정성품질 관련자료\장안 박재철\첨부4. 23년 휴먼에러 분석 개선활동 수립_JI정밀.xlsx,08_SQ심사,SQ 심사 자료,E:\SHINHWA\08_SQ심사\2026\첨부4. 23년 휴먼에러 분석 개선활동 수립_JI정밀.xlsx,39,2026-05-18,이미 있음(동일)
E:\SQ 심사 관련서류\지빠귀\정성품질\정성품질 관련자료\장안 박재철\첨부4. 23년 휴먼에러 분석 개선활동 수립_신형㈜.xlsx,08_SQ심사,SQ 심사 자료,E:\SHINHWA\08_SQ심사\2026\첨부4. 23년 휴먼에러 분석 개선활동 수립_신형㈜.xlsx,37,2026-05-18,이미 있음(동일)
E:\SQ 심사 관련서류\지빠귀\정성품질\정성품질 관련자료\장안 박재철\첨부4. 23년 휴먼에러 분석 개선활동 수립_협력테크.xlsx,08_SQ심사,SQ 심사 자료,E:\SHINHWA\08_SQ심사\2026\첨부4. 23년 휴먼에러 분석 개선활동 수립_협력테크.xlsx,41,2026-05-18,이미 있음(동일)
E:\SQ 심사 관련서류\지빠귀\정성품질\정성품질 관련자료\재발방지.pptx,08_SQ심사,SQ 심사 자료,E:\SHINHWA\08_SQ심사\2026\재발방지.pptx,787,2026-05-18,이미 있음(동일)
E:\SQ 심사 관련서류\지빠귀\정성품질\정성품질 관련자료\정성품질 가이드(우수사례)\정성품질 6차.7z,08_SQ심사,SQ 심사 자료,E:\SHINHWA\08_SQ심사\2026\정성품질 6차.7z,13260,2026-05-18,이미 있음(동일)
E:\SQ 심사 관련서류\지빠귀\정성품질\정성품질 관련자료\정성품질 가이드(우수사례)\첨부1. ★6차 가이드_[협력사 자체 정성품질 향상활동].pdf,08_SQ심사,SQ 심사 자료,E:\SHINHWA\08_SQ심사\2026\첨부1. ★6차 가이드_[협력사 자체 정성품질 향상활동].pdf,15092,2026-05-18,이미 있음(동일)
E:\SQ 심사 관련서류\지빠귀\정성품질\정성품질 관련자료\정성품질 가이드(우수사례)\첨부4. 우수사례 양식.pptx,08_SQ심사,SQ 심사 자료,E:\SHINHWA\08_SQ심사\2026\첨부4. 우수사례 양식.pptx,103,2026-05-18,이미 있음(동일)
E:\SQ 심사 관련서류\지빠귀\정성품질\정성품질 관련자료\정성품질 추진관련(원본)\23차사 정성품질 추진일정 _ 230223.xlsx,08_SQ심사,SQ 심사 자료,E:\SHINHWA\08_SQ심사\2026\23차사 정성품질 추진일정 _ 230223.xlsx,11,2026-05-18,이미 있음(동일)
E:\SQ 심사 관련서류\지빠귀\정성품질\정성품질 관련자료\정성품질 추진관련(원본)\이상조치.pptx,08_SQ심사,SQ 심사 자료,E:\SHINHWA\08_SQ심사\2026\이상조치.pptx,493,2026-05-18,이미 있음(동일)
E:\SQ 심사 관련서류\지빠귀\정성품질\정성품질 관련자료\정성품질 추진관련(원본)\작업실시_V2.pptx,08_SQ심사,SQ 심사 자료,E:\SHINHWA\08_SQ심사\2026\작업실시_V2.pptx,584,2026-05-18,이미 있음(동일)
E:\SQ 심사 관련서류\지빠귀\정성품질\정성품질 관련자료\정성품질 추진관련(원본)\작업환경.pptx,08_SQ심사,SQ 심사 자료,E:\SHINHWA\08_SQ심사\2026\작업환경.pptx,964,2026-05-18,이미 있음(동일)
E:\SQ 심사 관련서류\지빠귀\정성품질\정성품질 관련자료\정성품질 추진관련(원본)\재발방지.pptx,08_SQ심사,SQ 심사 자료,E:\SHINHWA\08_SQ심사\2026\재발방지.pptx,787,2026-05-18,이미 있음(동일)
E:\SQ 심사 관련서류\지빠귀\정성품질\정성품질 관련자료\정성품질 추진관련(원본)\정성품질개요-V1.pptx,08_SQ심사,SQ 심사 자료,E:\SHINHWA\08_SQ심사\2026\정성품질개요-V1.pptx,1345,2026-05-18,이미 있음(동일)
E:\SQ 심사 관련서류\지빠귀\정성품질\정성품질 관련자료\정성품질 추진관련(원본)\정성풐질 대상사 _ 230223.pdf,08_SQ심사,SQ 심사 자료,E:\SHINHWA\08_SQ심사\2026\정성풐질 대상사 _ 230223.pdf,687,2026-05-18,이미 있음(동일)
E:\SQ 심사 관련서류\지빠귀\정성품질\정성품질 관련자료\정성품질 추진관련(원본)\첨부0. 23년 협력사 품질마인드 레벨업 활동 계획.pdf,08_SQ심사,SQ 심사 자료,E:\SHINHWA\08_SQ심사\2026\첨부0. 23년 협력사 품질마인드 레벨업 활동 계획.pdf,2267,2026-05-18,이미 있음(동일)
E:\SQ 심사 관련서류\지빠귀\정성품질\정성품질 관련자료\정성품질 추진관련(원본)\첨부1. 키맨 선정결과 회신_협력사명.xlsx,08_SQ심사,SQ 심사 자료,E:\SHINHWA\08_SQ심사\2026\첨부1. 키맨 선정결과 회신_협력사명.xlsx,31,2026-05-18,이미 있음(동일)
E:\SQ 심사 관련서류\지빠귀\정성품질\정성품질 관련자료\정성품질 추진관련(원본)\첨부2. 23년2차사 추가 전파교육 계획 수립 요청.xlsm,08_SQ심사,SQ 심사 자료,E:\SHINHWA\08_SQ심사\2026\첨부2. 23년2차사 추가 전파교육 계획 수립 요청.xlsm,15971,2026-05-18,이미 있음(동일)
E:\SQ 심사 관련서류\지빠귀\정성품질\정성품질 관련자료\정성품질 추진관련(원본)\첨부2. 23년2차사 추가 전파교육 계획 수립 요청_ LE42 (002)_ 230223의 복사본.xlsm,08_SQ심사,SQ 심사 자료,E:\SHINHWA\08_SQ심사\2026\첨부2. 23년2차사 추가 전파교육 계획 수립 요청_ LE42 (002)_ 230223의 복사본.xlsm,14111,2026-05-18,이미 있음(동일)
E:\SQ 심사 관련서류\지빠귀\정성품질\정성품질 관련자료\정성품질 추진관련(원본)\첨부2. 협력사 자체 정성품질 향상활동 계획서_협력사명의 프레젠테이션.pptx,08_SQ심사,SQ 심사 자료,E:\SHINHWA\08_SQ심사\2026\첨부2. 협력사 자체 정성품질 향상활동 계획서_협력사명의 프레젠테이션.pptx,285,2026-05-18,이미 있음(동일)
E:\SQ 심사 관련서류\지빠귀\정성품질\정성품질 관련자료\정성품질 추진관련(원본)\첨부3. 협력사 자체 정성품질 향상활동 계획서_협력사명.xlsx,08_SQ심사,SQ 심사 자료,E:\SHINHWA\08_SQ심사\2026\첨부3. 협력사 자체 정성품질 향상활동 계획서_협력사명.xlsx,1624,2026-05-18,이미 있음(동일)
E:\SQ 심사 관련서류\지빠귀\정성품질\정성품질 관련자료\정성품질 추진관련(원본)\첨부4. 23년 휴먼에러 분석 개선활동 수립_배포용.xlsx,08_SQ심사,SQ 심사 자료,E:\SHINHWA\08_SQ심사\2026\첨부4. 23년 휴먼에러 분석 개선활동 수립_배포용.xlsx,40,2026-05-18,이미 있음(동일)
E:\SQ 심사 관련서류\지빠귀\정성품질\정성품질 관련자료\정성품질 추진관련(원본)\첨부5. 우수사례 양식_230207.pptx,08_SQ심사,SQ 심사 자료,E:\SHINHWA\08_SQ심사\2026\첨부5. 우수사례 양식_230207.pptx,88,2026-05-18,이미 있음(동일)
E:\SQ 심사 관련서류\지빠귀\정성품질\정성품질 관련자료\정성품질 향상 활동 계획서(신화에이치앤티).xlsx,08_SQ심사,SQ 심사 자료,E:\SHINHWA\08_SQ심사\2026\정성품질 향상 활동 계획서(신화에이치앤티).xlsx,3331,2026-05-18,이미 있음(동일)
E:\SQ 심사 관련서류\지빠귀\정성품질\정성품질 관련자료\정성품질개요-V1.pptx,08_SQ심사,SQ 심사 자료,E:\SHINHWA\08_SQ심사\2026\정성품질개요-V1.pptx,1345,2026-05-18,이미 있음(동일)
E:\SQ 심사 관련서류\지빠귀\정성품질\정성품질 관련자료\정성풐질 대상사 _ 230223.pdf,08_SQ심사,SQ 심사 자료,E:\SHINHWA\08_SQ심사\2026\정성풐질 대상사 _ 230223.pdf,687,2026-05-18,이미 있음(동일)
E:\SQ 심사 관련서류\지빠귀\정성품질\정성품질 관련자료\제주현\Cost BOM 종합 (신화).xlsx,08_SQ심사,SQ 심사 자료,E:\SHINHWA\08_SQ심사\2026\Cost BOM 종합 (신화).xlsx,5950,2026-05-18,이미 있음(동일)
E:\SQ 심사 관련서류\지빠귀\정성품질\정성품질 관련자료\제주현\Cost BOM 종합 (신화)_220428.xlsx,08_SQ심사,SQ 심사 자료,E:\SHINHWA\08_SQ심사\2026\Cost BOM 종합 (신화)_220428.xlsx,100,2026-05-18,이미 있음(동일)
E:\SQ 심사 관련서류\지빠귀\정성품질\정성품질 관련자료\첨부0. 23년 협력사 품질마인드 레벨업 활동 계획(휴먼에러 관련 설명).pdf,08_SQ심사,SQ 심사 자료,E:\SHINHWA\08_SQ심사\2026\첨부0. 23년 협력사 품질마인드 레벨업 활동 계획(휴먼에러 관련 설명).pdf,2267,2026-05-18,이미 있음(동일)
E:\SQ 심사 관련서류\지빠귀\정성품질\정성품질 관련자료\첨부2. 23년2차사 추가 전파교육 계획 수립 요청.xlsm,08_SQ심사,SQ 심사 자료,E:\SHINHWA\08_SQ심사\2026\첨부2. 23년2차사 추가 전파교육 계획 수립 요청.xlsm,15971,2026-05-18,이미 있음(동일)
E:\SQ 심사 관련서류\지빠귀\정성품질\정성품질 관련자료\첨부2. 23년2차사 추가 전파교육 계획 수립 요청_ LE42 (002)_ 230223의 복사본.xlsm,08_SQ심사,SQ 심사 자료,E:\SHINHWA\08_SQ심사\2026\첨부2. 23년2차사 추가 전파교육 계획 수립 요청_ LE42 (002)_ 230223의 복사본.xlsm,14111,2026-05-18,이미 있음(동일)
E:\SQ 심사 관련서류\지빠귀\정성품질\정성품질 관련자료\첨부2. 협력사 자체 정성품질 향상활동 계획서_협력사명의 프레젠테이션.pptx,08_SQ심사,SQ 심사 자료,E:\SHINHWA\08_SQ심사\2026\첨부2. 협력사 자체 정성품질 향상활동 계획서_협력사명의 프레젠테이션.pptx,285,2026-05-18,이미 있음(동일)
E:\SQ 심사 관련서류\지빠귀\정성품질\정성품질 관련자료\첨부4. 23년 휴먼에러 분석 개선활동 수립_배포용.xlsx,08_SQ심사,SQ 심사 자료,E:\SHINHWA\08_SQ심사\2026\첨부4. 23년 휴먼에러 분석 개선활동 수립_배포용.xlsx,40,2026-05-18,이미 있음(동일)
E:\SQ 심사 관련서류\지빠귀\정성품질\정성품질 관련자료\첨부5. 우수사례 양식_230207.pptx,08_SQ심사,SQ 심사 자료,E:\SHINHWA\08_SQ심사\2026\첨부5. 우수사례 양식_230207.pptx,88,2026-05-18,이미 있음(동일)
E:\SQ 심사 관련서류\지빠귀\정성품질\정성품질 운영안\정성품질 운영관리_Rev.0_23-11-13 (1).pptx,08_SQ심사,SQ 심사 자료,E:\SHINHWA\08_SQ심사\2026\정성품질 운영관리_Rev.0_23-11-13 (1).pptx,69,2026-05-18,이미 있음(동일)
E:\SQ 심사 관련서류\지빠귀\정성품질\정성품질 추진 조직도_Rev 0.1.pptx,08_SQ심사,SQ 심사 자료,E:\SHINHWA\08_SQ심사\2026\정성품질 추진 조직도_Rev 0.1.pptx,439,2026-05-18,이미 있음(동일)
E:\SQ 심사 관련서류\지빠귀\정성품질\정성품질 추진관련(원본)\23차사 정성품질 추진일정 _ 230223.xlsx,08_SQ심사,SQ 심사 자료,E:\SHINHWA\08_SQ심사\2026\23차사 정성품질 추진일정 _ 230223.xlsx,11,2026-05-18,이미 있음(동일)
E:\SQ 심사 관련서류\지빠귀\정성품질\정성품질 추진관련(원본)\이상조치.pptx,08_SQ심사,SQ 심사 자료,E:\SHINHWA\08_SQ심사\2026\이상조치.pptx,493,2026-05-18,이미 있음(동일)
E:\SQ 심사 관련서류\지빠귀\정성품질\정성품질 추진관련(원본)\작업실시_V2.pptx,08_SQ심사,SQ 심사 자료,E:\SHINHWA\08_SQ심사\2026\작업실시_V2.pptx,584,2026-05-18,이미 있음(동일)
E:\SQ 심사 관련서류\지빠귀\정성품질\정성품질 추진관련(원본)\작업환경.pptx,08_SQ심사,SQ 심사 자료,E:\SHINHWA\08_SQ심사\2026\작업환경.pptx,964,2026-05-18,이미 있음(동일)
E:\SQ 심사 관련서류\지빠귀\정성품질\정성품질 추진관련(원본)\재발방지.pptx,08_SQ심사,SQ 심사 자료,E:\SHINHWA\08_SQ심사\2026\재발방지.pptx,787,2026-05-18,이미 있음(동일)
E:\SQ 심사 관련서류\지빠귀\정성품질\정성품질 추진관련(원본)\정성품질 교육 자료\이상조치.pptx,08_SQ심사,SQ 심사 자료,E:\SHINHWA\08_SQ심사\2026\이상조치.pptx,493,2026-05-18,이미 있음(동일)
E:\SQ 심사 관련서류\지빠귀\정성품질\정성품질 추진관련(원본)\정성품질 교육 자료\작업실시_V2.pptx,08_SQ심사,SQ 심사 자료,E:\SHINHWA\08_SQ심사\2026\작업실시_V2.pptx,584,2026-05-18,이미 있음(동일)
E:\SQ 심사 관련서류\지빠귀\정성품질\정성품질 추진관련(원본)\정성품질 교육 자료\작업환경.pptx,08_SQ심사,SQ 심사 자료,E:\SHINHWA\08_SQ심사\2026\작업환경.pptx,964,2026-05-18,이미 있음(동일)
E:\SQ 심사 관련서류\지빠귀\정성품질\정성품질 추진관련(원본)\정성품질 교육 자료\재발방지.pptx,08_SQ심사,SQ 심사 자료,E:\SHINHWA\08_SQ심사\2026\재발방지.pptx,787,2026-05-18,이미 있음(동일)
E:\SQ 심사 관련서류\지빠귀\정성품질\정성품질 추진관련(원본)\정성품질개요-V1.pptx,08_SQ심사,SQ 심사 자료,E:\SHINHWA\08_SQ심사\2026\정성품질개요-V1.pptx,1345,2026-05-18,이미 있음(동일)
E:\SQ 심사 관련서류\지빠귀\정성품질\정성품질 추진관련(원본)\정성풐질 대상사 _ 230223.pdf,08_SQ심사,SQ 심사 자료,E:\SHINHWA\08_SQ심사\2026\정성풐질 대상사 _ 230223.pdf,687,2026-05-18,이미 있음(동일)
E:\SQ 심사 관련서류\지빠귀\정성품질\정성품질 추진관련(원본)\첨부0. 23년 협력사 품질마인드 레벨업 활동 계획.pdf,08_SQ심사,SQ 심사 자료,E:\SHINHWA\08_SQ심사\2026\첨부0. 23년 협력사 품질마인드 레벨업 활동 계획.pdf,2267,2026-05-18,이미 있음(동일)
E:\SQ 심사 관련서류\지빠귀\정성품질\정성품질 추진관련(원본)\첨부1. 키맨 선정결과 회신_협력사명.xlsx,08_SQ심사,SQ 심사 자료,E:\SHINHWA\08_SQ심사\2026\첨부1. 키맨 선정결과 회신_협력사명.xlsx,31,2026-05-18,이미 있음(동일)
E:\SQ 심사 관련서류\지빠귀\정성품질\정성품질 추진관련(원본)\첨부2. 23년2차사 추가 전파교육 계획 수립 요청.xlsm,08_SQ심사,SQ 심사 자료,E:\SHINHWA\08_SQ심사\2026\첨부2. 23년2차사 추가 전파교육 계획 수립 요청.xlsm,15971,2026-05-18,이미 있음(동일)
E:\SQ 심사 관련서류\지빠귀\정성품질\정성품질 추진관련(원본)\첨부2. 23년2차사 추가 전파교육 계획 수립 요청_ LE42 (002)_ 230223의 복사본.xlsm,08_SQ심사,SQ 심사 자료,E:\SHINHWA\08_SQ심사\2026\첨부2. 23년2차사 추가 전파교육 계획 수립 요청_ LE42 (002)_ 230223의 복사본.xlsm,14111,2026-05-18,이미 있음(동일)
E:\SQ 심사 관련서류\지빠귀\정성품질\정성품질 추진관련(원본)\첨부2. 협력사 자체 정성품질 향상활동 계획서_협력사명의 프레젠테이션.pptx,08_SQ심사,SQ 심사 자료,E:\SHINHWA\08_SQ심사\2026\첨부2. 협력사 자체 정성품질 향상활동 계획서_협력사명의 프레젠테이션.pptx,285,2026-05-18,이미 있음(동일)
E:\SQ 심사 관련서류\지빠귀\정성품질\정성품질 추진관련(원본)\첨부3. 협력사 자체 정성품질 향상활동 계획서_협력사명.xlsx,08_SQ심사,SQ 심사 자료,E:\SHINHWA\08_SQ심사\2026\첨부3. 협력사 자체 정성품질 향상활동 계획서_협력사명.xlsx,1624,2026-05-18,이미 있음(동일)
E:\SQ 심사 관련서류\지빠귀\정성품질\정성품질 추진관련(원본)\첨부4. 23년 휴먼에러 분석 개선활동 수립_배포용.xlsx,08_SQ심사,SQ 심사 자료,E:\SHINHWA\08_SQ심사\2026\첨부4. 23년 휴먼에러 분석 개선활동 수립_배포용.xlsx,40,2026-05-18,이미 있음(동일)
E:\SQ 심사 관련서류\지빠귀\정성품질\정성품질 추진관련(원본)\첨부5. 우수사례 양식_230207.pptx,08_SQ심사,SQ 심사 자료,E:\SHINHWA\08_SQ심사\2026\첨부5. 우수사례 양식_230207.pptx,88,2026-05-18,이미 있음(동일)
E:\SQ 심사 관련서류\지빠귀\정성품질\정성품질 추진관련(원본)\타 업체사례\11월 정성품질 년간점검 계획서 및 체크리스트_금호정밀_231101(스캔본).pdf,08_SQ심사,SQ 심사 자료,E:\SHINHWA\08_SQ심사\2026\11월 정성품질 년간점검 계획서 및 체크리스트_금호정밀_231101(스캔본).pdf,7605,2026-05-18,이미 있음(동일)
E:\SQ 심사 관련서류\지빠귀\정성품질\정성품질 추진관련(원본)\타 업체사례\11월 정성품질 년간점검 계획서 및 체크리스트_금호정밀_231101.xlsx,08_SQ심사,SQ 심사 자료,E:\SHINHWA\08_SQ심사\2026\11월 정성품질 년간점검 계획서 및 체크리스트_금호정밀_231101.xlsx,1766,2026-05-18,이미 있음(동일)
E:\SQ 심사 관련서류\지빠귀\정성품질\정성품질 추진관련(원본)\타 업체사례\정성품질 향상활동결과_금호정밀_231101(유효성평가)(스캔본).pdf,08_SQ심사,SQ 심사 자료,E:\SHINHWA\08_SQ심사\2026\정성품질 향상활동결과_금호정밀_231101(유효성평가)(스캔본).pdf,3338,2026-05-18,이미 있음(동일)
E:\SQ 심사 관련서류\지빠귀\정성품질\정성품질 추진관련(원본)\타 업체사례\정성품질 향상활동결과_금호정밀_231101(유효성평가).pptx,08_SQ심사,SQ 심사 자료,E:\SHINHWA\08_SQ심사\2026\정성품질 향상활동결과_금호정밀_231101(유효성평가).pptx,3771,2026-05-18,이미 있음(동일)
E:\SQ 심사 관련서류\지빠귀\정성품질\정성품질 추진관련(원본)\타 업체사례\정성품질 후반기 점검    _2311_WK45.pptx,08_SQ심사,SQ 심사 자료,E:\SHINHWA\08_SQ심사\2026\정성품질 후반기 점검    _2311_WK45.pptx,115,2026-05-18,이미 있음(동일)
E:\SQ 심사 관련서류\지빠귀\정성품질\정성품질 통신문(포레시아)\정성품질 통신문-pdf (1).zip,08_SQ심사,SQ 심사 자료,E:\SHINHWA\08_SQ심사\2026\정성품질 통신문-pdf (1).zip,195,2026-05-18,이미 있음(동일)
E:\SQ 심사 관련서류\지빠귀\정성품질\정성품질 통신문(포레시아)\정성품질 통신문.pdf,08_SQ심사,SQ 심사 자료,E:\SHINHWA\08_SQ심사\2026\정성품질 통신문.pdf,205,2026-05-18,이미 있음(동일)
E:\SQ 심사 관련서류\지빠귀\정성품질\정성품질 통신문(포레시아)\첨부1. ★정성품질 통신문 (16호)-pdf.zip,08_SQ심사,SQ 심사 자료,E:\SHINHWA\08_SQ심사\2026\첨부1. ★정성품질 통신문 (16호)-pdf.zip,213,2026-05-18,이미 있음(동일)
E:\SQ 심사 관련서류\지빠귀\정성품질\정성품질 통신문(포레시아)\첨부2. 휴먼에러 클레임 분석 및 개선대책 수립결과_협력사명.xlsx,08_SQ심사,SQ 심사 자료,E:\SHINHWA\08_SQ심사\2026\첨부2. 휴먼에러 클레임 분석 및 개선대책 수립결과_협력사명.xlsx,353,2026-05-18,이미 있음(동일)
E:\SQ 심사 관련서류\지빠귀\정성품질\정성품질 통신문\정성품질 통신문-pdf (1).zip,08_SQ심사,SQ 심사 자료,E:\SHINHWA\08_SQ심사\2026\정성품질 통신문-pdf (1).zip,195,2026-05-18,이미 있음(동일)
E:\SQ 심사 관련서류\지빠귀\정성품질\정성품질 통신문\정성품질 통신문.pdf,08_SQ심사,SQ 심사 자료,E:\SHINHWA\08_SQ심사\2026\정성품질 통신문.pdf,205,2026-05-18,이미 있음(동일)
E:\SQ 심사 관련서류\지빠귀\정성품질\정성품질 통신문\첨부1. ★정성품질 통신문 (16호)-pdf.zip,08_SQ심사,SQ 심사 자료,E:\SHINHWA\08_SQ심사\2026\첨부1. ★정성품질 통신문 (16호)-pdf.zip,213,2026-05-18,이미 있음(동일)
E:\SQ 심사 관련서류\지빠귀\정성품질\정성품질 통신문\첨부2. 휴먼에러 클레임 분석 및 개선대책 수립결과_협력사명.xlsx,08_SQ심사,SQ 심사 자료,E:\SHINHWA\08_SQ심사\2026\첨부2. 휴먼에러 클레임 분석 및 개선대책 수립결과_협력사명.xlsx,353,2026-05-18,이미 있음(동일)
E:\SQ 심사 관련서류\지빠귀\정성품질\정성품질 활동 작성본\1. 키맨 선정결과 회신_협력사명.xlsx,08_SQ심사,SQ 심사 자료,E:\SHINHWA\08_SQ심사\2026\1. 키맨 선정결과 회신_협력사명.xlsx,32,2026-05-18,복사 → E:\SHINHWA\08_SQ심사\2026\1. 키맨 선정결과 회신_협력사명_v2.xlsx
E:\SQ 심사 관련서류\지빠귀\정성품질\정성품질 활동 작성본\2. 협력사 자체 정성품질 향상활동 계획서.xlsx,08_SQ심사,SQ 심사 자료,E:\SHINHWA\08_SQ심사\2026\2. 협력사 자체 정성품질 향상활동 계획서.xlsx,2697,2026-05-18,복사 → E:\SHINHWA\08_SQ심사\2026\2. 협력사 자체 정성품질 향상활동 계획서_v2.xlsx
E:\SQ 심사 관련서류\지빠귀\정성품질\정성품질 활동 작성본\4 Draft of FSE-F-SPE-7400 to Rodolfo LOPEZ December SPQA _정기평가_신화_221229.xlsx,08_SQ심사,SQ 심사 자료,E:\SHINHWA\08_SQ심사\2026\4 Draft of FSE-F-SPE-7400 to Rodolfo LOPEZ December SPQA _정기평가_신화_221229.xlsx,4127,2026-05-18,이미 있음(동일)
E:\SQ 심사 관련서류\지빠귀\정성품질\정성품질 활동 작성본\4 Draft of FSE-F-SPE-7400 to Rodolfo LOPEZ December SPQA _정기평가_신화_230317.xlsx,08_SQ심사,SQ 심사 자료,E:\SHINHWA\08_SQ심사\2026\4 Draft of FSE-F-SPE-7400 to Rodolfo LOPEZ December SPQA _정기평가_신화_230317.xlsx,4127,2026-05-18,이미 있음(동일)
E:\SQ 심사 관련서류\지빠귀\정성품질\정성품질 활동 작성본\4 Draft of FSE-F-SPE-7400 to Rodolfo LOPEZ December SPQA _정기평가_신화_230602.xlsx,08_SQ심사,SQ 심사 자료,E:\SHINHWA\08_SQ심사\2026\4 Draft of FSE-F-SPE-7400 to Rodolfo LOPEZ December SPQA _정기평가_신화_230602.xlsx,4126,2026-05-18,이미 있음(동일)
E:\SQ 심사 관련서류\지빠귀\정성품질\정성품질 활동 작성본\Draft of FSE-F-SPE-7400 to Rodolfo LOPEZ December 2021-BV_V2_SPQA _개선대책_230612 신화에이치앤티.pptx,08_SQ심사,SQ 심사 자료,E:\SHINHWA\08_SQ심사\2026\Draft of FSE-F-SPE-7400 to Rodolfo LOPEZ December 2021-BV_V2_SPQA _개선대책_230612 신화에이치앤티.pptx,6815,2026-05-18,이미 있음(동일)
E:\SQ 심사 관련서류\지빠귀\정성품질\정성품질 활동 작성본\FSE-F-SPE-7400 FCM Supplier Process Qualification Audit (SPQA)_ 230612_신화에이치앤티.pdf,08_SQ심사,SQ 심사 자료,E:\SHINHWA\08_SQ심사\2026\FSE-F-SPE-7400 FCM Supplier Process Qualification Audit (SPQA)_ 230612_신화에이치앤티.pdf,135,2026-05-18,이미 있음(동일)
E:\SQ 심사 관련서류\지빠귀\정성품질\정성품질 활동 작성본\FSE-F-SPE-7400 FCM Supplier Process Qualification Audit (SPQA)_ 230612_신화에이치앤티.xlsm,08_SQ심사,SQ 심사 자료,E:\SHINHWA\08_SQ심사\2026\FSE-F-SPE-7400 FCM Supplier Process Qualification Audit (SPQA)_ 230612_신화에이치앤티.xlsm,4204,2026-05-18,이미 있음(동일)
E:\SQ 심사 관련서류\지빠귀\정성품질\정성품질 활동 작성본\FSE-F-SPE-7400 FCM Supplier Process Qualification Audit(SPQA)230612 신화에이치앤티 표지.pdf,08_SQ심사,SQ 심사 자료,E:\SHINHWA\08_SQ심사\2026\FSE-F-SPE-7400 FCM Supplier Process Qualification Audit(SPQA)230612 신화에이치앤티 표지.pdf,372,2026-05-18,이미 있음(동일)
E:\SQ 심사 관련서류\지빠귀\정성품질\정성품질 활동 작성본\FSE-F-SPE-7400 FCM Supplier Process Qualification Audit(SPQA)230612 신화에이치앤티 표지.zip,08_SQ심사,SQ 심사 자료,E:\SHINHWA\08_SQ심사\2026\FSE-F-SPE-7400 FCM Supplier Process Qualification Audit(SPQA)230612 신화에이치앤티 표지.zip,327,2026-05-18,이미 있음(동일)
E:\SQ 심사 관련서류\지빠귀\정성품질\정성품질 활동 작성본\S2023년 LEVEL-UP 실시 계획  신화에이치앤티 230323.pptx,08_SQ심사,SQ 심사 자료,E:\SHINHWA\08_SQ심사\2026\S2023년 LEVEL-UP 실시 계획  신화에이치앤티 230323.pptx,388,2026-05-18,이미 있음(동일)
E:\SQ 심사 관련서류\지빠귀\정성품질\정성품질 활동 작성본\SPQA  _ 평가 지적사항_신화에이치앤티_ 230317.pptx,08_SQ심사,SQ 심사 자료,E:\SHINHWA\08_SQ심사\2026\SPQA  _ 평가 지적사항_신화에이치앤티_ 230317.pptx,3281,2026-05-18,이미 있음(동일)
E:\SQ 심사 관련서류\지빠귀\정성품질\정성품질 활동 작성본\교육관련\2차사 안전활동 현황 조사 0415 (3).xlsx,08_SQ심사,SQ 심사 자료,E:\SHINHWA\08_SQ심사\2026\2차사 안전활동 현황 조사 0415 (3).xlsx,20,2026-05-18,이미 있음(동일)
E:\SQ 심사 관련서류\지빠귀\정성품질\정성품질 활동 작성본\교육관련\GPC교육_신청 및 완료 현황 _ 2404_FCM FAS.xlsx,08_SQ심사,SQ 심사 자료,E:\SHINHWA\08_SQ심사\2026\GPC교육_신청 및 완료 현황 _ 2404_FCM FAS.xlsx,21,2026-05-18,이미 있음(동일)
E:\SQ 심사 관련서류\지빠귀\정성품질\정성품질 활동 작성본\정성품질 교육자 명단.pdf,08_SQ심사,SQ 심사 자료,E:\SHINHWA\08_SQ심사\2026\정성품질 교육자 명단.pdf,246,2026-05-18,이미 있음(동일)
E:\SQ 심사 관련서류\지빠귀\정성품질\정성품질 활동 작성본\정성품질 전파교육\정성품질 전파 교육 현황_(주)신화에이치앤티.pptx,08_SQ심사,SQ 심사 자료,E:\SHINHWA\08_SQ심사\2026\정성품질 전파 교육 현황_(주)신화에이치앤티.pptx,1800,2026-05-18,이미 있음(동일)
E:\SQ 심사 관련서류\지빠귀\정성품질\정성품질 활동 작성본\정성품질 전파교육\정성품질 전파 교육 현황_(주)호산.pptx,08_SQ심사,SQ 심사 자료,E:\SHINHWA\08_SQ심사\2026\정성품질 전파 교육 현황_(주)호산.pptx,2162,2026-05-18,이미 있음(동일)
E:\SQ 심사 관련서류\지빠귀\정성품질\정성품질 활동 작성본\정성품질 체크시트 년간 점검 결과 230626.xlsx,08_SQ심사,SQ 심사 자료,E:\SHINHWA\08_SQ심사\2026\정성품질 체크시트 년간 점검 결과 230626.xlsx,19,2026-05-18,이미 있음(동일)
E:\SQ 심사 관련서류\지빠귀\정성품질\정성품질 활동 작성본\정성품질 체크시트 지적사항 20230615.pptx,08_SQ심사,SQ 심사 자료,E:\SHINHWA\08_SQ심사\2026\정성품질 체크시트 지적사항 20230615.pptx,185,2026-05-18,이미 있음(동일)
E:\SQ 심사 관련서류\지빠귀\정성품질\정성품질 활동 작성본\정성품질 체크시트 지적사항 20230810 (포레시아).pptx,08_SQ심사,SQ 심사 자료,E:\SHINHWA\08_SQ심사\2026\정성품질 체크시트 지적사항 20230810 (포레시아).pptx,18121,2026-05-18,이미 있음(동일)
E:\SQ 심사 관련서류\지빠귀\정성품질\정성품질 활동 작성본\정성품질 체크시트.pdf,08_SQ심사,SQ 심사 자료,E:\SHINHWA\08_SQ심사\2026\정성품질 체크시트.pdf,86,2026-05-18,이미 있음(동일)
E:\SQ 심사 관련서류\지빠귀\정성품질\정성품질 활동 작성본\정성품질 체크시트.xls,08_SQ심사,SQ 심사 자료,E:\SHINHWA\08_SQ심사\2026\정성품질 체크시트.xls,58,2026-05-18,이미 있음(동일)
E:\SQ 심사 관련서류\지빠귀\정성품질\정성품질 활동 작성본\정성품질 추진 조직도_Rev 0.1.pptx,08_SQ심사,SQ 심사 자료,E:\SHINHWA\08_SQ심사\2026\정성품질 추진 조직도_Rev 0.1.pptx,1403,2026-05-18,복사 → E:\SHINHWA\08_SQ심사\2026\정성품질 추진 조직도_Rev 0.1_v2.pptx
E:\SQ 심사 관련서류\지빠귀\정성품질\정성품질 활동 작성본\정성품질 향상활동 유효성 점검 결과.xlsx의 프레젠테이션.pptx-231114 수정본.pptx,08_SQ심사,SQ 심사 자료,E:\SHINHWA\08_SQ심사\2026\정성품질 향상활동 유효성 점검 결과.xlsx의 프레젠테이션.pptx-231114 수정본.pptx,2373,2026-05-18,이미 있음(동일)
E:\SQ 심사 관련서류\지빠귀\정성품질\정성품질 활동 작성본\정성품질 향상활동 유효성 점검 결과.xlsx의 프레젠테이션.pptx-231114.pptx,08_SQ심사,SQ 심사 자료,E:\SHINHWA\08_SQ심사\2026\정성품질 향상활동 유효성 점검 결과.xlsx의 프레젠테이션.pptx-231114.pptx,6155,2026-05-18,이미 있음(동일)
E:\SQ 심사 관련서류\지빠귀\정성품질\정성품질 활동 작성본\정성품질 향상활동결과.xlsx의 프레젠테이션.pptx-230531.pptx,08_SQ심사,SQ 심사 자료,E:\SHINHWA\08_SQ심사\2026\정성품질 향상활동결과.xlsx의 프레젠테이션.pptx-230531.pptx,4664,2026-05-18,이미 있음(동일)
E:\SQ 심사 관련서류\지빠귀\정성품질\정성품질 활동 작성본\정성품질 활동 _점검 체크시트 _230726 신화에이치앤티.xlsx,08_SQ심사,SQ 심사 자료,E:\SHINHWA\08_SQ심사\2026\정성품질 활동 _점검 체크시트 _230726 신화에이치앤티.xlsx,7036,2026-05-18,이미 있음(동일)
E:\SQ 심사 관련서류\지빠귀\정성품질\정성품질 활동 작성본\정성품질 활동 _점검 체크시트 _231113 신화에이치앤티(수정본).xlsx,08_SQ심사,SQ 심사 자료,E:\SHINHWA\08_SQ심사\2026\정성품질 활동 _점검 체크시트 _231113 신화에이치앤티(수정본).xlsx,870,2026-05-18,이미 있음(동일)
E:\SQ 심사 관련서류\지빠귀\정성품질\정성품질 활동 작성본\정성품질 활동 _점검 체크시트 _231113 신화에이치앤티.pdf,08_SQ심사,SQ 심사 자료,E:\SHINHWA\08_SQ심사\2026\정성품질 활동 _점검 체크시트 _231113 신화에이치앤티.pdf,64,2026-05-18,이미 있음(동일)
E:\SQ 심사 관련서류\지빠귀\정성품질\정성품질 활동 작성본\정성품질 활동 _점검 체크시트 _231113 신화에이치앤티.xlsx,08_SQ심사,SQ 심사 자료,E:\SHINHWA\08_SQ심사\2026\정성품질 활동 _점검 체크시트 _231113 신화에이치앤티.xlsx,5271,2026-05-18,이미 있음(동일)
E:\SQ 심사 관련서류\지빠귀\정성품질\정성품질 활동 작성본\정성품질 활동 _점검 체크시트 _231120 _신화.xlsx,08_SQ심사,SQ 심사 자료,E:\SHINHWA\08_SQ심사\2026\정성품질 활동 _점검 체크시트 _231120 _신화.xlsx,827,2026-05-18,이미 있음(동일)
E:\SQ 심사 관련서류\지빠귀\정성품질\정성품질 활동 작성본\정성품질 활동 유효성 추진계획서 20131117.xlsx,08_SQ심사,SQ 심사 자료,E:\SHINHWA\08_SQ심사\2026\정성품질 활동 유효성 추진계획서 20131117.xlsx,14,2026-05-18,이미 있음(동일)
E:\SQ 심사 관련서류\지빠귀\정성품질\정성품질 활동 작성본\참석자 명단 (004).xls,08_SQ심사,SQ 심사 자료,E:\SHINHWA\08_SQ심사\2026\참석자 명단 (004).xls,53,2026-05-18,이미 있음(동일)
E:\SQ 심사 관련서류\지빠귀\정성품질\정성품질 활동 작성본\첨부2. 23년2차사 추가 전파교육 계획 수립 요청_ LE42 (002)_ 230223.xlsm,08_SQ심사,SQ 심사 자료,E:\SHINHWA\08_SQ심사\2026\첨부2. 23년2차사 추가 전파교육 계획 수립 요청_ LE42 (002)_ 230223.xlsm,14111,2026-05-18,이미 있음(동일)
E:\SQ 심사 관련서류\지빠귀\정성품질\정성품질 활동 작성본\첨부4. 23년 휴먼에러 분석 개선활동 수립 _ 신화에이치앤티.xlsx,08_SQ심사,SQ 심사 자료,E:\SHINHWA\08_SQ심사\2026\첨부4. 23년 휴먼에러 분석 개선활동 수립 _ 신화에이치앤티.xlsx,42,2026-05-18,복사 → E:\SHINHWA\08_SQ심사\2026\첨부4. 23년 휴먼에러 분석 개선활동 수립 _ 신화에이치앤티_v3.xlsx
E:\SQ 심사 관련서류\지빠귀\정성품질\정성품질 활동 작성본\협력사 정성품질 향상활동 계획서\정성품질 향상활동(이상조치).pptx,08_SQ심사,SQ 심사 자료,E:\SHINHWA\08_SQ심사\2026\정성품질 향상활동(이상조치).pptx,286,2026-05-18,이미 있음(동일)
E:\SQ 심사 관련서류\지빠귀\정성품질\정성품질 활동 작성본\협력사 정성품질 향상활동 계획서\정성품질 향상활동(작업실시).pptx,08_SQ심사,SQ 심사 자료,E:\SHINHWA\08_SQ심사\2026\정성품질 향상활동(작업실시).pptx,305,2026-05-18,이미 있음(동일)
E:\SQ 심사 관련서류\지빠귀\정성품질\정성품질 활동 작성본\협력사 정성품질 향상활동 계획서\정성품질 향상활동(작업실시)2.pptx,08_SQ심사,SQ 심사 자료,E:\SHINHWA\08_SQ심사\2026\정성품질 향상활동(작업실시)2.pptx,286,2026-05-18,이미 있음(동일)
E:\SQ 심사 관련서류\지빠귀\정성품질\정성품질 활동 작성본\협력사 정성품질 향상활동 계획서\정성품질 향상활동(작업준비).pptx,08_SQ심사,SQ 심사 자료,E:\SHINHWA\08_SQ심사\2026\정성품질 향상활동(작업준비).pptx,287,2026-05-18,이미 있음(동일)
E:\SQ 심사 관련서류\지빠귀\정성품질\정성품질 활동 작성본\협력사 정성품질 향상활동 계획서\정성품질 향상활동(작업환경).pptx,08_SQ심사,SQ 심사 자료,E:\SHINHWA\08_SQ심사\2026\정성품질 향상활동(작업환경).pptx,286,2026-05-18,이미 있음(동일)
E:\SQ 심사 관련서류\지빠귀\정성품질\정성품질 활동 작성본\협력사 정성품질 향상활동 계획서\정성품질 향상활동(작업환경)2.pptx,08_SQ심사,SQ 심사 자료,E:\SHINHWA\08_SQ심사\2026\정성품질 향상활동(작업환경)2.pptx,285,2026-05-18,이미 있음(동일)
E:\SQ 심사 관련서류\지빠귀\정성품질\정성품질 활동 작성본\협력사 정성품질 향상활동 계획서\정성품질 향상활동(재발방지).pptx,08_SQ심사,SQ 심사 자료,E:\SHINHWA\08_SQ심사\2026\정성품질 향상활동(재발방지).pptx,286,2026-05-18,이미 있음(동일)
E:\SQ 심사 관련서류\지빠귀\정성품질\정성품질 활동 작성본\협력사 정성품질 향상활동 계획서\정성품질 향상활동(재발방지)2.pptx,08_SQ심사,SQ 심사 자료,E:\SHINHWA\08_SQ심사\2026\정성품질 향상활동(재발방지)2.pptx,284,2026-05-18,이미 있음(동일)
E:\SQ 심사 관련서류\지빠귀\정성품질\정성품질 활동 작성본\협력사 정성품질 향상활동 계획서\정성품질 향상활동결과.xlsx의 프레젠테이션.pptx-230531.pptx,08_SQ심사,SQ 심사 자료,E:\SHINHWA\08_SQ심사\2026\정성품질 향상활동결과.xlsx의 프레젠테이션.pptx-230531.pptx,4664,2026-05-18,이미 있음(동일)
E:\SQ 심사 관련서류\지빠귀\정성품질\정성품질 활동 작성본\협력사 참조\정성품질 추진 조직도_Rev 0.1 (1).pptx,08_SQ심사,SQ 심사 자료,E:\SHINHWA\08_SQ심사\2026\정성품질 추진 조직도_Rev 0.1 (1).pptx,982,2026-05-18,이미 있음(동일)
E:\SQ 심사 관련서류\지빠귀\정성품질\정성품질 활동 작성본\협력사 참조\정성품질 향상 활동결과_ 유효성 점검  _ 덕영테크  _231113.pdf,08_SQ심사,SQ 심사 자료,E:\SHINHWA\08_SQ심사\2026\정성품질 향상 활동결과_ 유효성 점검  _ 덕영테크  _231113.pdf,2064,2026-05-18,이미 있음(동일)
E:\SQ 심사 관련서류\지빠귀\정성품질\정성품질 활동 작성본\협력사 참조\정성품질 활동 _점검 체크시트 _231112_ 덕영테크(주).pdf,08_SQ심사,SQ 심사 자료,E:\SHINHWA\08_SQ심사\2026\정성품질 활동 _점검 체크시트 _231112_ 덕영테크(주).pdf,4155,2026-05-18,이미 있음(동일)
E:\SQ 심사 관련서류\지빠귀\정성품질\정성품질 활동 작성본\협력사 참조\정성품질 활동 대상사 _ LE 42_ 230620.xlsx,08_SQ심사,SQ 심사 자료,E:\SHINHWA\08_SQ심사\2026\정성품질 활동 대상사 _ LE 42_ 230620.xlsx,15,2026-05-18,이미 있음(동일)
E:\SQ 심사 관련서류\지빠귀\정성품질\정성품질 활동 작성본\협력사 참조\정성품질 활동 점검 체크시트 _ 230622 (1).xlsx,08_SQ심사,SQ 심사 자료,E:\SHINHWA\08_SQ심사\2026\정성품질 활동 점검 체크시트 _ 230622 (1).xlsx,72,2026-05-18,이미 있음(동일)
E:\SQ 심사 관련서류\지빠귀\정성품질\정성품질 활동 작성본\협력사 참조\정성품질_체크리스트_정보에스티에스-ppt.zip,08_SQ심사,SQ 심사 자료,E:\SHINHWA\08_SQ심사\2026\정성품질_체크리스트_정보에스티에스-ppt.zip,127,2026-05-18,이미 있음(동일)
E:\SQ 심사 관련서류\지빠귀\정성품질\정성품질 활동 작성본\협력사 참조\참석자 명단.xls,08_SQ심사,SQ 심사 자료,E:\SHINHWA\08_SQ심사\2026\참석자 명단.xls,53,2026-05-18,이미 있음(동일)
E:\SQ 심사 관련서류\지빠귀\정성품질\정성품질 활동 작성본\협력사 참조\체크리스트-삼호나노텍 6.14.xls,08_SQ심사,SQ 심사 자료,E:\SHINHWA\08_SQ심사\2026\체크리스트-삼호나노텍 6.14.xls,3380,2026-05-18,이미 있음(동일)
E:\SQ 심사 관련서류\지빠귀\정성품질\첨부0. 23년 협력사 품질마인드 레벨업 활동 계획(휴먼에러 관련 설명).pdf,08_SQ심사,SQ 심사 자료,E:\SHINHWA\08_SQ심사\2026\첨부0. 23년 협력사 품질마인드 레벨업 활동 계획(휴먼에러 관련 설명).pdf,2267,2026-05-18,이미 있음(동일)
E:\SQ 심사 관련서류\지빠귀\정성품질\측정장비 장비 이상발생시 FLOW.xlsx,08_SQ심사,SQ 심사 자료,E:\SHINHWA\08_SQ심사\2026\측정장비 장비 이상발생시 FLOW.xlsx,934,2026-05-18,이미 있음(동일)
E:\SQ 심사 관련서류\지빠귀\정성품질\타업체 견본\Draft of FSE-F-SPE-7400 to Rodolfo LOPEZ December 2021-BV_V2_SPQA _개선대책_삼원산업(주) 23.04.26.pptx,08_SQ심사,SQ 심사 자료,E:\SHINHWA\08_SQ심사\2026\Draft of FSE-F-SPE-7400 to Rodolfo LOPEZ December 2021-BV_V2_SPQA _개선대책_삼원산업(주) 23.04.26.pptx,4692,2026-05-18,이미 있음(동일)
E:\SQ 심사 관련서류\지빠귀\정성품질\타업체 견본\FSE-F-SPE-7400 FCM Supplier Process Qualification Audit (SPQA)_ 230426_삼원산업 표지-pdf.zip,08_SQ심사,SQ 심사 자료,E:\SHINHWA\08_SQ심사\2026\FSE-F-SPE-7400 FCM Supplier Process Qualification Audit (SPQA)_ 230426_삼원산업 표지-pdf.zip,158,2026-05-18,이미 있음(동일)
E:\SQ 심사 관련서류\지빠귀\정성품질\타업체 견본\FSE-F-SPE-7400 FCM Supplier Process Qualification Audit (SPQA)_ 230426_삼원산업.xlsm,08_SQ심사,SQ 심사 자료,E:\SHINHWA\08_SQ심사\2026\FSE-F-SPE-7400 FCM Supplier Process Qualification Audit (SPQA)_ 230426_삼원산업.xlsm,6446,2026-05-18,이미 있음(동일)
E:\SQ 심사 관련서류\지빠귀\정성품질\타업체 견본\정성품질 추진 조직도_Rev 0.1 - 복사본.pptx,08_SQ심사,SQ 심사 자료,E:\SHINHWA\08_SQ심사\2026\정성품질 추진 조직도_Rev 0.1 - 복사본.pptx,439,2026-05-18,이미 있음(동일)
E:\SQ 심사 관련서류\지빠귀\정성품질\타업체 견본\정성품질 활동 _점검 체크시트 _230627_ 협력사.xlsx,08_SQ심사,SQ 심사 자료,E:\SHINHWA\08_SQ심사\2026\정성품질 활동 _점검 체크시트 _230627_ 협력사.xlsx,81,2026-05-18,이미 있음(동일)
E:\SQ 심사 관련서류\지빠귀\정성품질\한온시스템 정성품질(세원)\첨부1. ★9차 가이드_[협력사 자체 정성품질 향상활동]_배포용.pdf,08_SQ심사,SQ 심사 자료,E:\SHINHWA\08_SQ심사\2026\첨부1. ★9차 가이드_[협력사 자체 정성품질 향상활동]_배포용.pdf,12309,2026-05-18,이미 있음(동일)
E:\SQ 심사 관련서류\지빠귀\정성품질\한온시스템 정성품질(세원)\첨부2. ★정성품질 통신문 (17호)_배포용 (1).pdf,08_SQ심사,SQ 심사 자료,E:\SHINHWA\08_SQ심사\2026\첨부2. ★정성품질 통신문 (17호)_배포용 (1).pdf,291,2026-05-18,이미 있음(동일)
E:\SQ 심사 관련서류\지빠귀\정성품질\한온시스템 정성품질(세원)\첨부2. ★정성품질 통신문 (17호)_배포용.pdf,08_SQ심사,SQ 심사 자료,E:\SHINHWA\08_SQ심사\2026\첨부2. ★정성품질 통신문 (17호)_배포용.pdf,291,2026-05-18,이미 있음(동일)
E:\SQ 심사 관련서류\지빠귀\정성품질\한온시스템 정성품질\첨부1. ★9차 가이드_[협력사 자체 정성품질 향상활동]_배포용.pdf,08_SQ심사,SQ 심사 자료,E:\SHINHWA\08_SQ심사\2026\첨부1. ★9차 가이드_[협력사 자체 정성품질 향상활동]_배포용.pdf,12309,2026-05-18,이미 있음(동일)
E:\SQ 심사 관련서류\지빠귀\정성품질\한온시스템 정성품질\첨부2. ★정성품질 통신문 (17호)_배포용 (1).pdf,08_SQ심사,SQ 심사 자료,E:\SHINHWA\08_SQ심사\2026\첨부2. ★정성품질 통신문 (17호)_배포용 (1).pdf,291,2026-05-18,이미 있음(동일)
E:\SQ 심사 관련서류\지빠귀\정성품질\한온시스템 정성품질\첨부2. ★정성품질 통신문 (17호)_배포용.pdf,08_SQ심사,SQ 심사 자료,E:\SHINHWA\08_SQ심사\2026\첨부2. ★정성품질 통신문 (17호)_배포용.pdf,291,2026-05-18,이미 있음(동일)
E:\기존 서류\이광재 부장 서류\기존서류 2\인증서(1)\IATF 16949(NQA).pdf,08_SQ심사,폴더 지정(인증서),E:\SHINHWA\08_SQ심사\2026\IATF 16949(NQA).pdf,341,2026-06-10,이미 있음(동일)
E:\기존 서류\이광재 부장 서류\기존서류 2\인증서(1)\인증서(ISO14001)\NQA Logo Guidance_v6 (번역본).pdf,08_SQ심사,폴더 지정(인증서),E:\SHINHWA\08_SQ심사\2026\NQA Logo Guidance_v6 (번역본).pdf,3247,2026-06-10,이미 있음(동일)
E:\기존 서류\이광재 부장 서류\기존서류 2\인증서(1)\인증서(ISO14001)\Regulations Relating to Registration_v13(Rev.10) 220906 (국문).pdf,08_SQ심사,폴더 지정(인증서),E:\SHINHWA\08_SQ심사\2026\Regulations Relating to Registration_v13(Rev.10) 220906 (국문).pdf,366,2026-06-10,이미 있음(동일)
E:\기존 서류\이광재 부장 서류\기존서류 2\인증서(1)\인증서(ISO14001)\ems_121025 사본.pdf,08_SQ심사,폴더 지정(인증서),E:\SHINHWA\08_SQ심사\2026\ems_121025 사본.pdf,317,2026-06-10,이미 있음(동일)
E:\기존 서류\이광재 부장 서류\기존서류 2\인증서(1)\인증서(ISO14001)\ems_kor_121025 국문 사본.pdf,08_SQ심사,폴더 지정(인증서),E:\SHINHWA\08_SQ심사\2026\ems_kor_121025 국문 사본.pdf,411,2026-06-10,이미 있음(동일)
E:\기존 서류\이광재 부장 서류\기존서류 2\인증서\IATF 16949(NQA).pdf,08_SQ심사,폴더 지정(인증서),E:\SHINHWA\08_SQ심사\2026\IATF 16949(NQA).pdf,341,2026-06-10,이미 있음(동일)
E:\기존 서류\이광재 부장 서류\기존서류 2\인증서\인증서(ISO14001)\NQA Logo Guidance_v6 (번역본).pdf,08_SQ심사,폴더 지정(인증서),E:\SHINHWA\08_SQ심사\2026\NQA Logo Guidance_v6 (번역본).pdf,3247,2026-06-10,이미 있음(동일)
E:\기존 서류\이광재 부장 서류\기존서류 2\인증서\인증서(ISO14001)\Regulations Relating to Registration_v13(Rev.10) 220906 (국문).pdf,08_SQ심사,폴더 지정(인증서),E:\SHINHWA\08_SQ심사\2026\Regulations Relating to Registration_v13(Rev.10) 220906 (국문).pdf,366,2026-06-10,이미 있음(동일)
E:\기존 서류\이광재 부장 서류\기존서류 2\인증서\인증서(ISO14001)\ems_121025 사본.pdf,08_SQ심사,폴더 지정(인증서),E:\SHINHWA\08_SQ심사\2026\ems_121025 사본.pdf,317,2026-06-10,이미 있음(동일)
E:\기존 서류\이광재 부장 서류\기존서류 2\인증서\인증서(ISO14001)\ems_kor_121025 국문 사본.pdf,08_SQ심사,폴더 지정(인증서),E:\SHINHWA\08_SQ심사\2026\ems_kor_121025 국문 사본.pdf,411,2026-06-10,이미 있음(동일)
"E:\기존 서류\이광재 부장 서류\기존서류 2\자재,출하 관리(1)\자재,출하  SQ 인증 관련 서류 중간점검용 (3).xlsx",08_SQ심사,SQ 심사 자료,"E:\SHINHWA\08_SQ심사\2026\자재,출하  SQ 인증 관련 서류 중간점검용 (3).xlsx",1413,2026-06-10,이미 있음(동일)
"E:\기존 서류\이광재 부장 서류\기존서류 2\자재,출하 관리\자재,출하  SQ 인증 관련 서류 중간점검용 (3).xlsx",08_SQ심사,SQ 심사 자료,"E:\SHINHWA\08_SQ심사\2026\자재,출하  SQ 인증 관련 서류 중간점검용 (3).xlsx",1413,2026-06-10,이미 있음(동일)
"E:\기존 서류\이광재 부장 서류\기존서류 2\출하(1)\자재,출하 관리\자재,출하  SQ 인증 관련 서류 중간점검용 (3).xlsx",08_SQ심사,SQ 심사 자료,"E:\SHINHWA\08_SQ심사\2026\자재,출하  SQ 인증 관련 서류 중간점검용 (3).xlsx",1413,2026-06-10,이미 있음(동일)
"E:\기존 서류\이광재 부장 서류\기존서류 2\출하\자재,출하 관리\자재,출하  SQ 인증 관련 서류 중간점검용 (3).xlsx",08_SQ심사,SQ 심사 자료,"E:\SHINHWA\08_SQ심사\2026\자재,출하  SQ 인증 관련 서류 중간점검용 (3).xlsx",1413,2026-06-10,이미 있음(동일)
E:\기존 서류\이광재 부장 서류\기존서류 2\품질개선(1)\SQ인증 품질기록문서_0622.pptx,08_SQ심사,SQ 심사 자료,E:\SHINHWA\08_SQ심사\2026\SQ인증 품질기록문서_0622.pptx,20120,2026-06-10,이미 있음(동일)
E:\기존 서류\이광재 부장 서류\기존서류 2\품질개선\SQ인증 품질기록문서_0622.pptx,08_SQ심사,SQ 심사 자료,E:\SHINHWA\08_SQ심사\2026\SQ인증 품질기록문서_0622.pptx,20120,2026-06-10,이미 있음(동일)
E:\기존 서류\황지환\과장님이 주신거\SQ\2025 정기점검 실적 금형_등급관리_수명관리_타발수_종합본.xls,08_SQ심사,SQ 심사 자료,E:\SHINHWA\08_SQ심사\2026\2025 정기점검 실적 금형_등급관리_수명관리_타발수_종합본.xls,380,2026-05-28,이미 있음(동일)
E:\기존 서류\황지환\과장님이 주신거\SQ\3정5s.pptx,08_SQ심사,SQ 심사 자료,E:\SHINHWA\08_SQ심사\2026\3정5s.pptx,4414,2026-05-19,이미 있음(동일)
E:\기존 서류\황지환\과장님이 주신거\SQ\금형 및 다이\간판표시.xlsx,08_SQ심사,SQ 심사 자료,E:\SHINHWA\08_SQ심사\2025\간판표시.xlsx,12,2025-12-17,이미 있음(동일)
E:\기존 서류\황지환\과장님이 주신거\SQ\금형 및 다이\금형 명판 (1).xlsx,08_SQ심사,SQ 심사 자료,E:\SHINHWA\08_SQ심사\2026\금형 명판 (1).xlsx,122,2026-02-07,이미 있음(동일)
E:\기존 서류\황지환\과장님이 주신거\SQ\금형 및 다이\다이 레이아웃.xlsx,08_SQ심사,SQ 심사 자료,E:\SHINHWA\08_SQ심사\2026\다이 레이아웃.xlsx,115,2026-02-09,이미 있음(동일)
E:\기존 서류\황지환\과장님이 주신거\SQ\금형 및 다이\명판.xlsx,08_SQ심사,SQ 심사 자료,E:\SHINHWA\08_SQ심사\2026\명판.xlsx,12,2026-02-07,이미 있음(동일)
E:\기존 서류\황지환\과장님이 주신거\SQ\부적합품처리FLOW.xls,08_SQ심사,SQ 심사 자료,E:\SHINHWA\08_SQ심사\2026\부적합품처리FLOW.xls,987,2026-05-19,이미 있음(동일)
E:\기존 서류\황지환\과장님이 주신거\SQ\설비 공기압.pptx,08_SQ심사,SQ 심사 자료,E:\SHINHWA\08_SQ심사\2026\설비 공기압.pptx,52127,2026-05-19,이미 있음(동일)
E:\기존 서류\황지환\과장님이 주신거\SQ\설비 관련서류.pptx,08_SQ심사,SQ 심사 자료,E:\SHINHWA\08_SQ심사\2026\설비 관련서류.pptx,31182,2026-05-19,이미 있음(동일)
E:\기존 서류\황지환\과장님이 주신거\SQ\설비 예비 부품 입출과 관리대장.xls,08_SQ심사,SQ 심사 자료,E:\SHINHWA\08_SQ심사\2026\설비 예비 부품 입출과 관리대장.xls,20165,2026-06-01,이미 있음(동일)
E:\기존 서류\황지환\과장님이 주신거\SQ\설비 예비 부품.xlsx,08_SQ심사,SQ 심사 자료,E:\SHINHWA\08_SQ심사\2026\설비 예비 부품.xlsx,1408,2026-06-01,이미 있음(동일)
E:\기존 서류\황지환\과장님이 주신거\SQ\설비\설비 재가동 처리\설비 재가동 업무 처리 절차.pptx,08_SQ심사,SQ 심사 자료,E:\SHINHWA\08_SQ심사\2026\설비 재가동 업무 처리 절차.pptx,231,2026-05-15,이미 있음(동일)
E:\기존 서류\황지환\과장님이 주신거\SQ\설비\설비 재가동 처리\설비 재가동 이력관리 양식.xlsx,08_SQ심사,SQ 심사 자료,E:\SHINHWA\08_SQ심사\2026\설비 재가동 이력관리 양식.xlsx,35,2026-05-15,이미 있음(동일)
E:\기존 서류\황지환\과장님이 주신거\SQ\설비\설비 재가동 처리\설비 재가동검사 체크시트(용접).xlsx,08_SQ심사,SQ 심사 자료,E:\SHINHWA\08_SQ심사\2026\설비 재가동검사 체크시트(용접).xlsx,34,2026-05-19,이미 있음(동일)
E:\기존 서류\황지환\과장님이 주신거\SQ\설비\설비 재가동 처리\설비 재가동검사 체크시트.xlsx,08_SQ심사,SQ 심사 자료,E:\SHINHWA\08_SQ심사\2026\설비 재가동검사 체크시트.xlsx,2530,2026-05-19,이미 있음(동일)
E:\기존 서류\황지환\과장님이 주신거\SQ\설비\설비 케파\2026년 판매계획_Rev0_251211_배포용.xlsx,08_SQ심사,SQ 심사 자료,E:\SHINHWA\08_SQ심사\2025\2026년 판매계획_Rev0_251211_배포용.xlsx,55,2025-12-17,이미 있음(동일)
E:\기존 서류\황지환\과장님이 주신거\SQ\설비\설비 케파\26년도 설비 CAPA 분석.xlsx,08_SQ심사,SQ 심사 자료,E:\SHINHWA\08_SQ심사\2025\26년도 설비 CAPA 분석.xlsx,123,2025-12-17,이미 있음(동일)
E:\기존 서류\황지환\과장님이 주신거\SQ\설비\설비 케파\설비 케파_20260207.xlsx,08_SQ심사,SQ 심사 자료,E:\SHINHWA\08_SQ심사\2026\설비 케파_20260207.xlsx,142,2026-02-07,이미 있음(동일)
E:\기존 서류\황지환\과장님이 주신거\SQ\설비\설비 케파\설비 케파_20260403.xlsx,08_SQ심사,SQ 심사 자료,E:\SHINHWA\08_SQ심사\2026\설비 케파_20260403.xlsx,144,2026-04-03,이미 있음(동일)
E:\기존 서류\황지환\과장님이 주신거\SQ\설비\설비 케파\신규수주 CAPA 분석_250701_REV0.xlsx,08_SQ심사,SQ 심사 자료,E:\SHINHWA\08_SQ심사\2025\신규수주 CAPA 분석_250701_REV0.xlsx,17,2025-07-03,이미 있음(동일)
E:\기존 서류\황지환\과장님이 주신거\SQ\설비\작동유 점검 계획대 실적.xlsx,08_SQ심사,SQ 심사 자료,E:\SHINHWA\08_SQ심사\2026\작동유 점검 계획대 실적.xlsx,11340,2026-05-14,이미 있음(동일)
E:\기존 서류\황지환\과장님이 주신거\SQ\설비일상점검\1동_설비일상점검 (1).xlsx,08_SQ심사,SQ 심사 자료,E:\SHINHWA\08_SQ심사\2026\1동_설비일상점검 (1).xlsx,31031,2026-02-06,이미 있음(동일)
E:\기존 서류\황지환\과장님이 주신거\SQ\설비일상점검\6동_설비일상점검 260519.xlsx,08_SQ심사,SQ 심사 자료,E:\SHINHWA\08_SQ심사\2026\6동_설비일상점검 260519.xlsx,103726,2026-05-19,이미 있음(동일)
E:\기존 서류\황지환\과장님이 주신거\SQ\설비일상점검\설비 일상점검 CHECK SHEET -  Rev.0  25.01.21.xls,08_SQ심사,SQ 심사 자료,E:\SHINHWA\08_SQ심사\2026\설비 일상점검 CHECK SHEET -  Rev.0  25.01.21.xls,87622,2026-04-29,이미 있음(동일)
E:\기존 서류\황지환\과장님이 주신거\SQ\설비일상점검\차압1호기 설비일상점검.xlsx,08_SQ심사,SQ 심사 자료,E:\SHINHWA\08_SQ심사\2026\차압1호기 설비일상점검.xlsx,1612,2026-05-19,이미 있음(동일)
E:\기존 서류\황지환\과장님이 주신거\SQ\원재로장기.pptx,08_SQ심사,SQ 심사 자료,E:\SHINHWA\08_SQ심사\2026\원재로장기.pptx,1150,2026-05-19,이미 있음(동일)
E:\기존 서류\황지환\과장님이 주신거\SQ\재작업 업무 관리 기준.ppt,08_SQ심사,SQ 심사 자료,E:\SHINHWA\08_SQ심사\2026\재작업 업무 관리 기준.ppt,396,2026-05-28,복사 → E:\SHINHWA\08_SQ심사\2026\재작업 업무 관리 기준_v2.ppt
E:\기존 서류\황지환\과장님이 주신거\SQ\재작업 업무일지.xls,08_SQ심사,SQ 심사 자료,E:\SHINHWA\08_SQ심사\2026\재작업 업무일지.xls,3484,2026-05-28,복사 → E:\SHINHWA\08_SQ심사\2026\재작업 업무일지_v2.xls
E:\기존 서류\황지환\과장님이 주신거\SQ\재작업 요령서.xls,08_SQ심사,SQ 심사 자료,E:\SHINHWA\08_SQ심사\2026\재작업 요령서.xls,8229,2026-05-28,복사 → E:\SHINHWA\08_SQ심사\2026\재작업 요령서_v2.xls
E:\기존 서류\황지환\과장님이 주신거\SQ\조도 테크.xlsx,08_SQ심사,SQ 심사 자료,E:\SHINHWA\08_SQ심사\2026\조도 테크.xlsx,49,2026-05-29,이미 있음(동일)
E:\기존 서류\황지환\과장님이 주신거\SQ\조도관리 2.xlsx,08_SQ심사,SQ 심사 자료,E:\SHINHWA\08_SQ심사\2026\조도관리 2.xlsx,1537,2026-05-29,이미 있음(동일)
E:\기존 서류\황지환\과장님이 주신거\SQ\조도관리.xls,08_SQ심사,SQ 심사 자료,E:\SHINHWA\08_SQ심사\2026\조도관리.xls,75,2026-05-29,이미 있음(동일)
"E:\기존 서류\황지환\과장님이 주신거\SQ\체크시트\NX5 EVAP,JUMP TUBE 공정 초,중,종물 체크시트.xlsx",08_SQ심사,SQ 심사 자료,"E:\SHINHWA\08_SQ심사\2026\NX5 EVAP,JUMP TUBE 공정 초,중,종물 체크시트.xlsx",6070,2026-05-19,이미 있음(동일)
E:\기존 서류\황지환\과장님이 주신거\SQ\품질 셋팅품 FLOW.xls,08_SQ심사,SQ 심사 자료,E:\SHINHWA\08_SQ심사\2026\품질 셋팅품 FLOW.xls,94,2026-05-19,이미 있음(동일)
E:\기존 서류\황지환\과장님이 주신거\SQ\품질관리 기본 교육.ppt,08_SQ심사,SQ 심사 자료,E:\SHINHWA\08_SQ심사\2026\품질관리 기본 교육.ppt,2398,2026-06-01,복사 → E:\SHINHWA\08_SQ심사\2026\품질관리 기본 교육_v2.ppt
E:\기존 서류\황지환\평가\업체인증서\(주)성한정공_SQ인증서(24.01.24 ~ 25.01.31).pdf,08_SQ심사,SQ 심사 자료,E:\SHINHWA\08_SQ심사\2024\(주)성한정공_SQ인증서(24.01.24 ~ 25.01.31).pdf,195,2024-12-19,이미 있음(동일)
E:\기존 서류\황지환\평가\업체인증서\IATF 16949 인증서_대한냉열공업.pdf,08_SQ심사,폴더 지정(인증서),E:\SHINHWA\08_SQ심사\2024\IATF 16949 인증서_대한냉열공업.pdf,348,2024-12-19,이미 있음(동일)
E:\기존 서류\황지환\평가\업체인증서\ISO 14001 인증서_대한냉열공업.pdf,08_SQ심사,폴더 지정(인증서),E:\SHINHWA\08_SQ심사\2024\ISO 14001 인증서_대한냉열공업.pdf,743,2024-12-19,이미 있음(동일)
E:\기존 서류\황지환\평가\업체인증서\대한냉열공업 (단조).pdf,08_SQ심사,폴더 지정(인증서),E:\SHINHWA\08_SQ심사\2024\대한냉열공업 (단조).pdf,196,2024-12-19,이미 있음(동일)
E:\기존 서류\황지환\평가\업체인증서\대한냉열공업 (용접).pdf,08_SQ심사,폴더 지정(인증서),E:\SHINHWA\08_SQ심사\2024\대한냉열공업 (용접).pdf,196,2024-12-19,이미 있음(동일)
E:\신화에이치앤티 SQ심사 최종자료\01_SQ_최종실행관리_및_보완문안.xlsx,08_SQ심사,SQ 심사 자료,E:\SHINHWA\08_SQ심사\2026\01_SQ_최종실행관리_및_보완문안.xlsx,72,2026-09-23,이미 있음(동일)
E:\신화에이치앤티 SQ심사 최종자료\04_필요서류_상위문서검토.xlsx,08_SQ심사,SQ 심사 자료,E:\SHINHWA\08_SQ심사\2026\04_필요서류_상위문서검토.xlsx,139,2026-09-22,이미 있음(동일)
E:\신화에이치앤티 SQ심사 최종자료\04_필요서류_상위문서검토_Rev03반영_260923.xlsx,08_SQ심사,SQ 심사 자료,E:\SHINHWA\08_SQ심사\2026\04_필요서류_상위문서검토_Rev03반영_260923.xlsx,150,2026-09-23,이미 있음(동일)
E:\신화에이치앤티 SQ심사 최종자료\04_필요서류_인쇄물구분_Rev04_FINAL.xlsx,08_SQ심사,SQ 심사 자료,E:\SHINHWA\08_SQ심사\2026\04_필요서류_인쇄물구분_Rev04_FINAL.xlsx,188,2026-09-23,이미 있음(동일)
E:\신화에이치앤티 SQ심사 최종자료\04_필요서류_인쇄물구분_Rev05_FINAL.xlsx,08_SQ심사,SQ 심사 자료,E:\SHINHWA\08_SQ심사\2026\04_필요서류_인쇄물구분_Rev05_FINAL.xlsx,173,2026-09-23,이미 있음(동일)
E:\신화에이치앤티 SQ심사 최종자료\Claude outputs\SQ심사_필요서류_정리_260910.xlsx,08_SQ심사,SQ 심사 자료,E:\SHINHWA\08_SQ심사\2026\SQ심사_필요서류_정리_260910.xlsx,68,2026-09-10,이미 있음(동일)
E:\신화에이치앤티 SQ심사 최종자료\Claude outputs\SQ심사_필요서류_정리_260917_Rev2_통합.xlsx,08_SQ심사,SQ 심사 자료,E:\SHINHWA\08_SQ심사\2026\SQ심사_필요서류_정리_260917_Rev2_통합.xlsx,128,2026-09-22,이미 있음(동일)
E:\신화에이치앤티 SQ심사 최종자료\SQ_진척율 보고 자료 한온시스템 260907.xlsx,08_SQ심사,SQ 심사 자료,E:\SHINHWA\08_SQ심사\2026\SQ_진척율 보고 자료 한온시스템 260907.xlsx,52571,2026-09-10,이미 있음(동일)
E:\신화에이치앤티 SQ심사 최종자료\SQ심사_문서서식_통합본_260921.docx,08_SQ심사,SQ 심사 자료,E:\SHINHWA\08_SQ심사\2026\SQ심사_문서서식_통합본_260921.docx,139,2026-09-22,이미 있음(동일)
E:\신화에이치앤티 SQ심사 최종자료\SQ심사_상위문서연계검토_Rev03기준.xlsx,08_SQ심사,SQ 심사 자료,E:\SHINHWA\08_SQ심사\2026\SQ심사_상위문서연계검토_Rev03기준.xlsx,150,2026-09-22,이미 있음(동일)
E:\신화에이치앤티 SQ심사 최종자료\SQ심사_우선순위A_문서작성패키지_260910.docx,08_SQ심사,SQ 심사 자료,E:\SHINHWA\08_SQ심사\2026\SQ심사_우선순위A_문서작성패키지_260910.docx,30,2026-09-10,이미 있음(동일)
E:\신화에이치앤티 SQ심사 최종자료\SQ심사_우선순위A_예시작성_260910.docx,08_SQ심사,SQ 심사 자료,E:\SHINHWA\08_SQ심사\2026\SQ심사_우선순위A_예시작성_260910.docx,21,2026-09-10,이미 있음(동일)
E:\신화에이치앤티 SQ심사 최종자료\SQ심사_우선순위BC_문서양식_260911.docx,08_SQ심사,SQ 심사 자료,E:\SHINHWA\08_SQ심사\2026\SQ심사_우선순위BC_문서양식_260911.docx,121,2026-09-11,이미 있음(동일)
E:\신화에이치앤티 SQ심사 최종자료\SQ심사_재판정41건_배포안내문_260921.md,08_SQ심사,SQ 심사 자료,E:\SHINHWA\08_SQ심사\2026\SQ심사_재판정41건_배포안내문_260921.md,2,2026-09-22,이미 있음(동일)
E:\신화에이치앤티 SQ심사 최종자료\SQ심사_재판정41건_회신불필요_안내문_260922.md,08_SQ심사,SQ 심사 자료,E:\SHINHWA\08_SQ심사\2026\SQ심사_재판정41건_회신불필요_안내문_260922.md,2,2026-09-22,이미 있음(동일)
E:\신화에이치앤티 SQ심사 최종자료\SQ심사_재판정검토_담당부서별_확인요청_260918.xlsx,08_SQ심사,SQ 심사 자료,E:\SHINHWA\08_SQ심사\2026\SQ심사_재판정검토_담당부서별_확인요청_260918.xlsx,23,2026-09-22,이미 있음(동일)
E:\신화에이치앤티 SQ심사 최종자료\SQ심사_재판정결과_요약_260917.md,08_SQ심사,SQ 심사 자료,E:\SHINHWA\08_SQ심사\2026\SQ심사_재판정결과_요약_260917.md,10,2026-09-17,이미 있음(동일)
E:\신화에이치앤티 SQ심사 최종자료\SQ심사_준비현황_종합정리_260921.docx,08_SQ심사,SQ 심사 자료,E:\SHINHWA\08_SQ심사\2026\SQ심사_준비현황_종합정리_260921.docx,13,2026-09-22,이미 있음(동일)
E:\신화에이치앤티 SQ심사 최종자료\SQ심사_직접할일_체크리스트_260911.md,08_SQ심사,SQ 심사 자료,E:\SHINHWA\08_SQ심사\2026\SQ심사_직접할일_체크리스트_260911.md,3,2026-09-11,이미 있음(동일)
E:\신화에이치앤티 SQ심사 최종자료\SQ심사_진척율보고_수동반영가이드_260910.md,08_SQ심사,SQ 심사 자료,E:\SHINHWA\08_SQ심사\2026\SQ심사_진척율보고_수동반영가이드_260910.md,8,2026-09-11,이미 있음(동일)
E:\신화에이치앤티 SQ심사 최종자료\SQ심사_진척율보고_연동참고자료_260910.xlsx,08_SQ심사,SQ 심사 자료,E:\SHINHWA\08_SQ심사\2026\SQ심사_진척율보고_연동참고자료_260910.xlsx,22,2026-09-10,이미 있음(동일)
E:\신화에이치앤티 SQ심사 최종자료\SQ심사_팀장배포_안내문_260910.md,08_SQ심사,SQ 심사 자료,E:\SHINHWA\08_SQ심사\2026\SQ심사_팀장배포_안내문_260910.md,2,2026-09-10,이미 있음(동일)
E:\신화에이치앤티 SQ심사 최종자료\SQ심사_필요서류_260922_상위문서연계검토.xlsx,08_SQ심사,SQ 심사 자료,E:\SHINHWA\08_SQ심사\2026\SQ심사_필요서류_260922_상위문서연계검토.xlsx,139,2026-09-22,이미 있음(동일)
E:\신화에이치앤티 SQ심사 최종자료\SQ심사_필요서류_정리_260910.xlsx,08_SQ심사,SQ 심사 자료,E:\SHINHWA\08_SQ심사\2026\SQ심사_필요서류_정리_260910.xlsx,123,2026-09-11,복사 → E:\SHINHWA\08_SQ심사\2026\SQ심사_필요서류_정리_260910_v2.xlsx
E:\신화에이치앤티 SQ심사 최종자료\SQ심사_필요서류_정리_260917_Rev2.xlsx,08_SQ심사,SQ 심사 자료,E:\SHINHWA\08_SQ심사\2026\SQ심사_필요서류_정리_260917_Rev2.xlsx,129,2026-09-22,이미 있음(동일)
E:\신화에이치앤티 SQ심사 최종자료\SQ심사_필요서류_정리_260917_Rev2_통합.xlsx,08_SQ심사,SQ 심사 자료,E:\SHINHWA\08_SQ심사\2026\SQ심사_필요서류_정리_260917_Rev2_통합.xlsx,128,2026-09-22,이미 있음(동일)
E:\신화에이치앤티 SQ심사 최종자료\SQ심사_필요서류_정리_260922_확정_출력용_수식복구.xlsx,08_SQ심사,SQ 심사 자료,E:\SHINHWA\08_SQ심사\2026\SQ심사_필요서류_정리_260922_확정_출력용_수식복구.xlsx,130,2026-09-22,이미 있음(동일)
E:\신화에이치앤티 SQ심사 최종자료\SQ심사_필요서류_정리_260930_SH.xlsx,08_SQ심사,SQ 심사 자료,E:\SHINHWA\08_SQ심사\2026\SQ심사_필요서류_정리_260930_SH.xlsx,128,2026-09-30,이미 있음(동일)
E:\신화에이치앤티 SQ심사 최종자료\SQ심사_현장용_문서서식_209종_통합.xlsx,08_SQ심사,SQ 심사 자료,E:\SHINHWA\08_SQ심사\2026\SQ심사_현장용_문서서식_209종_통합.xlsx,1365,2026-09-22,이미 있음(동일)
E:\신화에이치앤티 SQ심사 최종자료\outputs\Rev03보완문안_260922\Rev03_33건_절차보완문안.md,08_SQ심사,SQ 심사 자료,E:\SHINHWA\08_SQ심사\2026\Rev03_33건_절차보완문안.md,24,2026-09-22,이미 있음(동일)
E:\신화에이치앤티 SQ심사 최종자료\outputs\Rev03정리_260922\SQ심사_상위문서연계검토_Rev03기준.xlsx,08_SQ심사,SQ 심사 자료,E:\SHINHWA\08_SQ심사\2026\SQ심사_상위문서연계검토_Rev03기준.xlsx,139,2026-09-22,복사 → E:\SHINHWA\08_SQ심사\2026\SQ심사_상위문서연계검토_Rev03기준_v2.xlsx
E:\신화에이치앤티 SQ심사 최종자료\outputs\SQ최종정리_260922.zip,08_SQ심사,SQ 심사 자료,E:\SHINHWA\08_SQ심사\2026\SQ최종정리_260922.zip,1017,2026-09-22,이미 있음(동일)
E:\신화에이치앤티 SQ심사 최종자료\outputs\SQ최종정리_260922\00_먼저읽기.txt,08_SQ심사,SQ 심사 자료,E:\SHINHWA\08_SQ심사\2026\00_먼저읽기.txt,1,2026-09-22,이미 있음(동일)
E:\신화에이치앤티 SQ심사 최종자료\outputs\SQ최종정리_260922\01_SQ_최종실행관리_및_보완문안.xlsx,08_SQ심사,SQ 심사 자료,E:\SHINHWA\08_SQ심사\2026\01_SQ_최종실행관리_및_보완문안.xlsx,70,2026-09-22,복사 → E:\SHINHWA\08_SQ심사\2026\01_SQ_최종실행관리_및_보완문안_v2.xlsx
E:\신화에이치앤티 SQ심사 최종자료\outputs\SQ최종정리_260922\02_절차보완및신규기준_최종문안.md,08_SQ심사,SQ 심사 자료,E:\SHINHWA\08_SQ심사\2026\02_절차보완및신규기준_최종문안.md,28,2026-09-22,이미 있음(동일)
E:\신화에이치앤티 SQ심사 최종자료\outputs\SQ최종정리_260922\04_필요서류_상위문서검토.xlsx,08_SQ심사,SQ 심사 자료,E:\SHINHWA\08_SQ심사\2026\04_필요서류_상위문서검토.xlsx,139,2026-09-22,이미 있음(동일)
E:\신화에이치앤티 SQ심사 최종자료\outputs\SQ최종정리_260922\05_현장용_209종_서식.xlsx,08_SQ심사,SQ 심사 자료,E:\SHINHWA\08_SQ심사\2026\05_현장용_209종_서식.xlsx,1366,2026-09-22,이미 있음(동일)
E:\신화에이치앤티 SQ심사 최종자료\outputs\매뉴얼기준_출력본_260923\00_출력순서및문서목록.pdf,08_SQ심사,SQ 심사 자료,E:\SHINHWA\08_SQ심사\2026\00_출력순서및문서목록.pdf,107,2026-09-23,이미 있음(동일)
E:\신화에이치앤티 SQ심사 최종자료\outputs\매뉴얼기준_출력본_260923\04_보완절차및신규기준_검토출력본.pdf,08_SQ심사,SQ 심사 자료,E:\SHINHWA\08_SQ심사\2026\04_보완절차및신규기준_검토출력본.pdf,179,2026-09-23,이미 있음(동일)
E:\신화에이치앤티 SQ심사 최종자료\outputs\매뉴얼기준_출력본_260923\매뉴얼기준_출력본_260923\00_출력순서및문서목록.pdf,08_SQ심사,SQ 심사 자료,E:\SHINHWA\08_SQ심사\2026\00_출력순서및문서목록.pdf,107,2026-09-23,이미 있음(동일)
E:\신화에이치앤티 SQ심사 최종자료\outputs\매뉴얼기준_출력본_260923\매뉴얼기준_출력본_260923\04_보완절차및신규기준_검토출력본.pdf,08_SQ심사,SQ 심사 자료,E:\SHINHWA\08_SQ심사\2026\04_보완절차및신규기준_검토출력본.pdf,179,2026-09-23,이미 있음(동일)
E:\신화에이치앤티 SQ심사 최종자료\outputs\상위문서검토_260922\SQ심사_필요서류_260922_상위문서연계검토.xlsx,08_SQ심사,SQ 심사 자료,E:\SHINHWA\08_SQ심사\2026\SQ심사_필요서류_260922_상위문서연계검토.xlsx,139,2026-09-22,이미 있음(동일)
E:\신화에이치앤티 SQ심사 최종자료\outputs\현장서식_260922\SQ심사_현장용_문서서식_209종_통합.xlsx,08_SQ심사,SQ 심사 자료,E:\SHINHWA\08_SQ심사\2026\SQ심사_현장용_문서서식_209종_통합.xlsx,1365,2026-09-22,이미 있음(동일)
E:\신화에이치앤티 SQ심사 최종자료\outputs\확정본_260922\SQ심사_필요서류_정리_260922_확정_출력용.xlsx,08_SQ심사,SQ 심사 자료,E:\SHINHWA\08_SQ심사\2026\SQ심사_필요서류_정리_260922_확정_출력용.xlsx,130,2026-09-22,이미 있음(동일)
E:\신화에이치앤티 SQ심사 최종자료\outputs\확정본_260922\SQ심사_필요서류_정리_260922_확정_출력용_수식복구.xlsx,08_SQ심사,SQ 심사 자료,E:\SHINHWA\08_SQ심사\2026\SQ심사_필요서류_정리_260922_확정_출력용_수식복구.xlsx,130,2026-09-22,이미 있음(동일)
E:\신화에이치앤티 SQ심사 최종자료\승인요청서_QM001_Rev03_260921.docx,08_SQ심사,SQ 심사 자료,E:\SHINHWA\08_SQ심사\2026\승인요청서_QM001_Rev03_260921.docx,11,2026-09-21,이미 있음(동일)
E:\신화에이치앤티 SQ인증심사 참고본\IATF16949_Rules6th_최신인증심사시나리오.xlsx,08_SQ심사,SQ 심사 자료,E:\SHINHWA\08_SQ심사\2026\IATF16949_Rules6th_최신인증심사시나리오.xlsx,16,2026-09-02,이미 있음(동일)
E:\신화에이치앤티 SQ인증심사 참고본\IATF16949_SQ인증_개발부서포함_상황별_대응대본.xlsx,08_SQ심사,SQ 심사 자료,E:\SHINHWA\08_SQ심사\2026\IATF16949_SQ인증_개발부서포함_상황별_대응대본.xlsx,24,2026-09-02,이미 있음(동일)
E:\신화에이치앤티 SQ인증심사 참고본\IATF16949_문서분류표_양식.xlsx,08_SQ심사,SQ 심사 자료,E:\SHINHWA\08_SQ심사\2026\IATF16949_문서분류표_양식.xlsx,12,2026-09-02,이미 있음(동일)
E:\신화에이치앤티 SQ인증심사 참고본\SHINHWA_IATF16949_FM001-FM100_Document_Master_Register_Rev02_DRAFT.xlsx,08_SQ심사,SQ 심사 자료,E:\SHINHWA\08_SQ심사\2026\SHINHWA_IATF16949_FM001-FM100_Document_Master_Register_Rev02_DRAFT.xlsx,15,2026-09-02,이미 있음(동일)
E:\신화에이치앤티 SQ인증심사 참고본\SHINHWA_IATF16949_FM_Master_Rev02_승인본_및_QP_Vol5_FINAL_발행준비_Rev00.xlsx,08_SQ심사,SQ 심사 자료,E:\SHINHWA\08_SQ심사\2026\SHINHWA_IATF16949_FM_Master_Rev02_승인본_및_QP_Vol5_FINAL_발행준비_Rev00.xlsx,11,2026-09-02,이미 있음(동일)
E:\신화에이치앤티 SQ인증심사 참고본\SHINHWA_IATF16949_P0_25개_필수Evidence_실제작성_실행패키지_Rev00.xlsx,08_SQ심사,SQ 심사 자료,E:\SHINHWA\08_SQ심사\2026\SHINHWA_IATF16949_P0_25개_필수Evidence_실제작성_실행패키지_Rev00.xlsx,32,2026-09-03,이미 있음(동일)
E:\신화에이치앤티 SQ인증심사 참고본\SHINHWA_IATF16949_남은7단계_일괄진행_Closure_Package_Rev00.zip,08_SQ심사,SQ 심사 자료,E:\SHINHWA\08_SQ심사\2026\SHINHWA_IATF16949_남은7단계_일괄진행_Closure_Package_Rev00.zip,3633,2026-09-02,이미 있음(동일)
E:\신화에이치앤티 SQ인증심사 참고본\SHINHWA_IATF16949_내부심사_실제실행패키지_Rev00.xlsx,08_SQ심사,SQ 심사 자료,E:\SHINHWA\08_SQ심사\2026\SHINHWA_IATF16949_내부심사_실제실행패키지_Rev00.xlsx,73,2026-09-03,이미 있음(동일)
E:\신화에이치앤티 SQ인증심사 참고본\SHINHWA_IATF16949_모의심사_자체점검표_Gap_개선조치관리대장_Rev00_2.xlsx,08_SQ심사,SQ 심사 자료,E:\SHINHWA\08_SQ심사\2026\SHINHWA_IATF16949_모의심사_자체점검표_Gap_개선조치관리대장_Rev00_2.xlsx,13,2026-09-02,이미 있음(동일)
E:\신화에이치앤티 SQ인증심사 참고본\SHINHWA_IATF16949_문서보관_및_FM실행관리_Master_Rev00.xlsx,08_SQ심사,SQ 심사 자료,E:\SHINHWA\08_SQ심사\2026\SHINHWA_IATF16949_문서보관_및_FM실행관리_Master_Rev00.xlsx,21,2026-09-03,이미 있음(동일)
E:\신화에이치앤티 SQ인증심사 참고본\SHINHWA_IATF16949_부서별_심사대응_예상질문_답변_Evidence_Matrix_Rev00_3.xlsx,08_SQ심사,SQ 심사 자료,E:\SHINHWA\08_SQ심사\2026\SHINHWA_IATF16949_부서별_심사대응_예상질문_답변_Evidence_Matrix_Rev00_3.xlsx,14,2026-09-02,이미 있음(동일)
E:\신화에이치앤티 SQ인증심사 참고본\SHINHWA_IATF16949_실전모의심사_부서별답변훈련_당일대응시나리오_Rev00_4.xlsx,08_SQ심사,SQ 심사 자료,E:\SHINHWA\08_SQ심사\2026\SHINHWA_IATF16949_실전모의심사_부서별답변훈련_당일대응시나리오_Rev00_4.xlsx,16,2026-09-02,이미 있음(동일)
E:\신화에이치앤티 SQ인증심사 참고본\SHINHWA_IATF16949_실제출력용_문서목록_출력지시서_Rev00.xlsx,08_SQ심사,SQ 심사 자료,E:\SHINHWA\08_SQ심사\2026\SHINHWA_IATF16949_실제출력용_문서목록_출력지시서_Rev00.xlsx,20,2026-09-02,이미 있음(동일)
E:\신화에이치앤티 SQ인증심사 참고본\SHINHWA_IATF16949_인증심사_제출폴더_Evidence_Index_즉시제출목록_Rev00_5.xlsx,08_SQ심사,SQ 심사 자료,E:\SHINHWA\08_SQ심사\2026\SHINHWA_IATF16949_인증심사_제출폴더_Evidence_Index_즉시제출목록_Rev00_5.xlsx,12,2026-09-02,이미 있음(동일)
E:\신화에이치앤티 SQ인증심사 참고본\SHINHWA_IATF16949_인증심사_제출폴더_템플릿_Rev00.zip,08_SQ심사,SQ 심사 자료,E:\SHINHWA\08_SQ심사\2026\SHINHWA_IATF16949_인증심사_제출폴더_템플릿_Rev00.zip,4,2026-09-02,이미 있음(동일)
E:\신화에이치앤티 SQ인증심사 참고본\SHINHWA_IATF16949_인증심사_최종제출목록_및_심사대응체크리스트_Rev00_1.xlsx,08_SQ심사,SQ 심사 자료,E:\SHINHWA\08_SQ심사\2026\SHINHWA_IATF16949_인증심사_최종제출목록_및_심사대응체크리스트_Rev00_1.xlsx,14,2026-09-02,이미 있음(동일)
E:\신화에이치앤티 SQ인증심사 참고본\SHINHWA_IATF16949_인증심사_통합제출패키지_Rev00 (1).zip,08_SQ심사,SQ 심사 자료,E:\SHINHWA\08_SQ심사\2026\SHINHWA_IATF16949_인증심사_통합제출패키지_Rev00 (1).zip,3341,2026-09-02,이미 있음(동일)
E:\신화에이치앤티 SQ인증심사 참고본\SHINHWA_IATF16949_인증심사전_문서작성필요_리스트_Rev00.xlsx,08_SQ심사,SQ 심사 자료,E:\SHINHWA\08_SQ심사\2026\SHINHWA_IATF16949_인증심사전_문서작성필요_리스트_Rev00.xlsx,34,2026-09-03,이미 있음(동일)
E:\신화에이치앤티 SQ인증심사 참고본\SHINHWA_IATF16949_인증심사전_부서별_필수양식_작성주기_실행계획_Rev00.xlsx,08_SQ심사,SQ 심사 자료,E:\SHINHWA\08_SQ심사\2026\SHINHWA_IATF16949_인증심사전_부서별_필수양식_작성주기_실행계획_Rev00.xlsx,43,2026-09-03,이미 있음(동일)
E:\신화에이치앤티 SQ인증심사 참고본\SHINHWA_QM-001_B01_출력용_문서패키지_Rev00\QM-001_B01_출력안내.txt,08_SQ심사,SQ 심사 자료,E:\SHINHWA\08_SQ심사\2026\QM-001_B01_출력안내.txt,0,2026-09-02,이미 있음(동일)
E:\신화에이치앤티 SQ인증심사 참고본\SHINHWA_WI_B07_WI021-WI030_출력용_문서패키지_Rev00\IATF_PDF_PACK_REV00.zip,08_SQ심사,SQ 심사 자료,E:\SHINHWA\08_SQ심사\2026\IATF_PDF_PACK_REV00.zip,4218,2026-09-03,이미 있음(동일)
E:\기존 서류\이광재 부장 서류\기존서류 2\자격인증(1)\6B4-053(기능숙련도확인시트).xls,04_교육,폴더 지정(자격인증),E:\SHINHWA\04_교육\2026\6B4-053(기능숙련도확인시트).xls,33,2026-06-10,이미 있음(동일)
E:\기존 서류\이광재 부장 서류\기존서류 2\자격인증(1)\게이지 R&R 자격인증 현황\게이지 R&R 자격인증 현황 230408.xlsx,04_교육,폴더 지정(자격인증),E:\SHINHWA\04_교육\2026\게이지 R&R 자격인증 현황 230408.xlsx,2278,2026-06-10,이미 있음(동일)
E:\기존 서류\이광재 부장 서류\기존서류 2\자격인증(1)\내부심사원 자격 인증서(2023년).xls,04_교육,폴더 지정(자격인증),E:\SHINHWA\04_교육\2026\내부심사원 자격 인증서(2023년).xls,11481,2026-06-10,이미 있음(동일)
E:\기존 서류\이광재 부장 서류\기존서류 2\자격인증(1)\내부심사원 자격 인증서.xls,04_교육,폴더 지정(자격인증),E:\SHINHWA\04_교육\2026\내부심사원 자격 인증서.xls,11529,2026-06-10,이미 있음(동일)
E:\기존 서류\이광재 부장 서류\기존서류 2\자격인증(1)\자격부여 평가기준(적격성).xls,04_교육,폴더 지정(자격인증),E:\SHINHWA\04_교육\2026\자격부여 평가기준(적격성).xls,69,2026-06-10,이미 있음(동일)
E:\기존 서류\이광재 부장 서류\기존서류 2\자격인증(1)\자격부여 평가기준(적격성)2023년.xls,04_교육,폴더 지정(자격인증),E:\SHINHWA\04_교육\2026\자격부여 평가기준(적격성)2023년.xls,69,2026-06-10,이미 있음(동일)
E:\기존 서류\이광재 부장 서류\기존서류 2\자격인증(1)\자격인증 FILE 목록.xlsx,04_교육,폴더 지정(자격인증),E:\SHINHWA\04_교육\2026\자격인증 FILE 목록.xlsx,11,2026-06-10,이미 있음(동일)
E:\기존 서류\이광재 부장 서류\기존서류 2\자격인증(1)\자격인증 현황.xls,04_교육,폴더 지정(자격인증),E:\SHINHWA\04_교육\2026\자격인증 현황.xls,78,2026-06-10,이미 있음(동일)
E:\기존 서류\이광재 부장 서류\기존서류 2\자격인증(1)\자격인증등록대장(2023년).xls,04_교육,폴더 지정(자격인증),E:\SHINHWA\04_교육\2026\자격인증등록대장(2023년).xls,44,2026-06-10,이미 있음(동일)
E:\기존 서류\이광재 부장 서류\기존서류 2\자격인증(1)\자격인증등록대장.xls,04_교육,폴더 지정(자격인증),E:\SHINHWA\04_교육\2026\자격인증등록대장.xls,45,2026-06-10,이미 있음(동일)
E:\기존 서류\이광재 부장 서류\기존서류 2\자격인증(1)\자격인증평가서.xlsx,04_교육,폴더 지정(자격인증),E:\SHINHWA\04_교육\2026\자격인증평가서.xlsx,153,2026-06-10,이미 있음(동일)
E:\기존 서류\이광재 부장 서류\기존서류 2\자격인증(1)\작업자 다기능 숙련계획_20160420.xlsx,04_교육,폴더 지정(자격인증),E:\SHINHWA\04_교육\2026\작업자 다기능 숙련계획_20160420.xlsx,52,2026-06-10,이미 있음(동일)
E:\기존 서류\이광재 부장 서류\기존서류 2\자격인증(1)\작업자레벨관리 평가 및 기준표.xls,04_교육,폴더 지정(자격인증),E:\SHINHWA\04_교육\2026\작업자레벨관리 평가 및 기준표.xls,108,2026-06-10,이미 있음(동일)
E:\기존 서류\이광재 부장 서류\기존서류 2\자격인증(1)\작업자평가계획및시트_신화_20170828.xlsx,04_교육,폴더 지정(자격인증),E:\SHINHWA\04_교육\2026\작업자평가계획및시트_신화_20170828.xlsx,934,2026-06-10,이미 있음(동일)
E:\기존 서류\이광재 부장 서류\기존서류 2\자격인증(1)\특수공정 자격 인증서(2023) (용접팀).xls,04_교육,폴더 지정(자격인증),E:\SHINHWA\04_교육\2026\특수공정 자격 인증서(2023) (용접팀).xls,11023,2026-06-10,이미 있음(동일)
E:\기존 서류\이광재 부장 서류\기존서류 2\자격인증\6B4-053(기능숙련도확인시트).xls,04_교육,폴더 지정(자격인증),E:\SHINHWA\04_교육\2026\6B4-053(기능숙련도확인시트).xls,33,2026-06-10,이미 있음(동일)
E:\기존 서류\이광재 부장 서류\기존서류 2\자격인증\게이지 R&R 자격인증 현황\게이지 R&R 자격인증 현황 230408.xlsx,04_교육,폴더 지정(자격인증),E:\SHINHWA\04_교육\2026\게이지 R&R 자격인증 현황 230408.xlsx,2278,2026-06-10,이미 있음(동일)
E:\기존 서류\이광재 부장 서류\기존서류 2\자격인증\내부심사원 자격 인증서(2023년).xls,04_교육,폴더 지정(자격인증),E:\SHINHWA\04_교육\2026\내부심사원 자격 인증서(2023년).xls,11481,2026-06-10,이미 있음(동일)
E:\기존 서류\이광재 부장 서류\기존서류 2\자격인증\내부심사원 자격 인증서.xls,04_교육,폴더 지정(자격인증),E:\SHINHWA\04_교육\2026\내부심사원 자격 인증서.xls,11529,2026-06-10,이미 있음(동일)
E:\기존 서류\이광재 부장 서류\기존서류 2\자격인증\자격부여 평가기준(적격성).xls,04_교육,폴더 지정(자격인증),E:\SHINHWA\04_교육\2026\자격부여 평가기준(적격성).xls,69,2026-06-10,이미 있음(동일)
E:\기존 서류\이광재 부장 서류\기존서류 2\자격인증\자격부여 평가기준(적격성)2023년.xls,04_교육,폴더 지정(자격인증),E:\SHINHWA\04_교육\2026\자격부여 평가기준(적격성)2023년.xls,69,2026-06-10,이미 있음(동일)
E:\기존 서류\이광재 부장 서류\기존서류 2\자격인증\자격인증 FILE 목록.xlsx,04_교육,폴더 지정(자격인증),E:\SHINHWA\04_교육\2026\자격인증 FILE 목록.xlsx,11,2026-06-10,이미 있음(동일)
E:\기존 서류\이광재 부장 서류\기존서류 2\자격인증\자격인증 현황.xls,04_교육,폴더 지정(자격인증),E:\SHINHWA\04_교육\2026\자격인증 현황.xls,78,2026-06-10,이미 있음(동일)
E:\기존 서류\이광재 부장 서류\기존서류 2\자격인증\자격인증등록대장(2023년).xls,04_교육,폴더 지정(자격인증),E:\SHINHWA\04_교육\2026\자격인증등록대장(2023년).xls,44,2026-06-10,이미 있음(동일)
E:\기존 서류\이광재 부장 서류\기존서류 2\자격인증\자격인증등록대장.xls,04_교육,폴더 지정(자격인증),E:\SHINHWA\04_교육\2026\자격인증등록대장.xls,45,2026-06-10,이미 있음(동일)
E:\기존 서류\이광재 부장 서류\기존서류 2\자격인증\자격인증평가서.xlsx,04_교육,폴더 지정(자격인증),E:\SHINHWA\04_교육\2026\자격인증평가서.xlsx,153,2026-06-10,이미 있음(동일)
E:\기존 서류\이광재 부장 서류\기존서류 2\자격인증\작업자 다기능 숙련계획_20160420.xlsx,04_교육,폴더 지정(자격인증),E:\SHINHWA\04_교육\2026\작업자 다기능 숙련계획_20160420.xlsx,52,2026-06-10,이미 있음(동일)
E:\기존 서류\이광재 부장 서류\기존서류 2\자격인증\작업자레벨관리 평가 및 기준표.xls,04_교육,폴더 지정(자격인증),E:\SHINHWA\04_교육\2026\작업자레벨관리 평가 및 기준표.xls,108,2026-06-10,이미 있음(동일)
E:\기존 서류\이광재 부장 서류\기존서류 2\자격인증\작업자평가계획및시트_신화_20170828.xlsx,04_교육,폴더 지정(자격인증),E:\SHINHWA\04_교육\2026\작업자평가계획및시트_신화_20170828.xlsx,934,2026-06-10,이미 있음(동일)
E:\기존 서류\이광재 부장 서류\기존서류 2\자격인증\특수공정 자격 인증서(2023) (용접팀).xls,04_교육,폴더 지정(자격인증),E:\SHINHWA\04_교육\2026\특수공정 자격 인증서(2023) (용접팀).xls,11023,2026-06-10,이미 있음(동일)
E:\기존 서류\이광재 부장 서류\자격인증\6B4-053(기능숙련도확인시트).xls,04_교육,폴더 지정(자격인증),E:\SHINHWA\04_교육\2026\6B4-053(기능숙련도확인시트).xls,33,2026-04-30,복사 → E:\SHINHWA\04_교육\2026\6B4-053(기능숙련도확인시트)_v2.xls
E:\기존 서류\이광재 부장 서류\자격인증\게이지 R&R 자격인증 현황\게이지 R&R 자격인증 현황 230408.xlsx,04_교육,폴더 지정(자격인증),E:\SHINHWA\04_교육\2026\게이지 R&R 자격인증 현황 230408.xlsx,2278,2026-04-30,이미 있음(동일)
E:\기존 서류\이광재 부장 서류\자격인증\내부심사원 자격 인증서(2023년).xls,04_교육,폴더 지정(자격인증),E:\SHINHWA\04_교육\2026\내부심사원 자격 인증서(2023년).xls,11481,2026-04-30,복사 → E:\SHINHWA\04_교육\2026\내부심사원 자격 인증서(2023년)_v2.xls
E:\기존 서류\이광재 부장 서류\자격인증\내부심사원 자격 인증서.xls,04_교육,폴더 지정(자격인증),E:\SHINHWA\04_교육\2026\내부심사원 자격 인증서.xls,11529,2026-04-30,복사 → E:\SHINHWA\04_교육\2026\내부심사원 자격 인증서_v2.xls
E:\기존 서류\이광재 부장 서류\자격인증\자격부여 평가기준(적격성).xls,04_교육,폴더 지정(자격인증),E:\SHINHWA\04_교육\2026\자격부여 평가기준(적격성).xls,69,2026-04-30,복사 → E:\SHINHWA\04_교육\2026\자격부여 평가기준(적격성)_v2.xls
E:\기존 서류\이광재 부장 서류\자격인증\자격부여 평가기준(적격성)2023년.xls,04_교육,폴더 지정(자격인증),E:\SHINHWA\04_교육\2026\자격부여 평가기준(적격성)2023년.xls,69,2026-04-30,복사 → E:\SHINHWA\04_교육\2026\자격부여 평가기준(적격성)2023년_v2.xls
E:\기존 서류\이광재 부장 서류\자격인증\자격인증 FILE 목록.xlsx,04_교육,폴더 지정(자격인증),E:\SHINHWA\04_교육\2026\자격인증 FILE 목록.xlsx,11,2026-04-30,이미 있음(동일)
E:\기존 서류\이광재 부장 서류\자격인증\자격인증 현황.xls,04_교육,폴더 지정(자격인증),E:\SHINHWA\04_교육\2026\자격인증 현황.xls,78,2026-04-30,이미 있음(동일)
E:\기존 서류\이광재 부장 서류\자격인증\자격인증등록대장(2023년).xls,04_교육,폴더 지정(자격인증),E:\SHINHWA\04_교육\2026\자격인증등록대장(2023년).xls,44,2026-04-30,이미 있음(동일)
E:\기존 서류\이광재 부장 서류\자격인증\자격인증등록대장.xls,04_교육,폴더 지정(자격인증),E:\SHINHWA\04_교육\2026\자격인증등록대장.xls,45,2026-04-30,복사 → E:\SHINHWA\04_교육\2026\자격인증등록대장_v2.xls
E:\기존 서류\이광재 부장 서류\자격인증\자격인증평가서.xlsx,04_교육,폴더 지정(자격인증),E:\SHINHWA\04_교육\2026\자격인증평가서.xlsx,153,2026-04-30,이미 있음(동일)
E:\기존 서류\이광재 부장 서류\자격인증\작업자 다기능 숙련계획_20160420.xlsx,04_교육,폴더 지정(자격인증),E:\SHINHWA\04_교육\2026\작업자 다기능 숙련계획_20160420.xlsx,52,2026-04-30,이미 있음(동일)
E:\기존 서류\이광재 부장 서류\자격인증\작업자레벨관리 평가 및 기준표.xls,04_교육,폴더 지정(자격인증),E:\SHINHWA\04_교육\2026\작업자레벨관리 평가 및 기준표.xls,108,2026-04-30,복사 → E:\SHINHWA\04_교육\2026\작업자레벨관리 평가 및 기준표_v2.xls
E:\기존 서류\이광재 부장 서류\자격인증\작업자평가계획및시트_신화_20170828.xlsx,04_교육,폴더 지정(자격인증),E:\SHINHWA\04_교육\2026\작업자평가계획및시트_신화_20170828.xlsx,934,2026-04-30,이미 있음(동일)
E:\기존 서류\이광재 부장 서류\자격인증\특수공정 자격 인증서(2023) (용접팀).xls,04_교육,폴더 지정(자격인증),E:\SHINHWA\04_교육\2026\특수공정 자격 인증서(2023) (용접팀).xls,11023,2026-04-30,이미 있음(동일)
E:\기존 서류\이광재 부장 서류\관리대장(1)\관리대장\특별특성 관리대장.XLS,99_미분류_확인필요,키워드 없음,E:\SHINHWA\99_미분류_확인필요\2026\특별특성 관리대장.XLS,35,2026-06-10,이미 있음(동일)
E:\기존 서류\이광재 부장 서류\관리대장\관리대장\특별특성 관리대장.XLS,99_미분류_확인필요,키워드 없음,E:\SHINHWA\99_미분류_확인필요\2026\특별특성 관리대장.XLS,35,2026-06-10,이미 있음(동일)
E:\기존 서류\이광재 부장 서류\기존 내부 감사 서류\2024년 공정심사 CHECK SHEET.xlsx,99_미분류_확인필요,키워드 없음,E:\SHINHWA\99_미분류_확인필요\2026\2024년 공정심사 CHECK SHEET.xlsx,25,2026-06-02,이미 있음(동일)
E:\기존 서류\이광재 부장 서류\기존 내부 감사 서류\2024년 내부감사계획.xlsx,99_미분류_확인필요,키워드 없음,E:\SHINHWA\99_미분류_확인필요\2026\2024년 내부감사계획.xlsx,66,2026-06-02,이미 있음(동일)
E:\기존 서류\이광재 부장 서류\기존 내부 감사 서류\2024년 내부감사계획보고서.xlsx,99_미분류_확인필요,키워드 없음,E:\SHINHWA\99_미분류_확인필요\2026\2024년 내부감사계획보고서.xlsx,331,2026-06-02,이미 있음(동일)
E:\기존 서류\이광재 부장 서류\기존 내부 감사 서류\2024년 내부감사세부계획서.xlsx,99_미분류_확인필요,키워드 없음,E:\SHINHWA\99_미분류_확인필요\2026\2024년 내부감사세부계획서.xlsx,63,2026-06-02,이미 있음(동일)
E:\기존 서류\이광재 부장 서류\기존 내부 감사 서류\2024년 시스템심사.xlsx,99_미분류_확인필요,키워드 없음,E:\SHINHWA\99_미분류_확인필요\2026\2024년 시스템심사.xlsx,31,2026-06-02,이미 있음(동일)
E:\기존 서류\이광재 부장 서류\기존 내부 감사 서류\2024년 제품심사 CHECK SHEET.xlsx,99_미분류_확인필요,키워드 없음,E:\SHINHWA\99_미분류_확인필요\2026\2024년 제품심사 CHECK SHEET.xlsx,20,2026-06-02,이미 있음(동일)
E:\기존 서류\이광재 부장 서류\기존 내부 감사 서류\20260528_2024년 내부감사.zip,99_미분류_확인필요,키워드 없음,E:\SHINHWA\99_미분류_확인필요\2026\20260528_2024년 내부감사.zip,15601,2026-05-28,이미 있음(동일)
E:\기존 서류\이광재 부장 서류\기존 내부 감사 서류\내부감사 지적사항.xls,99_미분류_확인필요,키워드 없음,E:\SHINHWA\99_미분류_확인필요\2026\내부감사 지적사항.xls,4187,2026-06-02,이미 있음(동일)
E:\기존 서류\이광재 부장 서류\기존 내부 감사 서류\내부심사원 자격 인증서.xls,99_미분류_확인필요,키워드 없음,E:\SHINHWA\99_미분류_확인필요\2026\내부심사원 자격 인증서.xls,11529,2026-06-02,이미 있음(동일)
E:\기존 서류\이광재 부장 서류\기존 내부 감사 서류\자격인증등록대장.xls,99_미분류_확인필요,키워드 없음,E:\SHINHWA\99_미분류_확인필요\2026\자격인증등록대장.xls,45,2026-06-02,이미 있음(동일)
"E:\기존 서류\이광재 부장 서류\기존서류 2\자재,출하 관리(1)\출하검사 기준서 1 (1).xlsx",99_미분류_확인필요,여러 모듈(파일명): production/quality,E:\SHINHWA\99_미분류_확인필요\2026\출하검사 기준서 1 (1).xlsx,1294,2026-06-10,이미 있음(동일)
"E:\기존 서류\이광재 부장 서류\기존서류 2\자재,출하 관리(1)\출하검사기준서(상무님) (1).xls",99_미분류_확인필요,여러 모듈(파일명): production/quality,E:\SHINHWA\99_미분류_확인필요\2026\출하검사기준서(상무님) (1).xls,229,2026-06-10,이미 있음(동일)
"E:\기존 서류\이광재 부장 서류\기존서류 2\자재,출하 관리\출하검사 기준서 1 (1).xlsx",99_미분류_확인필요,여러 모듈(파일명): production/quality,E:\SHINHWA\99_미분류_확인필요\2026\출하검사 기준서 1 (1).xlsx,1294,2026-06-10,이미 있음(동일)
"E:\기존 서류\이광재 부장 서류\기존서류 2\자재,출하 관리\출하검사기준서(상무님) (1).xls",99_미분류_확인필요,여러 모듈(파일명): production/quality,E:\SHINHWA\99_미분류_확인필요\2026\출하검사기준서(상무님) (1).xls,229,2026-06-10,이미 있음(동일)
E:\기존 서류\이광재 부장 서류\기존서류 2\초기유동관리(1)\MQ4 초기 유동관리 계획서.pptx,99_미분류_확인필요,키워드 없음,E:\SHINHWA\99_미분류_확인필요\2026\MQ4 초기 유동관리 계획서.pptx,61,2026-06-10,이미 있음(동일)
E:\기존 서류\이광재 부장 서류\기존서류 2\초기유동관리\MQ4 초기 유동관리 계획서.pptx,99_미분류_확인필요,키워드 없음,E:\SHINHWA\99_미분류_확인필요\2026\MQ4 초기 유동관리 계획서.pptx,61,2026-06-10,이미 있음(동일)
E:\기존 서류\황지환\평가\10. 비상계획 - 협력사 비상대책\(생관)협력업체목록표.xlsx,99_미분류_확인필요,키워드 없음,E:\SHINHWA\99_미분류_확인필요\2024\(생관)협력업체목록표.xlsx,86,2024-10-24,이미 있음(동일)
E:\기존 서류\황지환\평가\10. 비상계획 - 협력사 비상대책\4. 비상계획.ppt,99_미분류_확인필요,키워드 없음,E:\SHINHWA\99_미분류_확인필요\2024\4. 비상계획.ppt,1911,2024-11-22,이미 있음(동일)
E:\기존 서류\황지환\평가\24년도 협력업체 담당자현황.xlsx,99_미분류_확인필요,키워드 없음,E:\SHINHWA\99_미분류_확인필요\2025\24년도 협력업체 담당자현황.xlsx,19,2025-08-27,이미 있음(동일)
E:\기존 서류\황지환\평가\4. 적용시점\-고산 양산 준비 회의록.pdf,99_미분류_확인필요,키워드 없음,E:\SHINHWA\99_미분류_확인필요\2024\-고산 양산 준비 회의록.pdf,47,2024-11-21,이미 있음(동일)
E:\기존 서류\황지환\평가\4. 적용시점\25년도 MASTER LIST.xlsx,99_미분류_확인필요,키워드 없음,E:\SHINHWA\99_미분류_확인필요\2025\25년도 MASTER LIST.xlsx,24,2025-02-23,이미 있음(동일)
E:\기존 서류\황지환\평가\4. 적용시점\단산관련 회의록.xlsx,99_미분류_확인필요,키워드 없음,E:\SHINHWA\99_미분류_확인필요\2024\단산관련 회의록.xlsx,340,2024-11-22,이미 있음(동일)
E:\기존 서류\황지환\평가\4. 적용시점\변경점 관리.xlsx,99_미분류_확인필요,키워드 없음,E:\SHINHWA\99_미분류_확인필요\2025\변경점 관리.xlsx,40,2025-02-07,이미 있음(동일)
E:\기존 서류\황지환\평가\4. 적용시점\세원ITEM 단산시점\BDM단종 관련 공문.pdf,99_미분류_확인필요,키워드 없음,E:\SHINHWA\99_미분류_확인필요\2024\BDM단종 관련 공문.pdf,353,2024-06-16,이미 있음(동일)
E:\기존 서류\황지환\평가\4. 적용시점\세원ITEM 단산시점\Item 단산 시점 현황_231212.xlsx,99_미분류_확인필요,키워드 없음,E:\SHINHWA\99_미분류_확인필요\2024\Item 단산 시점 현황_231212.xlsx,28,2024-06-18,이미 있음(동일)
E:\기존 서류\황지환\평가\4. 적용시점\세원ITEM 단산시점\RE_ RE_RE_P702 Header 단산관련 고객사 Forecast 정보 공유._files\IMG_153337.jpg,99_미분류_확인필요,키워드 없음,E:\SHINHWA\99_미분류_확인필요\2024\IMG_153337.jpg,33,2024-06-16,이미 있음(동일)
E:\기존 서류\황지환\평가\4. 적용시점\세원ITEM 단산시점\RE_ RE_RE_P702 Header 단산관련 고객사 Forecast 정보 공유._files\auth.gif,99_미분류_확인필요,키워드 없음,E:\SHINHWA\99_미분류_확인필요\2024\auth.gif,0,2024-06-16,이미 있음(동일)
E:\기존 서류\황지환\평가\4. 적용시점\세원ITEM 단산시점\RE_ RE_RE_P702 Header 단산관련 고객사 Forecast 정보 공유._files\index-CLs4Htuy.js.다운로드,99_미분류_확인필요,키워드 없음,E:\SHINHWA\99_미분류_확인필요\2024\index-CLs4Htuy.js.다운로드,2088,2024-06-16,이미 있음(동일)
E:\기존 서류\황지환\평가\4. 적용시점\세원ITEM 단산시점\RE_ RE_RE_P702 Header 단산관련 고객사 Forecast 정보 공유._files\index-k-Pp5mrW.css,99_미분류_확인필요,키워드 없음,E:\SHINHWA\99_미분류_확인필요\2024\index-k-Pp5mrW.css,377,2024-06-16,이미 있음(동일)
E:\기존 서류\황지환\평가\4. 적용시점\세원ITEM 단산시점\RE_ RE_RE_P702 Header 단산관련 고객사 Forecast 정보 공유._files\polyfills-legacy-D-vYY99o.js.다운로드,99_미분류_확인필요,키워드 없음,E:\SHINHWA\99_미분류_확인필요\2024\polyfills-legacy-D-vYY99o.js.다운로드,150,2024-06-16,이미 있음(동일)
E:\기존 서류\황지환\평가\4. 적용시점\세원ITEM 단산시점\RE_ RE_RE_P702 Header 단산관련 고객사 Forecast 정보 공유._files\print-Dt_cUBd5.css,99_미분류_확인필요,키워드 없음,E:\SHINHWA\99_미분류_확인필요\2024\print-Dt_cUBd5.css,1,2024-06-16,이미 있음(동일)
E:\기존 서류\황지환\평가\4. 적용시점\세원ITEM 단산시점\RE_ RE_RE_P702 Header 단산관련 고객사 Forecast 정보 공유._files\recv_check(1).ashx,99_미분류_확인필요,키워드 없음,E:\SHINHWA\99_미분류_확인필요\2024\recv_check(1).ashx,0,2024-06-16,이미 있음(동일)
E:\기존 서류\황지환\평가\4. 적용시점\세원ITEM 단산시점\RE_ RE_RE_P702 Header 단산관련 고객사 Forecast 정보 공유._files\recv_check.ashx,99_미분류_확인필요,키워드 없음,E:\SHINHWA\99_미분류_확인필요\2024\recv_check.ashx,0,2024-06-16,이미 있음(동일)
E:\기존 서류\황지환\평가\4. 적용시점\세원ITEM 단산시점\RE_ RE_RE_P702 Header 단산관련 고객사 Forecast 정보 공유._files\saved_resource.html,99_미분류_확인필요,키워드 없음,E:\SHINHWA\99_미분류_확인필요\2024\saved_resource.html,0,2024-06-16,이미 있음(동일)
E:\기존 서류\황지환\평가\4. 적용시점\세원ITEM 단산시점\RE_ RE_RE_P702 Header 단산관련 고객사 Forecast 정보 공유._files\tiara.min.js.다운로드,99_미분류_확인필요,키워드 없음,E:\SHINHWA\99_미분류_확인필요\2024\tiara.min.js.다운로드,20,2024-06-16,이미 있음(동일)
E:\기존 서류\황지환\평가\4. 적용시점\세원ITEM 단산시점\RE_ RE_RE_P702 Header 단산관련 고객사 Forecast 정보 공유._files\전달 이미지,99_미분류_확인필요,키워드 없음,E:\SHINHWA\99_미분류_확인필요\2024\전달 이미지,26,2024-06-16,이미 있음(동일)
E:\기존 서류\황지환\평가\4. 적용시점\세원ITEM 단산시점\RE_ RE_RE_P702 Header 단산관련 고객사 Forecast 정보 공유._files\전달 이미지(1),99_미분류_확인필요,키워드 없음,E:\SHINHWA\99_미분류_확인필요\2024\전달 이미지(1),28,2024-06-16,이미 있음(동일)
E:\기존 서류\황지환\평가\4. 적용시점\신화에이치앤티_양산관련 회의록_240829.xlsx,99_미분류_확인필요,키워드 없음,E:\SHINHWA\99_미분류_확인필요\2024\신화에이치앤티_양산관련 회의록_240829.xlsx,17,2024-10-21,이미 있음(동일)
E:\기존 서류\황지환\평가\4. 적용시점\장기계획 양산제품시점관리(sop&eop)20240530(REV3).xlsx,99_미분류_확인필요,키워드 없음,E:\SHINHWA\99_미분류_확인필요\2025\장기계획 양산제품시점관리(sop&eop)20240530(REV3).xlsx,654,2025-02-23,이미 있음(동일)
E:\기존 서류\황지환\평가\4. 적용시점\적용시점 관리대장.xlsx,99_미분류_확인필요,키워드 없음,E:\SHINHWA\99_미분류_확인필요\2025\적용시점 관리대장.xlsx,462,2025-02-07,이미 있음(동일)
E:\기존 서류\황지환\평가\4. 적용시점\적용시점관리.xlsx,99_미분류_확인필요,키워드 없음,E:\SHINHWA\99_미분류_확인필요\2025\적용시점관리.xlsx,20,2025-02-07,이미 있음(동일)
E:\기존 서류\황지환\평가\5. 원단위 관리(완)\10.고산.xls,99_미분류_확인필요,키워드 없음,E:\SHINHWA\99_미분류_확인필요\2025\10.고산.xls,2840,2025-01-07,이미 있음(동일)
E:\기존 서류\황지환\평가\5. 원단위 관리(완)\11.대한냉열.xls,99_미분류_확인필요,키워드 없음,E:\SHINHWA\99_미분류_확인필요\2025\11.대한냉열.xls,2836,2025-01-07,이미 있음(동일)
E:\기존 서류\황지환\평가\5. 원단위 관리(완)\2.HP BOM1_Rev1.xls,99_미분류_확인필요,키워드 없음,E:\SHINHWA\99_미분류_확인필요\2024\2.HP BOM1_Rev1.xls,5586,2024-10-24,이미 있음(동일)
E:\기존 서류\황지환\평가\5. 원단위 관리(완)\24년 원단위 점검계획서.xlsx,99_미분류_확인필요,키워드 없음,E:\SHINHWA\99_미분류_확인필요\2024\24년 원단위 점검계획서.xlsx,23,2024-10-21,이미 있음(동일)
E:\기존 서류\황지환\평가\5. 원단위 관리(완)\3.HP BOM2_Rev1.xls,99_미분류_확인필요,키워드 없음,E:\SHINHWA\99_미분류_확인필요\2025\3.HP BOM2_Rev1.xls,3678,2025-02-21,이미 있음(동일)
E:\기존 서류\황지환\평가\5. 원단위 관리(완)\4.EVAP PIPE ASSY BOM_Rev1.xls,99_미분류_확인필요,키워드 없음,E:\SHINHWA\99_미분류_확인필요\2024\4.EVAP PIPE ASSY BOM_Rev1.xls,3125,2024-10-21,이미 있음(동일)
E:\기존 서류\황지환\평가\5. 원단위 관리(완)\5.HEADER ASSY BOM_Rev1.xls,99_미분류_확인필요,키워드 없음,E:\SHINHWA\99_미분류_확인필요\2024\5.HEADER ASSY BOM_Rev1.xls,1222,2024-10-24,이미 있음(동일)
E:\기존 서류\황지환\평가\5. 원단위 관리(완)\6.후성 이관 H.COND BOM.xlsx,99_미분류_확인필요,키워드 없음,E:\SHINHWA\99_미분류_확인필요\2024\6.후성 이관 H.COND BOM.xlsx,146,2024-03-21,이미 있음(동일)
E:\기존 서류\황지환\평가\5. 원단위 관리(완)\7.COND PIPE BOM.xls,99_미분류_확인필요,키워드 없음,E:\SHINHWA\99_미분류_확인필요\2025\7.COND PIPE BOM.xls,5296,2025-02-21,이미 있음(동일)
E:\기존 서류\황지환\평가\5. 원단위 관리(완)\8.포레시아 SUS BOM_Rev1.xls,99_미분류_확인필요,키워드 없음,E:\SHINHWA\99_미분류_확인필요\2024\8.포레시아 SUS BOM_Rev1.xls,5210,2024-10-24,이미 있음(동일)
E:\기존 서류\황지환\평가\5. 원단위 관리(완)\9.융진 SUS BOM_Rev1.xls,99_미분류_확인필요,키워드 없음,E:\SHINHWA\99_미분류_확인필요\2024\9.융진 SUS BOM_Rev1.xls,5552,2024-10-24,이미 있음(동일)
E:\기존 서류\황지환\평가\5. 원단위 관리(완)\원단위 점검.xls,99_미분류_확인필요,키워드 없음,E:\SHINHWA\99_미분류_확인필요\2024\원단위 점검.xls,6701,2024-11-25,이미 있음(동일)
E:\기존 서류\황지환\평가\CAPA분석방법양식.xls,99_미분류_확인필요,키워드 없음,E:\SHINHWA\99_미분류_확인필요\2024\CAPA분석방법양식.xls,55,2024-10-07,이미 있음(동일)
E:\기존 서류\황지환\평가\JM실태 현황.xlsx,99_미분류_확인필요,키워드 없음,E:\SHINHWA\99_미분류_확인필요\2026\JM실태 현황.xlsx,861,2026-06-04,이미 있음(동일)
E:\기존 서류\황지환\평가\[생관]매출인건비관리2024 보고서 최종본 - 복사본.xlsx,99_미분류_확인필요,키워드 없음,E:\SHINHWA\99_미분류_확인필요\2024\[생관]매출인건비관리2024 보고서 최종본 - 복사본.xlsx,40,2024-10-17,이미 있음(동일)
E:\기존 서류\황지환\평가\kpi\(생관)매출인건비관리2025 보고서.xlsx,99_미분류_확인필요,키워드 없음,E:\SHINHWA\99_미분류_확인필요\2025\(생관)매출인건비관리2025 보고서.xlsx,33,2025-03-07,이미 있음(동일)
E:\기존 서류\황지환\평가\kpi\2025주간인건비계산.xlsx,99_미분류_확인필요,키워드 없음,E:\SHINHWA\99_미분류_확인필요\2025\2025주간인건비계산.xlsx,192,2025-05-30,이미 있음(동일)
E:\기존 서류\황지환\평가\kpi\생관 주간 KPI보고서.xlsx,99_미분류_확인필요,키워드 없음,E:\SHINHWA\99_미분류_확인필요\2025\생관 주간 KPI보고서.xlsx,33,2025-05-30,이미 있음(동일)
E:\기존 서류\황지환\평가\kpi\설비별가동율.xlsx,99_미분류_확인필요,여러 모듈(파일명): equipment/production,E:\SHINHWA\99_미분류_확인필요\2025\설비별가동율.xlsx,290,2025-05-27,이미 있음(동일)
E:\기존 서류\황지환\평가\고객사및협력업체 정보.xlsx,99_미분류_확인필요,키워드 없음,E:\SHINHWA\99_미분류_확인필요\2024\고객사및협력업체 정보.xlsx,30,2024-10-14,이미 있음(동일)
"E:\기존 서류\황지환\평가\매\AD, PD RHD EP 빽비드 추가.xls",99_미분류_확인필요,키워드 없음,"E:\SHINHWA\99_미분류_확인필요\2024\AD, PD RHD EP 빽비드 추가.xls",227,2024-06-12,이미 있음(동일)
E:\기존 서류\황지환\평가\매\CN7 EP 브라켓 삭제 인슐 추가.xls,99_미분류_확인필요,키워드 없음,E:\SHINHWA\99_미분류_확인필요\2024\CN7 EP 브라켓 삭제 인슐 추가.xls,133,2024-06-11,이미 있음(동일)
E:\기존 서류\황지환\평가\매\CN7 HP 안장부 길이 축소.xls,99_미분류_확인필요,키워드 없음,E:\SHINHWA\99_미분류_확인필요\2024\CN7 HP 안장부 길이 축소.xls,100,2024-06-11,이미 있음(동일)
E:\기존 서류\황지환\평가\매\HTR PIPE 인슐레이션 내외경 축소.xls,99_미분류_확인필요,키워드 없음,E:\SHINHWA\99_미분류_확인필요\2024\HTR PIPE 인슐레이션 내외경 축소.xls,91,2024-06-11,이미 있음(동일)
E:\기존 서류\황지환\평가\매\US4 REAR 브라켓 원가절감 설계변경.xls,99_미분류_확인필요,키워드 없음,E:\SHINHWA\99_미분류_확인필요\2024\US4 REAR 브라켓 원가절감 설계변경.xls,162,2024-06-11,이미 있음(동일)
E:\기존 서류\황지환\평가\매\적용시점 관리대장.xlsx,99_미분류_확인필요,키워드 없음,E:\SHINHWA\99_미분류_확인필요\2024\적용시점 관리대장.xlsx,124,2024-05-29,이미 있음(동일)
E:\기존 서류\황지환\평가\신화H&T점검개선필요사항 개선현황 20240703 [자동 저장].pptx,99_미분류_확인필요,키워드 없음,E:\SHINHWA\99_미분류_확인필요\2024\신화H&T점검개선필요사항 개선현황 20240703 [자동 저장].pptx,146908,2024-07-02,이미 있음(동일)
E:\기존 서류\황지환\평가\신화H&T점검개선필요사항 협력사 송부-0619.pptx,99_미분류_확인필요,키워드 없음,E:\SHINHWA\99_미분류_확인필요\2024\신화H&T점검개선필요사항 협력사 송부-0619.pptx,2320,2024-06-24,이미 있음(동일)
E:\기존 서류\황지환\평가\지적사항 현황 보고 (240625)1.ppt,99_미분류_확인필요,키워드 없음,E:\SHINHWA\99_미분류_확인필요\2024\지적사항 현황 보고 (240625)1.ppt,39690,2024-06-29,이미 있음(동일)
E:\기존 서류\황지환\평가\협력사 납기 준수율.xlsx,99_미분류_확인필요,키워드 없음,E:\SHINHWA\99_미분류_확인필요\2024\협력사 납기 준수율.xlsx,467,2024-10-22,이미 있음(동일)
E:\수정본_승인대기\SHINHWA_IATF16949_5단계_QM-QP-WI-FM_CrossReference_최종검증_Rev00.xlsx,99_미분류_확인필요,키워드 없음,E:\SHINHWA\99_미분류_확인필요\2026\SHINHWA_IATF16949_5단계_QM-QP-WI-FM_CrossReference_최종검증_Rev00.xlsx,31,2026-09-03,이미 있음(동일)
E:\수정본_승인대기\SHINHWA_IATF16949_6단계_FM001-FM100_Master_Rev02_최종정비_승인준비본.xlsx,99_미분류_확인필요,키워드 없음,E:\SHINHWA\99_미분류_확인필요\2026\SHINHWA_IATF16949_6단계_FM001-FM100_Master_Rev02_최종정비_승인준비본.xlsx,54,2026-09-03,이미 있음(동일)
E:\수정본_승인대기\SHINHWA_IATF16949_7단계_Rev00_Obsolete_회수폐기_신구대조_Rev00.xlsx,99_미분류_확인필요,키워드 없음,E:\SHINHWA\99_미분류_확인필요\2026\SHINHWA_IATF16949_7단계_Rev00_Obsolete_회수폐기_신구대조_Rev00.xlsx,48,2026-09-03,이미 있음(동일)
E:\수정본_승인대기\SHINHWA_IATF16949_8단계_최종발행_보관Index_승인대기_Rev00.pdf,99_미분류_확인필요,키워드 없음,E:\SHINHWA\99_미분류_확인필요\2026\SHINHWA_IATF16949_8단계_최종발행_보관Index_승인대기_Rev00.pdf,82,2026-09-03,이미 있음(동일)
E:\수정본_승인대기\SHINHWA_IATF16949_8단계_최종발행_심사보관_ReleaseGate_Rev00.xlsx,99_미분류_확인필요,키워드 없음,E:\SHINHWA\99_미분류_확인필요\2026\SHINHWA_IATF16949_8단계_최종발행_심사보관_ReleaseGate_Rev00.xlsx,37,2026-09-03,이미 있음(동일)
E:\수정본_승인본 - PPT수정\QM001_ACTIVE_HANCOM_EDIT.docx,99_미분류_확인필요,키워드 없음,E:\SHINHWA\99_미분류_확인필요\2026\QM001_ACTIVE_HANCOM_EDIT.docx,90,2026-09-04,이미 있음(동일)
E:\수정본_승인본 - PPT수정\QP001-025_HANCOM_EDIT.docx,99_미분류_확인필요,키워드 없음,E:\SHINHWA\99_미분류_확인필요\2026\QP001-025_HANCOM_EDIT.docx,111,2026-09-04,이미 있음(동일)
E:\수정본_승인본 - PPT수정\새 폴더\FM_MASTER_REV00_INITIAL_FINAL_QA.xlsx,99_미분류_확인필요,키워드 없음,E:\SHINHWA\99_미분류_확인필요\2026\FM_MASTER_REV00_INITIAL_FINAL_QA.xlsx,38,2026-09-04,이미 있음(동일)
E:\수정본_승인본 - PPT수정\새 폴더\QP001-025_REV00_INITIAL_ACTIVE_FINAL_QA.docx,99_미분류_확인필요,키워드 없음,E:\SHINHWA\99_미분류_확인필요\2026\QP001-025_REV00_INITIAL_ACTIVE_FINAL_QA.docx,91,2026-09-04,이미 있음(동일)
E:\수정본_승인본 - PPT수정\새 폴더\QP001-025_REV00_INITIAL_ACTIVE_FINAL_QA.pdf,99_미분류_확인필요,키워드 없음,E:\SHINHWA\99_미분류_확인필요\2026\QP001-025_REV00_INITIAL_ACTIVE_FINAL_QA.pdf,1672,2026-09-04,이미 있음(동일)
E:\수정본_승인본 - PPT수정\새 폴더\WI001-030_REV00_INITIAL_ACTIVE_FINAL_QA.pdf,99_미분류_확인필요,키워드 없음,E:\SHINHWA\99_미분류_확인필요\2026\WI001-030_REV00_INITIAL_ACTIVE_FINAL_QA.pdf,849,2026-09-04,이미 있음(동일)
E:\작성중\2026년 신화 H&T 전체 일정 (9).xlsx,99_미분류_확인필요,키워드 없음,E:\SHINHWA\99_미분류_확인필요\2026\2026년 신화 H&T 전체 일정 (9).xlsx,744,2026-08-06,이미 있음(동일)
E:\작성중\공장 레이아웃 설계 및 최적화 전략.pptx,99_미분류_확인필요,키워드 없음,E:\SHINHWA\99_미분류_확인필요\2026\공장 레이아웃 설계 및 최적화 전략.pptx,1358,2026-08-10,이미 있음(동일)
E:\작성중\회사 소개서\SHINHWA_HNT_2026_Business_Plan_Premium_Rev01.pptx,99_미분류_확인필요,키워드 없음,E:\SHINHWA\99_미분류_확인필요\2026\SHINHWA_HNT_2026_Business_Plan_Premium_Rev01.pptx,58,2026-08-10,이미 있음(동일)
E:\작성중\회사 소개서\SHINHWA_HNT_2026_Business_Plan_Premium_Rev02_Final.pptx,99_미분류_확인필요,키워드 없음,E:\SHINHWA\99_미분류_확인필요\2026\SHINHWA_HNT_2026_Business_Plan_Premium_Rev02_Final.pptx,61,2026-08-10,이미 있음(동일)
E:\작성중\회사 소개서\SHINHWA_HNT_2026_KPI_Dashboard_Rev01.xlsx,99_미분류_확인필요,키워드 없음,E:\SHINHWA\99_미분류_확인필요\2026\SHINHWA_HNT_2026_KPI_Dashboard_Rev01.xlsx,20,2026-08-10,이미 있음(동일)
E:\작성중\회사 소개서\SHINHWA_HNT_Company_Profile_Premium_V4_Rev01.pptx,99_미분류_확인필요,키워드 없음,E:\SHINHWA\99_미분류_확인필요\2026\SHINHWA_HNT_Company_Profile_Premium_V4_Rev01.pptx,468,2026-08-10,이미 있음(동일)
E:\작성중\회사 소개서\SHINHWA_HNT_Company_Profile_Premium_V4_Rev02.pptx,99_미분류_확인필요,키워드 없음,E:\SHINHWA\99_미분류_확인필요\2026\SHINHWA_HNT_Company_Profile_Premium_V4_Rev02.pptx,7501,2026-08-10,이미 있음(동일)
E:\작성중\회사 소개서\SHINHWA_HNT_Company_Profile_Premium_V4_Rev03_Final.pptx,99_미분류_확인필요,키워드 없음,E:\SHINHWA\99_미분류_확인필요\2026\SHINHWA_HNT_Company_Profile_Premium_V4_Rev03_Final.pptx,7503,2026-08-10,이미 있음(동일)
E:\작성중\회사 소개서\SHINHWA_HNT_Product_Catalog_Premium_Rev01.pptx,99_미분류_확인필요,키워드 없음,E:\SHINHWA\99_미분류_확인필요\2026\SHINHWA_HNT_Product_Catalog_Premium_Rev01.pptx,6881,2026-08-10,이미 있음(동일)
E:\작성중\회사 소개서\SHINHWA_HNT_Product_Catalog_Premium_Rev02_Final.pptx,99_미분류_확인필요,키워드 없음,E:\SHINHWA\99_미분류_확인필요\2026\SHINHWA_HNT_Product_Catalog_Premium_Rev02_Final.pptx,6884,2026-08-10,이미 있음(동일)
